CustomerID,Gender,SeniorCitizen,Partner,Dependents,Tenure,InternetService,OnlineSecurity,OnlineBackup,DeviceProtection,TechSupport,StreamingTV,StreamingMovies,Contract,PaperlessBilling,PaymentMethod,MonthlyCharges,TotalCharges,Churn
CUST-10000,Male,0,No,No,2,Fiber optic,No,Yes,Yes,Yes,Yes,Yes,Month-to-month,No,Credit card (automatic),116.1,212.71,Yes
CUST-10001,Female,0,No,Yes,44,Fiber optic,Yes,No,No,Yes,No,No,One year,Yes,Mailed check,82.25,3631.89,No
CUST-10002,Male,0,Yes,No,64,No,No internet service,No internet service,No internet service,No internet service,No internet service,No internet service,One year,No,Electronic check,18.84,1174.31,No
CUST-10003,Male,0,No,Yes,28,Fiber optic,No,No,Yes,Yes,Yes,Yes,Month-to-month,No,Credit card (automatic),106.49,2964.68,No
CUST-10004,Male,0,Yes,No,54,Fiber optic,No,No,Yes,No,No,Yes,Month-to-month,Yes,Bank transfer (automatic),89.57,4805.46,No
CUST-10005,Female,0,Yes,No,67,DSL,No,Yes,No,Yes,Yes,No,One year,Yes,Mailed check,80.48,5374.06,No
CUST-10006,Male,0,Yes,No,36,No,No internet service,No internet service,No internet service,No internet service,No internet service,No internet service,Two year,Yes,Electronic check,22.59,836.04,No
CUST-10007,Male,0,Yes,No,63,DSL,No,Yes,No,No,Yes,Yes,Month-to-month,Yes,Electronic check,79.21,4978.11,No
CUST-10008,Male,0,Yes,No,25,DSL,No,Yes,No,No,No,No,One year,Yes,Bank transfer (automatic),54.26,1374.79,No
CUST-10009,Female,0,No,Yes,48,DSL,Yes,Yes,No,No,Yes,Yes,Month-to-month,Yes,Mailed check,83.88,4014.62,No
CUST-10010,Male,0,Yes,Yes,39,Fiber optic,No,Yes,Yes,No,No,No,Two year,No,Mailed check,84.88,3339.14,No
CUST-10011,Male,0,No,No,47,No,No internet service,No internet service,No internet service,No internet service,No internet service,No internet service,Month-to-month,Yes,Electronic check,18.5,876.48,No
CUST-10012,Male,0,No,Yes,21,Fiber optic,No,Yes,No,Yes,No,Yes,One year,No,Mailed check,89.87,1878.06,No
CUST-10013,Male,0,Yes,No,30,DSL,No,No,Yes,No,Yes,Yes,Month-to-month,No,Credit card (automatic),74.29,2225.46,No
CUST-10014,Female,0,Yes,No,31,DSL,Yes,No,No,Yes,Yes,No,One year,No,Credit card (automatic),71.45,2186.12,No
CUST-10015,Male,0,Yes,No,26,Fiber optic,Yes,No,No,No,No,Yes,Two year,Yes,Electronic check,84.42,2184.7,Yes
CUST-10016,Female,0,No,No,22,DSL,No,Yes,Yes,Yes,No,No,One year,Yes,Bank transfer (automatic),73.24,1639.69,No
CUST-10017,Female,0,Yes,Yes,21,Fiber optic,Yes,No,Yes,No,Yes,No,One year,No,Mailed check,94.84,1998.83,No
CUST-10018,Female,0,Yes,No,1,Fiber optic,No,Yes,No,Yes,No,No,Month-to-month,No,Credit card (automatic),89.25,89.25,No
CUST-10019,Male,0,Yes,No,37,No,No internet service,No internet service,No internet service,No internet service,No internet service,No internet service,Two year,No,Bank transfer (automatic),21.28,783.94,No
CUST-10020,Female,0,No,No,46,Fiber optic,No,Yes,No,Yes,No,No,One year,No,Credit card (automatic),79.64,3666.8,No
CUST-10021,Male,1,No,No,9,DSL,No,No,Yes,No,Yes,Yes,Two year,Yes,Credit card (automatic),74.3,683.71,Yes
CUST-10022,Female,0,Yes,Yes,17,No,No internet service,No internet service,No internet service,No internet service,No internet service,No internet service,Month-to-month,Yes,Electronic check,19.31,320.77,No
CUST-10023,Female,0,No,No,47,Fiber optic,No,No,Yes,No,Yes,Yes,Month-to-month,Yes,Bank transfer (automatic),100.21,4707.47,No
CUST-10024,Female,0,No,No,59,No,No internet service,No internet service,No internet service,No internet service,No internet service,No internet service,Month-to-month,No,Mailed check,21.86,1310.39,No
CUST-10025,Female,0,No,No,54,DSL,Yes,No,No,No,Yes,No,Month-to-month,Yes,Electronic check,62.72,3382.01,Yes
CUST-10026,Female,0,No,Yes,12,Fiber optic,No,No,No,No,No,No,Month-to-month,No,Electronic check,66.66,785.35,Yes
CUST-10027,Female,1,No,No,64,No,No internet service,No internet service,No internet service,No internet service,No internet service,No internet service,Two year,No,Electronic check,18.5,1200.71,No
CUST-10028,Female,0,No,No,6,DSL,No,No,No,Yes,No,No,One year,No,Credit card (automatic),54.29,342.83,No
CUST-10029,Female,0,No,Yes,53,Fiber optic,Yes,Yes,No,No,Yes,Yes,Two year,Yes,Electronic check,100.64,5290.7,No
CUST-10030,Male,0,Yes,No,16,DSL,No,Yes,Yes,No,No,Yes,Month-to-month,Yes,Credit card (automatic),74.33,1194.46,Yes
CUST-10031,Male,0,Yes,No,5,Fiber optic,Yes,No,Yes,No,Yes,Yes,Month-to-month,No,Bank transfer (automatic),102.89,494.3,Yes
CUST-10032,Female,0,Yes,No,46,No,No internet service,No internet service,No internet service,No internet service,No internet service,No internet service,Two year,Yes,Bank transfer (automatic),18.57,862.22,No
CUST-10033,Female,0,No,No,14,Fiber optic,Yes,No,Yes,Yes,Yes,Yes,Month-to-month,Yes,Electronic check,110.08,1560.17,No
CUST-10034,Female,0,No,Yes,44,No,No internet service,No internet service,No internet service,No internet service,No internet service,No internet service,Month-to-month,Yes,Mailed check,18.5,826.38,No
CUST-10035,Male,0,Yes,No,63,Fiber optic,No,Yes,No,Yes,No,Yes,Two year,Yes,Mailed check,91.94,5806.58,No
CUST-10036,Female,0,No,No,52,No,No internet service,No internet service,No internet service,No internet service,No internet service,No internet service,Month-to-month,Yes,Electronic check,20.93,1075.15,No
CUST-10037,Male,0,Yes,No,26,Fiber optic,Yes,Yes,Yes,No,Yes,No,Month-to-month,No,Credit card (automatic),104.75,2714.35,Yes
CUST-10038,Male,0,Yes,No,53,DSL,Yes,No,Yes,No,Yes,Yes,Two year,No,Bank transfer (automatic),86.04,4571.97,No
CUST-10039,Male,0,No,No,29,Fiber optic,No,No,No,Yes,Yes,Yes,Month-to-month,No,Electronic check,94.07,2729.45,Yes
CUST-10040,Male,0,Yes,Yes,19,Fiber optic,No,No,Yes,No,No,Yes,Two year,Yes,Credit card (automatic),89.53,1670.2,No
CUST-10041,Male,0,Yes,No,47,No,No internet service,No internet service,No internet service,No internet service,No internet service,No internet service,Month-to-month,No,Electronic check,20.53,982.74,No
CUST-10042,Female,0,No,No,8,Fiber optic,Yes,No,Yes,No,No,Yes,One year,No,Mailed check,92.61,711.61,No
CUST-10043,Female,0,No,No,23,Fiber optic,Yes,Yes,Yes,No,Yes,No,Month-to-month,No,Bank transfer (automatic),105.66,2436.68,Yes
CUST-10044,Female,0,Yes,No,35,No,No internet service,No internet service,No internet service,No internet service,No internet service,No internet service,One year,No,Electronic check,18.54,653.05,No
CUST-10045,Female,0,No,No,53,No,No internet service,No internet service,No internet service,No internet service,No internet service,No internet service,Month-to-month,No,Bank transfer (automatic),21.58,1167.37,No
CUST-10046,Female,0,No,No,58,Fiber optic,No,No,No,No,No,No,Two year,Yes,Bank transfer (automatic),72.31,4189.26,No
CUST-10047,Male,0,Yes,Yes,5,No,No internet service,No internet service,No internet service,No internet service,No internet service,No internet service,Month-to-month,No,Bank transfer (automatic),18.5,51.92,No
CUST-10048,Female,0,Yes,No,16,Fiber optic,Yes,No,No,No,No,No,Month-to-month,Yes,Electronic check,68.72,1102.39,Yes
CUST-10049,Female,0,No,No,17,DSL,No,Yes,No,No,No,No,One year,Yes,Electronic check,52.01,890.82,No
CUST-10050,Male,0,Yes,No,32,DSL,Yes,Yes,No,Yes,No,Yes,Month-to-month,No,Electronic check,79.76,2573.79,No
CUST-10051,Female,1,No,No,52,No,No internet service,No internet service,No internet service,No internet service,No internet service,No internet service,Month-to-month,Yes,Credit card (automatic),22.69,1169.32,No
CUST-10052,Male,0,No,No,20,DSL,Yes,Yes,No,Yes,Yes,Yes,Month-to-month,Yes,Electronic check,90.62,1826.46,No
CUST-10053,Female,0,No,No,66,Fiber optic,No,No,Yes,No,Yes,Yes,Month-to-month,No,Mailed check,98.59,6524.88,No
CUST-10054,Male,0,Yes,No,1,No,No internet service,No internet service,No internet service,No internet service,No internet service,No internet service,Month-to-month,No,Credit card (automatic),21.0,21.0,No
CUST-10055,Female,1,No,No,58,DSL,No,Yes,Yes,Yes,No,Yes,Month-to-month,Yes,Bank transfer (automatic),78.52,4560.5,No
CUST-10056,Female,0,Yes,No,44,No,No internet service,No internet service,No internet service,No internet service,No internet service,No internet service,Month-to-month,No,Credit card (automatic),19.92,847.04,No
CUST-10057,Male,0,Yes,No,6,No,No internet service,No internet service,No internet service,No internet service,No internet service,No internet service,One year,Yes,Credit card (automatic),21.88,142.56,No
CUST-10058,Male,0,Yes,No,50,No,No internet service,No internet service,No internet service,No internet service,No internet service,No internet service,Month-to-month,Yes,Mailed check,21.41,1074.95,No
CUST-10059,Male,0,Yes,No,72,DSL,No,No,Yes,No,Yes,No,Month-to-month,Yes,Electronic check,71.92,5153.47,No
CUST-10060,Male,0,No,No,20,DSL,No,Yes,Yes,No,Yes,Yes,Two year,Yes,Electronic check,81.25,1617.06,No
CUST-10061,Male,1,Yes,No,14,No,No internet service,No internet service,No internet service,No internet service,No internet service,No internet service,Two year,Yes,Electronic check,18.5,280.7,No
CUST-10062,Male,0,Yes,No,5,DSL,Yes,No,No,No,Yes,No,Month-to-month,Yes,Mailed check,62.89,318.45,Yes
CUST-10063,Male,0,No,Yes,41,Fiber optic,Yes,Yes,No,No,No,Yes,Month-to-month,No,Electronic check,82.8,3381.14,Yes
CUST-10064,Male,0,Yes,Yes,40,Fiber optic,No,No,Yes,Yes,Yes,Yes,Two year,No,Bank transfer (automatic),106.84,4258.24,No
CUST-10065,Female,0,No,No,34,DSL,No,Yes,No,No,No,Yes,Month-to-month,No,Electronic check,66.01,2264.4,Yes
CUST-10066,Female,0,Yes,No,45,No,No internet service,No internet service,No internet service,No internet service,No internet service,No internet service,Month-to-month,No,Electronic check,19.27,857.33,No
CUST-10067,Male,0,No,No,71,Fiber optic,No,Yes,No,No,Yes,No,Month-to-month,Yes,Bank transfer (automatic),83.55,5936.46,No
CUST-10068,Female,0,No,No,71,DSL,No,No,No,No,Yes,No,One year,No,Electronic check,61.65,4368.89,No
CUST-10069,Female,0,Yes,Yes,27,DSL,No,Yes,No,No,No,Yes,Month-to-month,No,Bank transfer (automatic),66.05,1739.11,No
CUST-10070,Female,0,Yes,No,44,DSL,Yes,Yes,No,No,Yes,Yes,One year,Yes,Credit card (automatic),85.63,3754.66,No
CUST-10071,Female,0,Yes,No,33,DSL,No,Yes,Yes,No,No,No,One year,Yes,Credit card (automatic),63.07,2104.07,No
CUST-10072,Male,1,No,No,33,Fiber optic,No,Yes,No,Yes,Yes,Yes,Month-to-month,No,Electronic check,105.26,3516.46,No
CUST-10073,Female,0,Yes,No,44,DSL,Yes,Yes,No,No,Yes,No,Two year,No,Credit card (automatic),75.72,3316.21,No
CUST-10074,Male,1,Yes,Yes,20,Fiber optic,No,Yes,Yes,Yes,Yes,No,Month-to-month,No,Electronic check,100.01,2006.87,Yes
CUST-10075,Female,0,Yes,Yes,36,No,No internet service,No internet service,No internet service,No internet service,No internet service,No internet service,One year,Yes,Bank transfer (automatic),18.7,719.77,No
CUST-10076,Female,0,Yes,No,7,Fiber optic,Yes,Yes,Yes,No,Yes,No,Month-to-month,Yes,Electronic check,102.28,739.98,Yes
CUST-10077,Female,0,Yes,No,32,DSL,Yes,No,No,No,No,No,Month-to-month,Yes,Electronic check,50.32,1585.99,No
CUST-10078,Male,0,No,No,67,No,No internet service,No internet service,No internet service,No internet service,No internet service,No internet service,Month-to-month,No,Credit card (automatic),19.22,1282.45,No
CUST-10079,Female,0,Yes,Yes,39,DSL,No,No,Yes,No,No,Yes,Month-to-month,Yes,Mailed check,66.15,2585.0,No
CUST-10080,Male,0,Yes,Yes,24,No,No internet service,No internet service,No internet service,No internet service,No internet service,No internet service,Month-to-month,Yes,Credit card (automatic),18.5,469.45,No
CUST-10081,Female,0,No,No,70,Fiber optic,No,No,No,No,No,Yes,Month-to-month,Yes,Mailed check,81.59,5687.24,No
CUST-10082,Male,0,No,No,54,Fiber optic,Yes,No,No,No,Yes,Yes,Month-to-month,No,Credit card (automatic),93.29,5053.14,No
CUST-10083,Female,1,Yes,No,38,Fiber optic,No,Yes,No,Yes,Yes,Yes,One year,Yes,Credit card (automatic),104.32,3978.23,No
CUST-10084,Male,1,Yes,Yes,32,Fiber optic,Yes,No,Yes,Yes,Yes,No,Month-to-month,Yes,Mailed check,97.2,3104.32,Yes
CUST-10085,Male,0,Yes,No,45,No,No internet service,No internet service,No internet service,No internet service,No internet service,No internet service,One year,No,Mailed check,20.86,981.58,No
CUST-10086,Female,0,No,Yes,61,No,No internet service,No internet service,No internet service,No internet service,No internet service,No internet service,Month-to-month,No,Bank transfer (automatic),26.24,1582.41,No
CUST-10087,Male,0,Yes,Yes,70,Fiber optic,No,Yes,Yes,No,No,Yes,Month-to-month,Yes,Credit card (automatic),92.84,6506.08,No
CUST-10088,Female,0,No,No,53,Fiber optic,Yes,No,No,No,Yes,Yes,Month-to-month,Yes,Electronic check,94.97,5037.4,Yes
CUST-10089,Female,0,No,Yes,51,No,No internet service,No internet service,No internet service,No internet service,No internet service,No internet service,Month-to-month,No,Bank transfer (automatic),18.5,951.02,No
CUST-10090,Female,0,No,Yes,56,Fiber optic,Yes,Yes,No,Yes,No,No,One year,Yes,Electronic check,91.53,5148.79,No
CUST-10091,Female,0,Yes,No,27,No,No internet service,No internet service,No internet service,No internet service,No internet service,No internet service,Month-to-month,No,Electronic check,19.74,506.13,No
CUST-10092,Female,1,Yes,No,38,Fiber optic,Yes,No,No,No,Yes,Yes,Two year,No,Electronic check,96.18,3658.01,No
CUST-10093,Female,0,Yes,No,62,Fiber optic,Yes,Yes,Yes,No,Yes,No,Two year,Yes,Bank transfer (automatic),100.85,6292.09,No
CUST-10094,Female,0,Yes,No,18,DSL,No,No,Yes,Yes,No,Yes,Month-to-month,No,Credit card (automatic),74.46,1356.24,No
CUST-10095,Female,0,No,Yes,64,DSL,No,No,No,No,Yes,No,One year,No,Mailed check,63.06,4022.62,No
CUST-10096,Female,0,No,Yes,30,Fiber optic,Yes,No,Yes,No,Yes,No,Month-to-month,Yes,Mailed check,95.26,2841.8,No
CUST-10097,Female,0,No,No,49,Fiber optic,No,No,Yes,No,Yes,Yes,Month-to-month,Yes,Bank transfer (automatic),98.02,4813.34,Yes
CUST-10098,Female,1,No,No,41,Fiber optic,No,No,Yes,No,No,No,One year,No,Mailed check,77.6,3171.81,No
CUST-10099,Male,0,Yes,No,13,Fiber optic,No,No,No,Yes,Yes,Yes,Month-to-month,Yes,Credit card (automatic),98.08,1272.18,No
CUST-10100,Male,1,Yes,Yes,34,Fiber optic,No,No,No,No,Yes,Yes,Month-to-month,No,Mailed check,91.68,3102.25,Yes
CUST-10101,Female,0,Yes,No,25,No,No internet service,No internet service,No internet service,No internet service,No internet service,No internet service,Month-to-month,No,Electronic check,21.55,580.23,No
CUST-10102,Female,0,No,Yes,66,DSL,Yes,No,Yes,Yes,Yes,Yes,Month-to-month,Yes,Electronic check,85.71,5663.79,No
CUST-10103,Female,0,No,No,18,Fiber optic,Yes,Yes,No,Yes,No,Yes,Month-to-month,No,Credit card (automatic),96.98,1746.7,No
CUST-10104,Female,0,No,No,5,DSL,No,No,No,No,No,No,Month-to-month,No,Credit card (automatic),52.87,231.7,No
CUST-10105,Female,1,Yes,No,19,Fiber optic,No,No,Yes,No,No,Yes,Month-to-month,Yes,Electronic check,87.74,1650.55,Yes
CUST-10106,Female,1,Yes,No,42,DSL,No,No,No,No,Yes,Yes,Month-to-month,Yes,Electronic check,69.35,2911.48,No
CUST-10107,Female,0,No,No,18,Fiber optic,No,Yes,Yes,No,Yes,Yes,One year,No,Mailed check,108.29,1948.03,Yes
CUST-10108,Female,0,Yes,No,32,Fiber optic,Yes,No,Yes,Yes,No,Yes,Month-to-month,Yes,Bank transfer (automatic),102.44,3311.3,Yes
CUST-10109,Male,0,No,No,21,DSL,No,Yes,No,No,No,Yes,One year,Yes,Bank transfer (automatic),69.24,1456.52,No
CUST-10110,Female,1,No,Yes,10,Fiber optic,Yes,No,Yes,No,Yes,No,One year,No,Credit card (automatic),91.34,934.17,No
CUST-10111,Male,0,No,No,37,No,No internet service,No internet service,No internet service,No internet service,No internet service,No internet service,One year,No,Credit card (automatic),21.16,786.51,No
CUST-10112,Female,0,Yes,Yes,49,DSL,No,No,Yes,Yes,No,No,One year,No,Credit card (automatic),64.76,3190.46,No
CUST-10113,Female,0,Yes,No,13,Fiber optic,Yes,No,Yes,No,Yes,No,Month-to-month,Yes,Mailed check,88.89,1122.21,Yes
CUST-10114,Male,0,Yes,No,55,Fiber optic,No,No,No,Yes,No,No,Month-to-month,Yes,Electronic check,78.59,4297.32,No
CUST-10115,Female,0,Yes,No,17,DSL,No,No,No,Yes,No,Yes,Month-to-month,Yes,Bank transfer (automatic),67.83,1171.59,No
CUST-10116,Male,0,Yes,No,9,DSL,No,No,Yes,No,Yes,Yes,Two year,No,Mailed check,76.78,720.95,No
CUST-10117,Female,1,No,Yes,44,DSL,No,No,Yes,No,Yes,Yes,One year,No,Electronic check,79.97,3484.55,No
CUST-10118,Female,0,No,No,46,Fiber optic,No,Yes,No,Yes,Yes,Yes,Month-to-month,Yes,Electronic check,103.67,4769.06,Yes
CUST-10119,Male,0,Yes,No,8,DSL,Yes,No,Yes,Yes,No,No,Month-to-month,Yes,Mailed check,70.21,531.69,Yes
CUST-10120,Female,1,Yes,No,37,DSL,Yes,No,Yes,No,Yes,No,Two year,No,Bank transfer (automatic),72.36,2664.04,No
CUST-10121,Male,0,Yes,No,19,DSL,No,Yes,No,No,No,No,Month-to-month,Yes,Mailed check,57.51,1054.67,No
CUST-10122,Female,1,Yes,No,63,Fiber optic,No,No,No,No,Yes,No,Month-to-month,Yes,Electronic check,80.89,5093.7,Yes
CUST-10123,Male,0,No,No,46,Fiber optic,No,No,No,Yes,No,No,Month-to-month,No,Mailed check,80.06,3679.07,Yes
CUST-10124,Male,0,Yes,Yes,71,Fiber optic,No,No,No,Yes,No,No,Two year,Yes,Electronic check,74.15,5260.72,No
CUST-10125,Female,1,Yes,Yes,26,Fiber optic,Yes,Yes,No,No,No,No,Month-to-month,No,Bank transfer (automatic),81.43,2111.33,No
CUST-10126,Female,0,Yes,No,46,Fiber optic,Yes,No,Yes,No,Yes,Yes,Month-to-month,No,Mailed check,101.66,4689.06,Yes
CUST-10127,Male,0,No,No,46,DSL,No,Yes,No,Yes,Yes,Yes,One year,Yes,Credit card (automatic),80.05,3716.59,No
CUST-10128,Female,0,No,No,14,Fiber optic,No,Yes,Yes,No,Yes,Yes,Month-to-month,Yes,Bank transfer (automatic),98.67,1357.2,Yes
CUST-10129,Female,0,Yes,No,63,Fiber optic,No,Yes,No,No,No,No,Two year,Yes,Bank transfer (automatic),74.12,4652.75,No
CUST-10130,Female,0,Yes,No,72,Fiber optic,No,Yes,No,No,No,Yes,Month-to-month,No,Bank transfer (automatic),84.04,6053.47,No
CUST-10131,Male,0,No,No,3,Fiber optic,No,Yes,No,Yes,No,No,Month-to-month,Yes,Mailed check,83.28,244.48,Yes
CUST-10132,Male,1,No,Yes,28,Fiber optic,Yes,No,No,No,Yes,No,Two year,No,Electronic check,85.38,2384.31,No
CUST-10133,Male,0,Yes,Yes,29,DSL,No,Yes,No,No,No,Yes,Two year,No,Bank transfer (automatic),67.48,1930.67,No
CUST-10134,Male,0,No,No,18,DSL,Yes,No,No,No,Yes,Yes,Month-to-month,No,Mailed check,71.29,1274.11,No
CUST-10135,Male,0,No,No,35,Fiber optic,No,No,Yes,No,Yes,Yes,Month-to-month,Yes,Mailed check,94.29,3291.24,Yes
CUST-10136,Male,0,No,No,47,Fiber optic,Yes,No,No,Yes,No,Yes,Two year,No,Mailed check,90.39,4252.71,No
CUST-10137,Male,0,No,No,5,DSL,No,No,Yes,Yes,No,No,Month-to-month,No,Credit card (automatic),64.64,305.05,Yes
CUST-10138,Male,1,No,Yes,59,No,No internet service,No internet service,No internet service,No internet service,No internet service,No internet service,Two year,Yes,Electronic check,20.08,1202.57,No
CUST-10139,Male,0,Yes,No,59,Fiber optic,Yes,No,No,No,Yes,No,Two year,Yes,Electronic check,88.0,5166.71,No
CUST-10140,Female,0,No,Yes,47,DSL,No,No,No,Yes,No,Yes,Month-to-month,Yes,Credit card (automatic),65.25,3097.83,No
CUST-10141,Male,0,No,No,13,Fiber optic,Yes,No,No,Yes,No,Yes,Two year,Yes,Credit card (automatic),95.33,1222.94,No
CUST-10142,Female,0,No,No,33,DSL,Yes,Yes,No,No,Yes,Yes,Month-to-month,No,Electronic check,76.56,2555.33,No
CUST-10143,Female,0,Yes,No,62,Fiber optic,No,No,Yes,No,No,Yes,One year,Yes,Credit card (automatic),87.06,5382.72,No
CUST-10144,Female,0,No,No,16,Fiber optic,Yes,No,Yes,No,Yes,No,Month-to-month,No,Electronic check,93.65,1515.01,Yes
CUST-10145,Male,0,No,Yes,44,DSL,Yes,No,No,No,Yes,No,Two year,No,Bank transfer (automatic),66.9,2936.3,No
CUST-10146,Male,0,Yes,No,58,No,No internet service,No internet service,No internet service,No internet service,No internet service,No internet service,One year,No,Mailed check,25.07,1455.67,No
CUST-10147,Male,0,No,No,6,Fiber optic,No,No,Yes,No,No,Yes,One year,No,Mailed check,94.13,576.82,No
CUST-10148,Male,0,No,No,15,DSL,Yes,Yes,Yes,No,No,Yes,Two year,Yes,Bank transfer (automatic),79.22,1181.63,Yes
CUST-10149,Female,0,No,No,4,Fiber optic,No,No,Yes,No,Yes,No,Month-to-month,No,Electronic check,83.05,294.13,Yes
CUST-10150,Male,0,Yes,No,56,DSL,Yes,No,Yes,No,No,Yes,Month-to-month,Yes,Electronic check,83.43,4659.36,No
CUST-10151,Male,0,Yes,No,64,No,No internet service,No internet service,No internet service,No internet service,No internet service,No internet service,Two year,Yes,Bank transfer (automatic),23.43,1489.41,No
CUST-10152,Male,0,No,Yes,68,DSL,No,Yes,No,No,No,Yes,One year,Yes,Electronic check,69.09,4732.69,No
CUST-10153,Male,0,Yes,No,34,Fiber optic,Yes,Yes,Yes,No,Yes,No,Two year,No,Credit card (automatic),96.72,3287.54,No
CUST-10154,Male,0,No,Yes,56,DSL,No,Yes,No,No,No,Yes,Two year,No,Mailed check,65.63,3678.69,No
CUST-10155,Female,0,Yes,No,32,DSL,Yes,Yes,No,No,No,Yes,Month-to-month,Yes,Electronic check,68.52,2190.33,No
CUST-10156,Male,1,Yes,No,9,Fiber optic,No,No,Yes,No,Yes,No,Month-to-month,Yes,Bank transfer (automatic),89.02,805.54,Yes
CUST-10157,Female,0,Yes,No,63,Fiber optic,No,No,Yes,No,Yes,Yes,Month-to-month,No,Electronic check,95.61,5998.67,Yes
CUST-10158,Male,0,No,No,72,Fiber optic,No,No,Yes,No,Yes,Yes,One year,Yes,Electronic check,99.16,7125.78,No
CUST-10159,Female,1,Yes,No,33,Fiber optic,No,No,No,No,Yes,Yes,Month-to-month,Yes,Mailed check,87.78,2909.99,No
CUST-10160,Male,0,Yes,Yes,21,Fiber optic,No,No,No,No,Yes,No,One year,No,Credit card (automatic),82.85,1735.39,No
CUST-10161,Male,0,Yes,No,55,DSL,No,Yes,No,No,No,Yes,Month-to-month,Yes,Mailed check,66.85,3674.72,No
CUST-10162,Female,0,Yes,No,57,DSL,No,Yes,Yes,No,Yes,Yes,Month-to-month,Yes,Electronic check,86.81,4947.77,Yes
CUST-10163,Female,0,No,No,2,Fiber optic,No,No,No,Yes,No,No,Month-to-month,Yes,Mailed check,84.33,182.42,Yes
CUST-10164,Female,0,No,Yes,13,Fiber optic,No,No,Yes,No,No,Yes,Month-to-month,Yes,Electronic check,87.85,1129.23,No
CUST-10165,Male,1,Yes,No,4,No,No internet service,No internet service,No internet service,No internet service,No internet service,No internet service,One year,Yes,Electronic check,24.1,98.4,No
CUST-10166,Female,0,No,No,50,DSL,No,Yes,No,Yes,Yes,No,Month-to-month,Yes,Credit card (automatic),78.11,3862.44,No
CUST-10167,Male,0,Yes,No,48,Fiber optic,No,Yes,No,No,Yes,Yes,Month-to-month,Yes,Credit card (automatic),95.94,4572.88,No
CUST-10168,Male,0,No,No,30,DSL,No,Yes,No,No,No,Yes,Month-to-month,Yes,Electronic check,66.78,1998.43,No
CUST-10169,Female,1,No,No,29,No,No internet service,No internet service,No internet service,No internet service,No internet service,No internet service,One year,No,Mailed check,20.81,581.39,No
CUST-10170,Female,0,No,No,8,No,No internet service,No internet service,No internet service,No internet service,No internet service,No internet service,Two year,No,Credit card (automatic),18.69,169.19,No
CUST-10171,Male,0,Yes,No,12,DSL,No,Yes,No,No,Yes,Yes,Month-to-month,Yes,Electronic check,74.72,875.28,Yes
CUST-10172,Male,0,No,Yes,41,Fiber optic,Yes,No,No,No,Yes,Yes,One year,No,Electronic check,98.67,4042.91,Yes
CUST-10173,Female,0,Yes,Yes,26,Fiber optic,No,No,Yes,No,No,No,Month-to-month,Yes,Credit card (automatic),74.87,1962.67,Yes
CUST-10174,Female,1,No,No,50,DSL,Yes,No,Yes,No,Yes,No,Month-to-month,Yes,Bank transfer (automatic),71.55,3587.37,No
CUST-10175,Female,1,Yes,Yes,2,Fiber optic,No,Yes,No,No,Yes,Yes,One year,Yes,Electronic check,95.02,179.15,Yes
CUST-10176,Male,0,No,No,55,Fiber optic,Yes,No,No,No,Yes,Yes,Month-to-month,Yes,Mailed check,96.38,5293.1,No
CUST-10177,Male,1,No,No,56,DSL,Yes,No,Yes,No,No,No,One year,No,Electronic check,68.9,3867.89,No
CUST-10178,Male,0,No,Yes,14,Fiber optic,Yes,Yes,No,No,Yes,No,Month-to-month,Yes,Mailed check,90.43,1282.16,Yes
CUST-10179,Male,1,Yes,No,6,DSL,No,No,Yes,Yes,No,No,Two year,Yes,Bank transfer (automatic),60.68,394.02,No
CUST-10180,Male,0,No,No,61,Fiber optic,No,No,Yes,Yes,Yes,No,Month-to-month,No,Mailed check,95.32,5830.62,No
CUST-10181,Male,0,Yes,No,12,No,No internet service,No internet service,No internet service,No internet service,No internet service,No internet service,One year,Yes,Bank transfer (automatic),18.5,235.71,No
CUST-10182,Female,0,No,No,13,Fiber optic,No,Yes,Yes,No,No,No,Two year,Yes,Electronic check,83.77,1095.86,No
CUST-10183,Male,0,Yes,No,19,DSL,Yes,No,Yes,Yes,Yes,Yes,Month-to-month,Yes,Electronic check,87.71,1668.91,Yes
CUST-10184,Male,0,Yes,No,44,DSL,No,No,Yes,No,Yes,Yes,Month-to-month,Yes,Electronic check,77.49,3402.14,Yes
CUST-10185,Male,0,No,No,59,Fiber optic,Yes,Yes,Yes,No,No,No,Month-to-month,Yes,Credit card (automatic),84.42,4990.75,No
CUST-10186,Female,0,Yes,No,37,DSL,Yes,No,No,No,Yes,No,One year,Yes,Bank transfer (automatic),64.2,2370.67,No
CUST-10187,Male,0,Yes,Yes,25,Fiber optic,No,No,Yes,No,No,Yes,Month-to-month,Yes,Electronic check,84.02,2114.43,Yes
CUST-10188,Male,0,Yes,Yes,16,DSL,Yes,No,Yes,Yes,No,Yes,Month-to-month,Yes,Mailed check,83.76,1354.61,Yes
CUST-10189,Female,0,Yes,No,38,Fiber optic,No,No,Yes,No,Yes,No,One year,No,Credit card (automatic),84.83,3232.94,Yes
CUST-10190,Male,1,No,Yes,43,No,No internet service,No internet service,No internet service,No internet service,No internet service,No internet service,Month-to-month,No,Mailed check,21.66,918.93,No
CUST-10191,Male,0,No,Yes,14,No,No internet service,No internet service,No internet service,No internet service,No internet service,No internet service,One year,No,Electronic check,20.54,285.79,No
CUST-10192,Male,0,Yes,No,6,DSL,No,Yes,No,No,Yes,Yes,Month-to-month,No,Electronic check,76.6,481.28,Yes
CUST-10193,Male,0,Yes,Yes,23,Fiber optic,No,No,Yes,Yes,Yes,No,Month-to-month,No,Electronic check,96.12,2176.62,Yes
CUST-10194,Male,1,Yes,No,60,DSL,No,No,Yes,No,Yes,Yes,One year,No,Credit card (automatic),78.81,4732.4,No
CUST-10195,Female,0,Yes,No,12,Fiber optic,No,Yes,No,No,No,No,One year,No,Bank transfer (automatic),79.92,974.18,Yes
CUST-10196,Female,0,No,No,13,DSL,No,Yes,No,No,No,Yes,Month-to-month,Yes,Bank transfer (automatic),68.8,903.09,Yes
CUST-10197,Female,0,No,No,6,Fiber optic,Yes,No,Yes,Yes,Yes,No,Month-to-month,No,Credit card (automatic),104.58,668.87,Yes
CUST-10198,Male,1,Yes,Yes,63,Fiber optic,No,No,Yes,Yes,Yes,No,Month-to-month,Yes,Credit card (automatic),91.81,5751.79,No
CUST-10199,Male,0,Yes,No,38,No,No internet service,No internet service,No internet service,No internet service,No internet service,No internet service,Month-to-month,No,Electronic check,18.5,679.33,No
CUST-10200,Male,0,Yes,No,50,Fiber optic,Yes,Yes,Yes,Yes,No,Yes,Month-to-month,Yes,Electronic check,110.97,5552.15,Yes
CUST-10201,Female,0,No,No,52,Fiber optic,Yes,Yes,Yes,No,Yes,Yes,Month-to-month,No,Mailed check,109.69,5722.52,Yes
CUST-10202,Male,1,No,No,40,No,No internet service,No internet service,No internet service,No internet service,No internet service,No internet service,One year,Yes,Electronic check,18.5,741.15,No
CUST-10203,Male,0,Yes,No,8,DSL,No,No,No,Yes,No,No,One year,Yes,Credit card (automatic),57.16,483.64,No
CUST-10204,Female,0,Yes,No,61,No,No internet service,No internet service,No internet service,No internet service,No internet service,No internet service,Month-to-month,Yes,Credit card (automatic),21.61,1306.67,No
CUST-10205,Male,1,No,Yes,8,Fiber optic,Yes,Yes,No,No,No,Yes,Month-to-month,Yes,Bank transfer (automatic),90.86,721.42,Yes
CUST-10206,Female,0,No,No,34,No,No internet service,No internet service,No internet service,No internet service,No internet service,No internet service,Month-to-month,Yes,Electronic check,21.84,757.81,No
CUST-10207,Female,0,Yes,No,60,DSL,No,Yes,No,No,No,Yes,Month-to-month,Yes,Electronic check,62.48,3741.73,No
CUST-10208,Female,0,Yes,Yes,57,DSL,Yes,No,Yes,Yes,Yes,Yes,Two year,Yes,Mailed check,89.91,5143.61,No
CUST-10209,Male,0,Yes,No,46,Fiber optic,No,Yes,Yes,No,No,No,One year,Yes,Credit card (automatic),83.35,3848.0,No
CUST-10210,Male,0,No,Yes,22,No,No internet service,No internet service,No internet service,No internet service,No internet service,No internet service,One year,No,Electronic check,18.5,398.67,No
CUST-10211,Male,0,Yes,No,40,DSL,No,No,Yes,No,No,Yes,Two year,Yes,Electronic check,66.15,2651.99,No
CUST-10212,Male,0,Yes,No,45,DSL,Yes,No,No,No,No,Yes,Month-to-month,Yes,Electronic check,63.61,2852.89,No
CUST-10213,Male,0,No,Yes,55,DSL,Yes,No,Yes,No,Yes,Yes,Month-to-month,No,Credit card (automatic),78.67,4309.0,No
CUST-10214,Male,1,Yes,No,51,No,No internet service,No internet service,No internet service,No internet service,No internet service,No internet service,One year,Yes,Bank transfer (automatic),18.5,935.67,No
CUST-10215,Male,0,No,Yes,5,Fiber optic,No,No,Yes,No,No,No,Month-to-month,Yes,Credit card (automatic),77.57,384.26,Yes
CUST-10216,Female,1,Yes,No,13,DSL,No,No,No,No,No,Yes,One year,Yes,Bank transfer (automatic),57.08,744.27,No
CUST-10217,Male,0,Yes,Yes,28,DSL,Yes,Yes,No,No,Yes,No,One year,No,Mailed check,68.98,1929.27,No
CUST-10218,Female,1,No,No,62,Fiber optic,No,No,No,Yes,No,No,One year,Yes,Electronic check,72.89,4484.08,No
CUST-10219,Male,0,Yes,No,24,DSL,No,Yes,Yes,No,Yes,Yes,Month-to-month,Yes,Electronic check,87.32,2115.5,Yes
CUST-10220,Male,0,No,No,7,Fiber optic,No,No,No,No,No,No,Month-to-month,No,Bank transfer (automatic),72.78,475.41,Yes
CUST-10221,Male,0,No,No,38,Fiber optic,No,Yes,No,No,Yes,No,One year,Yes,Credit card (automatic),89.61,3408.96,No
CUST-10222,Female,1,Yes,No,37,Fiber optic,No,No,Yes,No,No,Yes,Two year,No,Electronic check,88.08,3244.14,No
CUST-10223,Female,0,No,No,68,No,No internet service,No internet service,No internet service,No internet service,No internet service,No internet service,One year,Yes,Electronic check,20.88,1422.76,No
CUST-10224,Female,0,Yes,No,42,Fiber optic,No,No,Yes,No,Yes,Yes,Two year,Yes,Mailed check,96.37,4043.06,No
CUST-10225,Female,0,No,No,5,DSL,Yes,No,No,No,No,Yes,Month-to-month,No,Electronic check,68.9,351.45,No
CUST-10226,Male,0,Yes,No,64,Fiber optic,No,No,Yes,Yes,Yes,No,Month-to-month,Yes,Bank transfer (automatic),95.07,6094.89,No
CUST-10227,Female,0,No,Yes,50,DSL,No,No,Yes,No,No,Yes,Month-to-month,No,Electronic check,61.12,3076.76,No
CUST-10228,Male,0,Yes,No,15,No,No internet service,No internet service,No internet service,No internet service,No internet service,No internet service,Month-to-month,No,Electronic check,18.5,292.96,No
CUST-10229,Male,0,Yes,Yes,53,DSL,No,No,No,Yes,Yes,Yes,Two year,Yes,Mailed check,79.09,4192.6,No
CUST-10230,Female,0,No,No,25,No,No internet service,No internet service,No internet service,No internet service,No internet service,No internet service,Two year,No,Bank transfer (automatic),18.5,481.36,No
CUST-10231,Female,0,No,No,9,DSL,No,No,No,Yes,Yes,Yes,Month-to-month,Yes,Mailed check,78.29,694.43,Yes
CUST-10232,Female,0,Yes,No,38,DSL,Yes,Yes,Yes,No,Yes,Yes,Month-to-month,No,Electronic check,90.28,3464.26,Yes
CUST-10233,Female,0,Yes,Yes,22,Fiber optic,No,No,Yes,No,Yes,Yes,Month-to-month,Yes,Credit card (automatic),94.51,2067.33,Yes
CUST-10234,Female,0,No,Yes,49,No,No internet service,No internet service,No internet service,No internet service,No internet service,No internet service,Two year,Yes,Electronic check,19.1,926.5,No
CUST-10235,Female,0,No,No,68,No,No internet service,No internet service,No internet service,No internet service,No internet service,No internet service,Month-to-month,Yes,Electronic check,19.21,1269.94,No
CUST-10236,Female,0,Yes,No,15,DSL,No,No,No,No,Yes,No,Month-to-month,Yes,Bank transfer (automatic),57.4,847.65,No
CUST-10237,Female,0,Yes,No,65,DSL,Yes,No,Yes,Yes,No,No,Month-to-month,Yes,Electronic check,65.71,4265.81,No
CUST-10238,Male,0,Yes,No,54,Fiber optic,No,No,No,No,No,Yes,Month-to-month,No,Mailed check,76.72,4137.43,Yes
CUST-10239,Female,0,No,No,30,DSL,No,No,No,No,Yes,No,Two year,No,Credit card (automatic),55.52,1699.26,No
CUST-10240,Female,0,Yes,No,20,Fiber optic,No,No,No,Yes,Yes,No,Month-to-month,Yes,Bank transfer (automatic),87.47,1761.1,Yes
CUST-10241,Male,0,Yes,Yes,33,Fiber optic,Yes,Yes,No,No,Yes,Yes,Month-to-month,Yes,Bank transfer (automatic),100.43,3332.97,No
CUST-10242,Female,0,No,No,7,Fiber optic,No,Yes,Yes,Yes,No,Yes,Month-to-month,No,Bank transfer (automatic),99.42,695.94,Yes
CUST-10243,Male,0,Yes,Yes,8,Fiber optic,Yes,Yes,No,No,Yes,Yes,Month-to-month,Yes,Electronic check,96.74,759.9,Yes
CUST-10244,Male,0,Yes,No,28,Fiber optic,Yes,No,No,Yes,No,Yes,One year,Yes,Mailed check,96.32,2740.54,Yes
CUST-10245,Female,0,Yes,Yes,45,No,No internet service,No internet service,No internet service,No internet service,No internet service,No internet service,Month-to-month,Yes,Electronic check,18.5,830.48,No
CUST-10246,Male,0,Yes,No,11,DSL,No,No,No,No,No,Yes,Month-to-month,Yes,Credit card (automatic),67.7,757.59,No
CUST-10247,Male,0,Yes,Yes,31,DSL,Yes,Yes,Yes,Yes,No,No,Two year,Yes,Electronic check,78.6,2417.65,No
CUST-10248,Male,0,No,Yes,12,Fiber optic,Yes,Yes,Yes,Yes,Yes,Yes,Month-to-month,No,Mailed check,109.81,1294.31,No
CUST-10249,Male,1,Yes,No,51,DSL,No,No,No,No,Yes,Yes,One year,No,Credit card (automatic),73.7,3788.62,No
CUST-10250,Female,0,No,Yes,44,DSL,No,No,No,Yes,No,Yes,Month-to-month,Yes,Bank transfer (automatic),65.89,2907.81,No
CUST-10251,Male,0,No,Yes,50,No,No internet service,No internet service,No internet service,No internet service,No internet service,No internet service,Month-to-month,No,Credit card (automatic),18.5,920.55,No
CUST-10252,Female,0,No,No,17,Fiber optic,No,No,Yes,No,No,No,One year,Yes,Bank transfer (automatic),76.18,1291.29,Yes
CUST-10253,Male,0,Yes,Yes,35,Fiber optic,Yes,No,Yes,No,Yes,Yes,Two year,Yes,Electronic check,105.4,3668.3,No
CUST-10254,Male,0,Yes,Yes,1,Fiber optic,Yes,Yes,Yes,Yes,Yes,Yes,One year,Yes,Credit card (automatic),117.57,117.57,Yes
CUST-10255,Male,0,Yes,No,29,DSL,No,Yes,No,No,Yes,No,Month-to-month,Yes,Electronic check,66.55,1938.46,No
CUST-10256,Male,0,Yes,No,51,No,No internet service,No internet service,No internet service,No internet service,No internet service,No internet service,Month-to-month,Yes,Electronic check,18.5,944.41,No
CUST-10257,Female,0,Yes,No,64,DSL,No,Yes,Yes,No,No,Yes,Month-to-month,Yes,Bank transfer (automatic),75.83,4868.18,No
CUST-10258,Female,0,No,No,4,Fiber optic,No,Yes,No,Yes,Yes,Yes,Month-to-month,Yes,Bank transfer (automatic),101.05,349.39,Yes
CUST-10259,Male,0,Yes,No,28,Fiber optic,No,Yes,Yes,No,No,Yes,One year,Yes,Credit card (automatic),96.13,2695.13,No
CUST-10260,Male,0,Yes,Yes,16,Fiber optic,Yes,Yes,No,No,Yes,No,Month-to-month,No,Credit card (automatic),92.0,1487.6,Yes
CUST-10261,Female,0,Yes,No,63,Fiber optic,No,Yes,No,No,Yes,No,Month-to-month,No,Credit card (automatic),84.21,5261.11,No
CUST-10262,Male,1,No,No,53,No,No internet service,No internet service,No internet service,No internet service,No internet service,No internet service,One year,Yes,Electronic check,26.38,1377.46,No
CUST-10263,Male,0,Yes,No,17,Fiber optic,No,Yes,Yes,Yes,No,Yes,Month-to-month,No,Bank transfer (automatic),103.74,1734.66,Yes
CUST-10264,Male,0,No,No,40,DSL,No,No,No,No,Yes,No,One year,No,Bank transfer (automatic),61.68,2493.13,No
CUST-10265,Female,0,Yes,Yes,13,Fiber optic,No,No,No,No,Yes,Yes,Month-to-month,No,Credit card (automatic),90.31,1175.47,Yes
CUST-10266,Female,0,No,No,52,No,No internet service,No internet service,No internet service,No internet service,No internet service,No internet service,Month-to-month,Yes,Mailed check,18.5,964.82,No
CUST-10267,Female,1,No,No,58,Fiber optic,Yes,No,No,Yes,No,Yes,Two year,Yes,Electronic check,93.11,5423.07,No
CUST-10268,Male,0,Yes,No,37,Fiber optic,Yes,Yes,No,No,No,Yes,Month-to-month,No,Credit card (automatic),95.81,3542.75,No
CUST-10269,Male,1,Yes,Yes,61,Fiber optic,No,No,Yes,No,No,No,Month-to-month,Yes,Electronic check,72.87,4432.07,No
CUST-10270,Female,0,Yes,Yes,34,DSL,Yes,No,No,No,Yes,No,One year,Yes,Bank transfer (automatic),66.7,2271.22,No
CUST-10271,Female,1,Yes,Yes,70,DSL,Yes,Yes,No,No,No,No,Two year,Yes,Mailed check,65.18,4571.2,No
CUST-10272,Female,0,No,No,17,No,No internet service,No internet service,No internet service,No internet service,No internet service,No internet service,Two year,No,Mailed check,24.33,390.99,No
CUST-10273,Female,0,No,Yes,20,Fiber optic,No,Yes,No,No,No,Yes,One year,No,Bank transfer (automatic),83.3,1697.33,No
CUST-10274,Male,0,No,Yes,59,DSL,No,No,Yes,Yes,Yes,No,Month-to-month,Yes,Mailed check,73.37,4290.97,No
CUST-10275,Female,0,No,No,69,No,No internet service,No internet service,No internet service,No internet service,No internet service,No internet service,Two year,Yes,Bank transfer (automatic),20.3,1407.23,No
CUST-10276,Male,0,Yes,Yes,33,Fiber optic,No,No,Yes,No,No,Yes,One year,No,Electronic check,88.36,2949.35,Yes
CUST-10277,Female,0,Yes,No,17,Fiber optic,No,Yes,Yes,Yes,Yes,No,Month-to-month,Yes,Electronic check,104.85,1784.87,Yes
CUST-10278,Male,0,No,No,57,DSL,Yes,No,Yes,No,No,No,Two year,Yes,Electronic check,61.4,3458.7,No
CUST-10279,Female,0,Yes,No,1,No,No internet service,No internet service,No internet service,No internet service,No internet service,No internet service,Month-to-month,Yes,Bank transfer (automatic),22.84,52.57,No
CUST-10280,Female,0,No,No,13,Fiber optic,Yes,No,No,Yes,Yes,Yes,Month-to-month,No,Electronic check,95.31,1229.41,Yes
CUST-10281,Female,0,Yes,No,27,Fiber optic,No,Yes,Yes,Yes,Yes,No,Two year,No,Bank transfer (automatic),100.2,2721.02,Yes
CUST-10282,Female,0,Yes,No,70,DSL,No,Yes,Yes,Yes,No,No,Month-to-month,No,Bank transfer (automatic),73.83,5176.48,No
CUST-10283,Male,0,No,Yes,59,DSL,Yes,Yes,Yes,No,No,Yes,Month-to-month,Yes,Bank transfer (automatic),80.5,4749.18,No
CUST-10284,Female,0,Yes,Yes,6,DSL,Yes,Yes,No,Yes,Yes,No,Month-to-month,Yes,Bank transfer (automatic),76.13,415.6,Yes
CUST-10285,Male,0,No,Yes,23,No,No internet service,No internet service,No internet service,No internet service,No internet service,No internet service,One year,Yes,Mailed check,23.08,538.98,No
CUST-10286,Male,0,No,No,10,DSL,Yes,No,Yes,No,Yes,No,Month-to-month,No,Mailed check,67.74,692.16,Yes
CUST-10287,Male,0,No,No,51,Fiber optic,Yes,Yes,No,No,Yes,No,Month-to-month,Yes,Mailed check,94.59,4792.07,No
CUST-10288,Male,0,No,No,19,DSL,Yes,No,Yes,No,Yes,No,One year,Yes,Electronic check,71.39,1389.9,Yes
CUST-10289,Female,0,No,No,51,DSL,No,No,No,Yes,Yes,No,Two year,No,Credit card (automatic),66.65,3391.43,No
CUST-10290,Male,0,No,Yes,68,DSL,Yes,No,No,Yes,No,Yes,Month-to-month,Yes,Credit card (automatic),72.11,4939.81,No
CUST-10291,Male,0,Yes,No,42,Fiber optic,Yes,Yes,Yes,Yes,No,No,One year,Yes,Electronic check,97.14,4093.22,Yes
CUST-10292,Male,0,Yes,No,57,Fiber optic,No,Yes,Yes,No,Yes,No,One year,No,Mailed check,99.24,5657.15,No
CUST-10293,Female,0,No,Yes,68,No,No internet service,No internet service,No internet service,No internet service,No internet service,No internet service,One year,Yes,Credit card (automatic),23.65,1610.3,No
CUST-10294,Female,1,Yes,No,38,No,No internet service,No internet service,No internet service,No internet service,No internet service,No internet service,Month-to-month,Yes,Electronic check,18.5,722.7,Yes
CUST-10295,Female,0,Yes,Yes,62,DSL,No,No,Yes,Yes,No,No,Two year,Yes,Bank transfer (automatic),61.88,3867.12,No
CUST-10296,Female,0,Yes,No,7,No,No internet service,No internet service,No internet service,No internet service,No internet service,No internet service,Month-to-month,Yes,Electronic check,18.5,110.06,No
CUST-10297,Male,0,No,No,71,Fiber optic,Yes,No,Yes,No,No,Yes,Month-to-month,Yes,Mailed check,92.93,6586.06,No
CUST-10298,Male,0,No,Yes,50,No,No internet service,No internet service,No internet service,No internet service,No internet service,No internet service,Month-to-month,No,Credit card (automatic),19.49,1007.66,No
CUST-10299,Female,0,Yes,No,52,DSL,Yes,Yes,Yes,Yes,Yes,Yes,One year,Yes,Mailed check,97.88,5072.12,No
CUST-10300,Male,1,No,No,26,No,No internet service,No internet service,No internet service,No internet service,No internet service,No internet service,Month-to-month,No,Bank transfer (automatic),18.5,481.44,No
CUST-10301,Male,0,No,No,26,DSL,No,No,Yes,Yes,Yes,No,Month-to-month,Yes,Credit card (automatic),73.81,1905.31,No
CUST-10302,Male,0,No,No,19,DSL,No,No,Yes,No,No,No,One year,Yes,Bank transfer (automatic),52.64,1014.94,No
CUST-10303,Female,1,No,Yes,9,DSL,No,Yes,No,No,Yes,Yes,Two year,Yes,Bank transfer (automatic),79.31,664.52,No
CUST-10304,Female,0,No,No,61,DSL,No,Yes,Yes,No,No,No,One year,No,Bank transfer (automatic),61.19,3747.28,No
CUST-10305,Male,0,Yes,No,20,Fiber optic,No,No,No,No,Yes,Yes,Month-to-month,Yes,Bank transfer (automatic),87.49,1773.01,Yes
CUST-10306,Female,0,No,No,50,No,No internet service,No internet service,No internet service,No internet service,No internet service,No internet service,Month-to-month,No,Credit card (automatic),22.9,1158.15,No
CUST-10307,Female,0,Yes,Yes,22,Fiber optic,Yes,Yes,Yes,No,No,Yes,One year,No,Credit card (automatic),93.57,2041.91,No
CUST-10308,Female,0,No,No,13,DSL,No,Yes,No,No,No,Yes,Month-to-month,No,Credit card (automatic),67.65,808.58,Yes
CUST-10309,Female,1,No,No,12,DSL,No,Yes,No,Yes,No,Yes,One year,No,Bank transfer (automatic),71.7,846.85,No
CUST-10310,Female,0,Yes,Yes,10,Fiber optic,No,Yes,No,No,Yes,Yes,Month-to-month,Yes,Electronic check,95.65,969.54,Yes
CUST-10311,Male,0,Yes,No,65,No,No internet service,No internet service,No internet service,No internet service,No internet service,No internet service,Two year,No,Credit card (automatic),18.5,1202.01,No
CUST-10312,Female,0,No,Yes,30,DSL,No,Yes,Yes,Yes,No,Yes,Month-to-month,No,Bank transfer (automatic),82.73,2499.48,No
CUST-10313,Male,0,Yes,No,8,Fiber optic,Yes,No,Yes,Yes,No,No,Month-to-month,No,Bank transfer (automatic),96.15,764.78,No
CUST-10314,Male,0,No,Yes,21,DSL,Yes,Yes,No,Yes,No,No,Two year,Yes,Electronic check,65.21,1363.97,No
CUST-10315,Female,0,Yes,No,22,Fiber optic,No,No,No,No,No,No,Month-to-month,No,Credit card (automatic),73.47,1648.34,No
CUST-10316,Male,0,Yes,No,18,DSL,Yes,No,Yes,No,No,No,Month-to-month,Yes,Electronic check,61.86,1099.67,Yes
CUST-10317,Male,0,No,No,66,DSL,No,No,Yes,Yes,No,No,Two year,Yes,Electronic check,66.6,4408.53,No
CUST-10318,Male,0,No,No,48,DSL,No,Yes,No,No,Yes,No,Month-to-month,No,Bank transfer (automatic),62.46,3013.76,No
CUST-10319,Female,0,No,No,44,DSL,Yes,Yes,No,Yes,Yes,No,Month-to-month,No,Bank transfer (automatic),75.9,3387.03,No
CUST-10320,Female,0,Yes,No,9,DSL,No,Yes,No,Yes,No,No,Month-to-month,Yes,Electronic check,64.26,611.45,No
CUST-10321,Male,0,No,Yes,67,Fiber optic,Yes,Yes,Yes,Yes,No,Yes,Month-to-month,No,Bank transfer (automatic),105.35,7069.43,No
CUST-10322,Female,0,No,Yes,54,DSL,Yes,No,Yes,No,Yes,No,Month-to-month,Yes,Mailed check,72.45,3926.49,No
CUST-10323,Female,1,No,No,26,DSL,No,No,Yes,Yes,Yes,Yes,One year,Yes,Electronic check,80.61,2121.1,No
CUST-10324,Female,0,No,Yes,26,DSL,Yes,No,No,No,Yes,No,One year,Yes,Electronic check,66.83,1724.75,No
CUST-10325,Female,0,No,No,34,No,No internet service,No internet service,No internet service,No internet service,No internet service,No internet service,Month-to-month,Yes,Credit card (automatic),21.17,755.01,No
CUST-10326,Male,0,Yes,No,8,Fiber optic,No,No,No,No,No,Yes,Month-to-month,No,Electronic check,83.32,665.94,Yes
CUST-10327,Male,0,Yes,Yes,10,Fiber optic,No,No,No,No,Yes,No,Two year,Yes,Electronic check,80.95,823.13,No
CUST-10328,Female,0,No,No,48,Fiber optic,No,Yes,No,No,Yes,No,Two year,Yes,Bank transfer (automatic),92.77,4460.19,No
CUST-10329,Female,0,Yes,No,55,DSL,No,No,No,No,No,No,Month-to-month,Yes,Mailed check,56.02,3065.96,No
CUST-10330,Male,0,No,No,54,DSL,No,Yes,No,No,No,Yes,Two year,Yes,Credit card (automatic),66.05,3559.08,No
CUST-10331,Male,0,Yes,No,40,Fiber optic,Yes,No,No,No,No,Yes,One year,No,Credit card (automatic),84.93,3381.25,No
CUST-10332,Female,0,No,No,15,Fiber optic,No,No,No,Yes,Yes,Yes,Month-to-month,Yes,Credit card (automatic),95.51,1437.04,No
CUST-10333,Male,0,No,Yes,18,No,No internet service,No internet service,No internet service,No internet service,No internet service,No internet service,Month-to-month,Yes,Electronic check,18.5,302.36,No
CUST-10334,Female,1,Yes,No,23,No,No internet service,No internet service,No internet service,No internet service,No internet service,No internet service,Month-to-month,No,Mailed check,19.32,424.58,No
CUST-10335,Female,0,Yes,No,62,Fiber optic,No,No,No,No,No,Yes,Two year,Yes,Bank transfer (automatic),78.07,4831.47,No
CUST-10336,Male,0,Yes,No,46,Fiber optic,No,Yes,No,Yes,Yes,No,One year,No,Electronic check,91.64,4212.29,Yes
CUST-10337,Male,0,No,Yes,39,DSL,Yes,Yes,No,No,No,Yes,One year,Yes,Electronic check,72.05,2839.07,No
CUST-10338,Female,0,No,Yes,15,DSL,No,No,No,Yes,No,Yes,Month-to-month,Yes,Mailed check,63.27,968.95,No
CUST-10339,Female,0,Yes,No,53,No,No internet service,No internet service,No internet service,No internet service,No internet service,No internet service,One year,No,Electronic check,18.5,978.15,No
CUST-10340,Male,0,No,No,64,DSL,Yes,No,Yes,No,Yes,Yes,One year,No,Credit card (automatic),76.08,4905.41,No
CUST-10341,Female,1,Yes,No,63,No,No internet service,No internet service,No internet service,No internet service,No internet service,No internet service,Two year,Yes,Credit card (automatic),18.5,1172.21,No
CUST-10342,Male,0,Yes,No,16,Fiber optic,Yes,No,Yes,Yes,Yes,No,Month-to-month,No,Electronic check,98.19,1584.52,Yes
CUST-10343,Female,0,No,No,70,Fiber optic,No,No,No,No,No,Yes,One year,No,Electronic check,82.42,5731.58,No
CUST-10344,Male,0,Yes,No,66,DSL,Yes,No,No,No,Yes,Yes,Month-to-month,Yes,Credit card (automatic),80.8,5313.97,No
CUST-10345,Male,0,Yes,Yes,13,Fiber optic,No,Yes,No,Yes,Yes,Yes,One year,Yes,Mailed check,98.82,1305.61,No
CUST-10346,Male,0,Yes,Yes,47,Fiber optic,Yes,Yes,No,No,No,Yes,One year,Yes,Bank transfer (automatic),93.63,4413.71,Yes
CUST-10347,Female,0,Yes,Yes,9,Fiber optic,No,No,Yes,No,Yes,No,Month-to-month,Yes,Mailed check,84.11,792.89,No
CUST-10348,Female,0,Yes,No,63,DSL,Yes,No,No,Yes,No,No,One year,Yes,Credit card (automatic),63.49,4034.22,No
CUST-10349,Male,1,Yes,No,34,DSL,No,No,No,No,No,Yes,Month-to-month,No,Bank transfer (automatic),61.73,2088.21,No
CUST-10350,Female,0,No,No,29,Fiber optic,Yes,Yes,No,Yes,Yes,Yes,Two year,Yes,Electronic check,113.22,3306.4,No
CUST-10351,Male,0,Yes,No,37,DSL,Yes,Yes,No,Yes,No,No,Month-to-month,No,Electronic check,76.19,2799.38,Yes
CUST-10352,Male,0,No,No,43,Fiber optic,No,Yes,No,No,Yes,No,One year,Yes,Mailed check,89.13,3800.83,No
CUST-10353,Female,0,Yes,No,64,Fiber optic,No,No,Yes,No,No,Yes,Two year,Yes,Credit card (automatic),85.58,5483.5,No
CUST-10354,Female,0,Yes,No,24,DSL,No,Yes,No,No,Yes,No,Month-to-month,No,Electronic check,61.38,1488.43,No
CUST-10355,Male,0,No,Yes,71,Fiber optic,No,Yes,No,No,No,No,Month-to-month,Yes,Bank transfer (automatic),76.7,5452.39,No
CUST-10356,Female,0,No,Yes,34,DSL,No,No,No,Yes,No,Yes,Month-to-month,Yes,Electronic check,69.94,2397.08,No
CUST-10357,Female,0,Yes,No,48,Fiber optic,No,Yes,Yes,Yes,Yes,Yes,Month-to-month,Yes,Credit card (automatic),107.54,5150.29,Yes
CUST-10358,Male,0,No,No,12,DSL,No,Yes,No,No,No,No,One year,No,Bank transfer (automatic),58.33,720.34,Yes
CUST-10359,Male,0,No,No,23,DSL,Yes,Yes,No,No,No,No,One year,Yes,Mailed check,59.72,1363.16,No
CUST-10360,Female,1,No,No,13,DSL,Yes,No,Yes,No,Yes,No,Two year,Yes,Electronic check,68.61,939.71,No
CUST-10361,Male,0,Yes,No,45,Fiber optic,Yes,No,No,Yes,Yes,Yes,Two year,No,Electronic check,103.41,4670.57,No
CUST-10362,Male,0,Yes,Yes,65,DSL,No,Yes,No,Yes,No,No,Month-to-month,No,Bank transfer (automatic),61.29,4015.4,No
CUST-10363,Female,0,Yes,Yes,47,DSL,No,No,Yes,No,No,No,One year,Yes,Mailed check,53.53,2491.02,No
CUST-10364,Male,0,No,Yes,58,Fiber optic,Yes,No,No,No,No,Yes,Two year,Yes,Electronic check,85.86,4971.47,No
CUST-10365,Male,0,Yes,No,5,DSL,Yes,Yes,Yes,Yes,Yes,No,Month-to-month,No,Credit card (automatic),87.25,434.54,No
CUST-10366,Female,1,No,Yes,5,Fiber optic,No,No,Yes,No,Yes,No,Month-to-month,No,Mailed check,85.9,406.27,Yes
CUST-10367,Female,0,Yes,No,60,Fiber optic,No,No,No,Yes,No,Yes,Month-to-month,Yes,Bank transfer (automatic),88.82,5361.49,No
CUST-10368,Male,0,Yes,No,21,No,No internet service,No internet service,No internet service,No internet service,No internet service,No internet service,Two year,Yes,Electronic check,23.42,492.95,No
CUST-10369,Male,0,No,No,24,DSL,No,Yes,No,No,No,No,One year,No,Electronic check,58.5,1373.81,No
CUST-10370,Female,0,Yes,Yes,18,DSL,Yes,No,No,No,Yes,Yes,One year,No,Mailed check,72.52,1295.43,No
CUST-10371,Female,0,No,No,21,Fiber optic,No,No,Yes,No,No,Yes,Month-to-month,No,Bank transfer (automatic),87.08,1806.21,Yes
CUST-10372,Female,0,No,No,54,Fiber optic,Yes,No,No,No,Yes,Yes,Two year,Yes,Mailed check,92.9,5031.5,No
CUST-10373,Female,1,No,No,10,DSL,No,Yes,Yes,No,Yes,Yes,Month-to-month,Yes,Credit card (automatic),78.8,800.14,Yes
CUST-10374,Male,0,No,No,24,Fiber optic,No,No,Yes,Yes,No,No,One year,No,Mailed check,86.93,2099.27,No
CUST-10375,Female,0,No,Yes,60,Fiber optic,No,Yes,Yes,No,Yes,No,Month-to-month,Yes,Electronic check,96.01,5780.21,No
CUST-10376,Female,0,No,No,57,DSL,No,No,No,Yes,No,Yes,Month-to-month,Yes,Credit card (automatic),66.58,3839.0,No
CUST-10377,Male,0,No,No,23,Fiber optic,Yes,Yes,Yes,No,No,No,One year,Yes,Mailed check,88.7,2076.39,No
CUST-10378,Female,0,Yes,No,22,DSL,No,No,Yes,No,No,Yes,Two year,Yes,Electronic check,71.64,1567.12,No
CUST-10379,Male,0,Yes,No,68,No,No internet service,No internet service,No internet service,No internet service,No internet service,No internet service,Month-to-month,Yes,Electronic check,23.07,1611.35,No
CUST-10380,Female,0,Yes,No,34,Fiber optic,No,Yes,No,No,No,Yes,Month-to-month,No,Credit card (automatic),84.24,2860.15,Yes
CUST-10381,Female,0,Yes,Yes,70,DSL,No,No,Yes,No,Yes,Yes,Month-to-month,No,Credit card (automatic),76.76,5375.3,No
CUST-10382,Female,0,No,No,28,Fiber optic,Yes,No,Yes,No,Yes,Yes,Month-to-month,No,Electronic check,99.88,2798.06,Yes
CUST-10383,Male,0,No,No,39,No,No internet service,No internet service,No internet service,No internet service,No internet service,No internet service,Month-to-month,No,Mailed check,20.69,820.2,No
CUST-10384,Male,1,No,No,42,Fiber optic,Yes,No,Yes,Yes,No,No,One year,Yes,Bank transfer (automatic),90.12,3747.7,Yes
CUST-10385,Female,0,Yes,No,23,DSL,Yes,No,Yes,No,Yes,Yes,Two year,Yes,Credit card (automatic),78.54,1806.92,No
CUST-10386,Male,0,No,No,70,Fiber optic,Yes,Yes,No,Yes,Yes,No,Month-to-month,Yes,Mailed check,97.63,6840.01,No
CUST-10387,Male,0,Yes,No,2,Fiber optic,No,Yes,Yes,Yes,Yes,Yes,One year,Yes,Credit card (automatic),104.81,175.92,Yes
CUST-10388,Male,1,No,Yes,24,DSL,Yes,No,No,No,Yes,No,Month-to-month,No,Mailed check,61.88,1451.05,No
CUST-10389,Male,1,No,No,17,DSL,No,No,No,No,Yes,Yes,Month-to-month,Yes,Electronic check,71.24,1194.57,No
CUST-10390,Male,0,Yes,No,65,Fiber optic,Yes,Yes,Yes,No,No,No,Month-to-month,Yes,Electronic check,88.43,5733.14,No
CUST-10391,Male,1,Yes,No,70,Fiber optic,Yes,Yes,No,No,Yes,Yes,One year,Yes,Electronic check,103.84,7269.66,Yes
CUST-10392,Female,0,Yes,No,69,DSL,No,Yes,No,No,Yes,No,Month-to-month,Yes,Mailed check,66.16,4562.38,No
CUST-10393,Female,0,No,No,60,Fiber optic,No,No,No,Yes,Yes,No,Month-to-month,No,Credit card (automatic),87.41,5268.08,No
CUST-10394,Male,0,No,Yes,50,Fiber optic,No,No,No,Yes,Yes,No,Month-to-month,Yes,Electronic check,93.57,4670.9,No
CUST-10395,Female,0,No,No,12,DSL,No,No,No,No,No,Yes,Month-to-month,Yes,Mailed check,58.98,700.53,No
CUST-10396,Female,0,Yes,No,47,DSL,Yes,No,No,Yes,Yes,Yes,Month-to-month,Yes,Electronic check,81.84,3866.56,No
CUST-10397,Female,0,Yes,No,67,Fiber optic,Yes,Yes,No,Yes,No,Yes,Two year,No,Bank transfer (automatic),99.15,6605.0,No
CUST-10398,Female,0,No,No,65,Fiber optic,Yes,No,No,Yes,No,Yes,One year,Yes,Credit card (automatic),90.67,5929.02,No
CUST-10399,Male,0,No,No,27,Fiber optic,Yes,No,No,No,Yes,No,Two year,Yes,Electronic check,85.77,2285.34,Yes
CUST-10400,Female,0,Yes,Yes,48,DSL,Yes,No,Yes,No,Yes,No,Month-to-month,Yes,Mailed check,69.83,3372.26,No
CUST-10401,Female,0,Yes,No,62,Fiber optic,Yes,No,Yes,Yes,Yes,No,Month-to-month,Yes,Electronic check,98.71,6136.9,No
CUST-10402,Male,0,No,No,44,No,No internet service,No internet service,No internet service,No internet service,No internet service,No internet service,Month-to-month,Yes,Mailed check,18.5,845.3,No
CUST-10403,Male,0,Yes,Yes,19,Fiber optic,Yes,Yes,Yes,No,Yes,Yes,Month-to-month,No,Electronic check,102.67,1936.44,Yes
CUST-10404,Female,0,Yes,Yes,59,DSL,No,No,Yes,No,Yes,Yes,One year,No,Mailed check,69.75,4116.09,No
CUST-10405,Female,1,Yes,No,8,Fiber optic,No,No,Yes,Yes,Yes,No,Month-to-month,No,Bank transfer (automatic),90.73,702.81,Yes
CUST-10406,Female,0,No,Yes,55,DSL,No,Yes,No,Yes,No,Yes,Month-to-month,Yes,Mailed check,77.42,4256.87,No
CUST-10407,Female,0,No,No,47,DSL,No,Yes,No,Yes,Yes,No,One year,Yes,Electronic check,74.23,3486.76,No
CUST-10408,Female,0,No,Yes,2,DSL,No,Yes,No,No,Yes,Yes,Month-to-month,Yes,Mailed check,74.56,180.19,Yes
CUST-10409,Female,0,No,Yes,39,DSL,Yes,No,Yes,No,No,Yes,Two year,Yes,Bank transfer (automatic),68.88,2697.07,No
CUST-10410,Male,0,Yes,No,45,Fiber optic,Yes,No,Yes,No,No,Yes,Month-to-month,Yes,Bank transfer (automatic),95.78,4309.42,Yes
CUST-10411,Female,0,Yes,No,32,DSL,Yes,No,No,Yes,Yes,No,One year,Yes,Electronic check,71.07,2273.3,No
CUST-10412,Female,1,No,No,65,No,No internet service,No internet service,No internet service,No internet service,No internet service,No internet service,Month-to-month,No,Credit card (automatic),18.5,1193.32,No
CUST-10413,Male,0,Yes,No,38,Fiber optic,No,No,No,No,No,No,Two year,No,Mailed check,64.32,2439.38,No
CUST-10414,Male,1,No,No,11,Fiber optic,Yes,No,No,Yes,Yes,No,Month-to-month,No,Electronic check,86.31,951.05,No
CUST-10415,Male,1,Yes,No,10,Fiber optic,No,No,No,Yes,No,Yes,One year,No,Electronic check,89.38,932.58,Yes
CUST-10416,Male,0,Yes,No,59,Fiber optic,Yes,Yes,No,Yes,Yes,Yes,Month-to-month,Yes,Credit card (automatic),114.06,6737.58,No
CUST-10417,Female,1,Yes,No,55,Fiber optic,Yes,No,No,No,No,No,One year,Yes,Electronic check,75.89,4153.24,No
CUST-10418,Female,0,Yes,Yes,20,Fiber optic,No,No,Yes,Yes,Yes,Yes,Month-to-month,Yes,Credit card (automatic),105.85,2169.16,Yes
CUST-10419,Female,0,Yes,Yes,17,No,No internet service,No internet service,No internet service,No internet service,No internet service,No internet service,Month-to-month,Yes,Mailed check,25.39,452.32,No
CUST-10420,Female,0,Yes,No,68,Fiber optic,Yes,No,No,Yes,Yes,No,Two year,Yes,Mailed check,94.5,6445.44,Yes
CUST-10421,Female,1,No,No,5,Fiber optic,Yes,Yes,No,No,No,No,Two year,Yes,Bank transfer (automatic),80.98,400.58,No
CUST-10422,Female,1,Yes,Yes,60,Fiber optic,No,Yes,Yes,Yes,Yes,Yes,Month-to-month,Yes,Electronic check,112.68,6776.75,Yes
CUST-10423,Male,0,No,Yes,23,Fiber optic,No,No,No,No,No,Yes,Two year,No,Electronic check,82.71,1908.42,No
CUST-10424,Female,0,No,Yes,46,DSL,No,No,Yes,No,No,Yes,Month-to-month,No,Electronic check,68.53,3125.19,Yes
CUST-10425,Male,0,No,No,52,DSL,No,Yes,No,Yes,Yes,Yes,Two year,Yes,Credit card (automatic),82.54,4301.15,No
CUST-10426,Male,0,No,No,10,No,No internet service,No internet service,No internet service,No internet service,No internet service,No internet service,One year,Yes,Mailed check,21.22,187.1,No
CUST-10427,Female,0,No,Yes,46,DSL,No,No,No,No,No,Yes,Month-to-month,Yes,Mailed check,57.92,2670.28,No
CUST-10428,Male,0,Yes,No,28,No,No internet service,No internet service,No internet service,No internet service,No internet service,No internet service,Two year,No,Electronic check,19.91,565.31,No
CUST-10429,Female,0,Yes,No,43,DSL,No,Yes,No,Yes,Yes,No,Two year,Yes,Bank transfer (automatic),75.19,3214.92,No
CUST-10430,Male,0,Yes,No,26,Fiber optic,Yes,No,No,Yes,No,No,Month-to-month,No,Electronic check,88.52,2303.87,Yes
CUST-10431,Female,1,No,Yes,55,Fiber optic,Yes,No,Yes,Yes,Yes,No,One year,Yes,Electronic check,101.32,5584.49,No
CUST-10432,Male,0,No,No,48,DSL,No,Yes,Yes,No,No,No,Month-to-month,Yes,Electronic check,63.05,3016.15,No
CUST-10433,Female,0,Yes,No,29,Fiber optic,Yes,Yes,No,Yes,Yes,Yes,Two year,Yes,Bank transfer (automatic),107.8,3135.34,No
CUST-10434,Female,0,Yes,No,27,Fiber optic,No,No,Yes,No,No,No,One year,Yes,Mailed check,75.25,2057.2,No
CUST-10435,Female,1,No,Yes,18,Fiber optic,Yes,No,No,No,No,Yes,Month-to-month,Yes,Mailed check,83.84,1525.96,Yes
CUST-10436,Female,1,Yes,No,60,Fiber optic,Yes,Yes,Yes,No,No,Yes,One year,No,Bank transfer (automatic),98.12,5881.0,No
CUST-10437,Female,0,No,No,69,DSL,No,Yes,Yes,Yes,No,No,One year,Yes,Credit card (automatic),73.75,5117.81,No
CUST-10438,Male,0,No,No,21,Fiber optic,No,Yes,Yes,No,No,No,One year,Yes,Bank transfer (automatic),79.18,1677.84,No
CUST-10439,Male,0,No,Yes,24,DSL,Yes,No,Yes,No,Yes,No,Month-to-month,No,Mailed check,74.3,1779.82,No
CUST-10440,Male,0,No,No,3,DSL,No,Yes,Yes,No,Yes,Yes,Month-to-month,Yes,Bank transfer (automatic),81.3,231.56,Yes
CUST-10441,Female,0,No,Yes,62,No,No internet service,No internet service,No internet service,No internet service,No internet service,No internet service,One year,Yes,Credit card (automatic),18.5,1159.37,No
CUST-10442,Male,0,Yes,No,2,Fiber optic,Yes,No,Yes,Yes,No,Yes,Month-to-month,Yes,Mailed check,101.53,224.77,Yes
CUST-10443,Female,0,No,No,66,Fiber optic,No,No,No,No,No,Yes,Month-to-month,No,Mailed check,78.87,5228.1,No
CUST-10444,Female,0,No,No,42,Fiber optic,No,Yes,No,Yes,No,No,One year,No,Electronic check,85.43,3600.39,Yes
CUST-10445,Male,0,Yes,No,34,DSL,Yes,Yes,Yes,Yes,Yes,No,Month-to-month,Yes,Credit card (automatic),87.16,2956.62,No
CUST-10446,Male,0,Yes,No,42,Fiber optic,No,No,No,No,Yes,Yes,One year,No,Electronic check,92.42,3893.0,No
CUST-10447,Female,0,Yes,No,20,Fiber optic,No,Yes,No,No,No,No,One year,No,Electronic check,79.96,1581.98,No
CUST-10448,Male,1,Yes,No,68,DSL,No,No,Yes,Yes,No,No,One year,Yes,Mailed check,59.84,4074.92,No
CUST-10449,Female,0,No,Yes,45,No,No internet service,No internet service,No internet service,No internet service,No internet service,No internet service,Month-to-month,No,Credit card (automatic),20.61,963.42,No
CUST-10450,Female,1,No,No,42,Fiber optic,Yes,No,Yes,No,Yes,Yes,Month-to-month,Yes,Mailed check,99.78,4170.61,No
CUST-10451,Female,0,Yes,No,47,DSL,Yes,Yes,Yes,Yes,Yes,Yes,Month-to-month,No,Bank transfer (automatic),97.25,4559.68,No
CUST-10452,Female,0,Yes,No,5,Fiber optic,Yes,No,No,Yes,Yes,No,Two year,Yes,Credit card (automatic),88.78,462.84,Yes
CUST-10453,Female,0,No,No,49,Fiber optic,Yes,No,Yes,Yes,Yes,Yes,Month-to-month,No,Mailed check,110.15,5379.82,No
CUST-10454,Male,0,Yes,No,37,DSL,No,Yes,No,Yes,No,Yes,Two year,Yes,Bank transfer (automatic),68.35,2559.64,No
CUST-10455,Male,0,Yes,No,34,Fiber optic,Yes,No,Yes,No,Yes,No,One year,No,Mailed check,92.13,3151.94,Yes
CUST-10456,Female,0,No,No,70,No,No internet service,No internet service,No internet service,No internet service,No internet service,No internet service,Two year,Yes,Credit card (automatic),20.02,1421.76,No
CUST-10457,Female,0,No,No,18,Fiber optic,Yes,No,No,No,Yes,No,Month-to-month,No,Bank transfer (automatic),82.98,1516.4,No
CUST-10458,Male,0,Yes,No,19,No,No internet service,No internet service,No internet service,No internet service,No internet service,No internet service,Month-to-month,Yes,Credit card (automatic),18.82,331.73,No
CUST-10459,Male,0,Yes,No,40,No,No internet service,No internet service,No internet service,No internet service,No internet service,No internet service,Two year,No,Electronic check,18.89,733.97,No
CUST-10460,Female,0,Yes,Yes,17,No,No internet service,No internet service,No internet service,No internet service,No internet service,No internet service,Month-to-month,No,Electronic check,18.5,340.9,No
CUST-10461,Male,0,No,Yes,60,DSL,No,No,No,No,Yes,No,Month-to-month,Yes,Electronic check,56.11,3360.46,No
CUST-10462,Female,0,No,No,42,Fiber optic,No,Yes,Yes,No,Yes,Yes,Month-to-month,No,Mailed check,103.56,4348.07,No
CUST-10463,Male,0,Yes,No,72,DSL,No,No,No,Yes,Yes,No,Two year,Yes,Credit card (automatic),71.2,5140.56,No
CUST-10464,Female,0,No,No,65,Fiber optic,No,Yes,No,No,Yes,Yes,One year,No,Electronic check,98.36,6396.43,Yes
CUST-10465,Male,1,No,No,53,No,No internet service,No internet service,No internet service,No internet service,No internet service,No internet service,One year,No,Electronic check,18.5,1002.11,No
CUST-10466,Female,0,Yes,Yes,7,DSL,Yes,No,Yes,No,Yes,No,One year,Yes,Electronic check,75.72,541.61,No
CUST-10467,Male,0,Yes,No,5,Fiber optic,Yes,No,No,No,No,No,Month-to-month,No,Mailed check,78.9,390.54,Yes
CUST-10468,Male,1,No,Yes,24,Fiber optic,No,Yes,No,No,No,Yes,One year,Yes,Electronic check,83.76,2008.34,Yes
CUST-10469,Female,0,Yes,Yes,28,DSL,Yes,No,Yes,No,No,No,Month-to-month,Yes,Electronic check,59.82,1680.13,No
CUST-10470,Male,0,Yes,No,62,DSL,Yes,Yes,No,No,No,No,Two year,No,Credit card (automatic),59.45,3693.7,No
CUST-10471,Female,0,No,Yes,17,Fiber optic,No,Yes,No,Yes,Yes,No,Month-to-month,No,Mailed check,95.0,1631.09,Yes
CUST-10472,Male,0,No,No,20,DSL,No,No,Yes,Yes,Yes,No,Month-to-month,Yes,Bank transfer (automatic),74.09,1485.11,No
CUST-10473,Female,0,No,No,3,Fiber optic,Yes,No,No,No,No,No,Month-to-month,Yes,Mailed check,76.17,226.82,Yes
CUST-10474,Male,0,No,No,37,Fiber optic,No,No,Yes,No,No,Yes,Month-to-month,No,Bank transfer (automatic),83.09,3070.73,Yes
CUST-10475,Female,0,No,Yes,15,Fiber optic,No,No,Yes,No,Yes,Yes,One year,Yes,Electronic check,93.78,1398.06,No
CUST-10476,Male,0,Yes,No,51,DSL,No,No,No,Yes,No,Yes,Month-to-month,No,Credit card (automatic),65.37,3365.97,No
CUST-10477,Female,1,No,Yes,48,Fiber optic,No,No,No,Yes,No,No,Month-to-month,No,Bank transfer (automatic),75.55,3608.94,No
CUST-10478,Male,0,Yes,No,8,DSL,Yes,Yes,No,No,Yes,Yes,Month-to-month,Yes,Electronic check,82.28,633.03,Yes
CUST-10479,Female,0,Yes,No,13,No,No internet service,No internet service,No internet service,No internet service,No internet service,No internet service,One year,Yes,Electronic check,20.74,287.45,No
CUST-10480,Female,0,No,No,48,DSL,No,Yes,No,No,No,No,Month-to-month,Yes,Electronic check,57.98,2792.67,No
CUST-10481,Female,0,No,Yes,3,No,No internet service,No internet service,No internet service,No internet service,No internet service,No internet service,One year,Yes,Bank transfer (automatic),23.24,111.01,No
CUST-10482,Male,0,Yes,No,65,Fiber optic,No,No,Yes,No,Yes,Yes,Month-to-month,No,Bank transfer (automatic),98.18,6380.03,No
CUST-10483,Female,0,No,No,31,Fiber optic,No,No,Yes,Yes,Yes,Yes,Month-to-month,No,Mailed check,99.65,3088.57,Yes
CUST-10484,Male,0,Yes,Yes,26,DSL,No,Yes,Yes,Yes,No,No,Month-to-month,Yes,Electronic check,69.75,1797.03,Yes
CUST-10485,Female,1,Yes,No,56,DSL,No,Yes,No,No,Yes,Yes,Two year,Yes,Credit card (automatic),75.15,4210.41,Yes
CUST-10486,Male,0,Yes,No,34,Fiber optic,Yes,No,Yes,No,Yes,Yes,One year,Yes,Credit card (automatic),102.77,3459.5,Yes
CUST-10487,Female,0,No,Yes,9,DSL,Yes,No,No,No,Yes,Yes,Month-to-month,No,Bank transfer (automatic),72.17,611.77,No
CUST-10488,Male,0,No,Yes,62,No,No internet service,No internet service,No internet service,No internet service,No internet service,No internet service,One year,No,Mailed check,24.44,1504.41,No
CUST-10489,Male,0,Yes,No,13,Fiber optic,No,Yes,No,No,No,Yes,Two year,No,Credit card (automatic),84.8,1103.73,Yes
CUST-10490,Female,0,No,Yes,69,No,No internet service,No internet service,No internet service,No internet service,No internet service,No internet service,Month-to-month,Yes,Bank transfer (automatic),19.01,1299.95,No
CUST-10491,Male,0,Yes,Yes,41,Fiber optic,No,No,No,No,No,No,Two year,No,Mailed check,69.41,2834.24,No
CUST-10492,Male,0,No,No,1,DSL,No,Yes,No,No,Yes,No,Month-to-month,Yes,Electronic check,64.45,64.45,Yes
CUST-10493,Female,0,Yes,No,47,Fiber optic,No,No,No,Yes,Yes,Yes,Two year,No,Bank transfer (automatic),92.79,4373.76,No
CUST-10494,Male,0,Yes,No,4,DSL,No,Yes,No,No,No,Yes,Month-to-month,No,Electronic check,69.72,264.63,No
CUST-10495,Male,0,No,No,63,DSL,No,No,No,Yes,Yes,No,Month-to-month,No,Electronic check,66.1,4197.49,Yes
CUST-10496,Male,0,Yes,No,52,DSL,Yes,No,No,No,Yes,No,Month-to-month,Yes,Credit card (automatic),66.89,3476.9,No
CUST-10497,Female,0,Yes,Yes,10,No,No internet service,No internet service,No internet service,No internet service,No internet service,No internet service,Two year,No,Bank transfer (automatic),18.72,166.17,No
CUST-10498,Male,0,No,No,28,Fiber optic,Yes,No,Yes,No,No,Yes,One year,Yes,Credit card (automatic),90.11,2476.97,Yes
CUST-10499,Female,0,No,No,6,Fiber optic,Yes,No,No,No,No,No,One year,No,Mailed check,71.27,403.06,No
CUST-10500,Male,0,Yes,Yes,27,DSL,No,Yes,No,No,Yes,No,Month-to-month,Yes,Credit card (automatic),60.66,1636.55,No
CUST-10501,Male,0,Yes,No,12,Fiber optic,Yes,No,No,No,Yes,Yes,Month-to-month,Yes,Mailed check,93.66,1076.39,Yes
CUST-10502,Male,0,Yes,No,62,Fiber optic,No,No,No,Yes,Yes,Yes,Month-to-month,Yes,Bank transfer (automatic),96.54,5969.63,Yes
CUST-10503,Female,0,Yes,Yes,52,DSL,Yes,Yes,Yes,Yes,No,No,Month-to-month,No,Electronic check,80.31,4165.48,No
CUST-10504,Male,1,Yes,Yes,48,DSL,Yes,No,Yes,No,No,Yes,Month-to-month,Yes,Electronic check,72.22,3451.76,No
CUST-10505,Male,0,No,No,67,Fiber optic,Yes,Yes,No,No,Yes,Yes,Two year,No,Mailed check,104.42,6984.45,No
CUST-10506,Female,1,No,No,46,Fiber optic,No,No,No,No,Yes,No,One year,No,Bank transfer (automatic),75.49,3463.23,No
CUST-10507,Male,0,Yes,No,15,DSL,No,Yes,No,No,No,Yes,Month-to-month,No,Electronic check,66.16,976.7,Yes
CUST-10508,Female,0,Yes,No,71,No,No internet service,No internet service,No internet service,No internet service,No internet service,No internet service,One year,Yes,Mailed check,21.65,1566.55,No
CUST-10509,Female,0,Yes,Yes,36,DSL,No,No,No,No,No,No,Two year,No,Electronic check,50.34,1799.91,No
CUST-10510,Male,0,Yes,Yes,14,Fiber optic,Yes,No,No,No,Yes,No,One year,Yes,Electronic check,85.45,1143.74,Yes
CUST-10511,Female,1,No,Yes,3,DSL,Yes,Yes,Yes,No,Yes,No,One year,Yes,Bank transfer (automatic),77.25,199.02,Yes
CUST-10512,Male,0,Yes,Yes,67,DSL,Yes,No,No,No,No,No,Two year,Yes,Credit card (automatic),51.42,3457.18,No
CUST-10513,Female,0,Yes,Yes,19,No,No internet service,No internet service,No internet service,No internet service,No internet service,No internet service,One year,Yes,Electronic check,18.5,360.51,No
CUST-10514,Female,0,No,No,54,No,No internet service,No internet service,No internet service,No internet service,No internet service,No internet service,Month-to-month,Yes,Bank transfer (automatic),22.12,1183.98,No
CUST-10515,Male,0,Yes,No,69,Fiber optic,No,Yes,No,No,Yes,No,Month-to-month,Yes,Credit card (automatic),84.02,5769.15,No
CUST-10516,Female,0,No,No,10,No,No internet service,No internet service,No internet service,No internet service,No internet service,No internet service,Two year,Yes,Bank transfer (automatic),18.72,201.43,No
CUST-10517,Female,0,Yes,Yes,33,No,No internet service,No internet service,No internet service,No internet service,No internet service,No internet service,Month-to-month,Yes,Bank transfer (automatic),18.5,578.76,No
CUST-10518,Female,0,No,No,13,Fiber optic,No,Yes,No,No,Yes,Yes,Month-to-month,Yes,Electronic check,93.32,1220.63,Yes
CUST-10519,Female,0,No,No,51,No,No internet service,No internet service,No internet service,No internet service,No internet service,No internet service,Month-to-month,Yes,Mailed check,18.5,934.92,No
CUST-10520,Female,0,No,Yes,32,Fiber optic,No,No,Yes,No,No,No,One year,No,Mailed check,81.61,2621.51,Yes
CUST-10521,Male,0,No,No,24,Fiber optic,No,No,No,No,No,No,Two year,Yes,Mailed check,63.88,1522.99,Yes
CUST-10522,Female,1,Yes,No,35,Fiber optic,No,No,Yes,No,Yes,Yes,Month-to-month,Yes,Credit card (automatic),99.06,3496.31,Yes
CUST-10523,Male,1,Yes,Yes,70,DSL,No,No,No,No,Yes,No,Month-to-month,Yes,Mailed check,63.27,4392.0,No
CUST-10524,Female,0,No,No,40,No,No internet service,No internet service,No internet service,No internet service,No internet service,No internet service,Two year,Yes,Electronic check,20.42,828.31,No
CUST-10525,Male,0,No,Yes,54,DSL,No,No,Yes,No,Yes,No,Month-to-month,Yes,Credit card (automatic),66.48,3583.0,No
CUST-10526,Male,0,Yes,No,44,No,No internet service,No internet service,No internet service,No internet service,No internet service,No internet service,Month-to-month,Yes,Mailed check,20.7,896.72,No
CUST-10527,Female,0,Yes,No,62,DSL,Yes,Yes,Yes,No,No,Yes,Two year,No,Credit card (automatic),76.8,4786.7,No
CUST-10528,Female,0,Yes,No,68,DSL,No,No,Yes,Yes,Yes,Yes,Month-to-month,No,Bank transfer (automatic),87.95,5960.25,No
CUST-10529,Female,1,Yes,Yes,33,DSL,Yes,Yes,Yes,No,No,No,Month-to-month,No,Electronic check,71.36,2359.56,No
CUST-10530,Male,0,Yes,No,56,No,No internet service,No internet service,No internet service,No internet service,No internet service,No internet service,One year,No,Mailed check,21.63,1213.72,No
CUST-10531,Female,1,No,No,36,DSL,No,Yes,Yes,Yes,No,No,Month-to-month,No,Bank transfer (automatic),66.05,2353.19,No
CUST-10532,Male,0,Yes,No,54,Fiber optic,Yes,No,No,No,Yes,Yes,Two year,No,Electronic check,97.03,5256.13,No
CUST-10533,Male,0,Yes,No,19,Fiber optic,No,Yes,No,No,No,Yes,Month-to-month,No,Mailed check,89.85,1747.57,Yes
CUST-10534,Male,0,No,No,43,DSL,Yes,Yes,No,No,No,No,Month-to-month,Yes,Mailed check,62.82,2733.65,No
CUST-10535,Female,1,No,No,12,No,No internet service,No internet service,No internet service,No internet service,No internet service,No internet service,Month-to-month,Yes,Bank transfer (automatic),22.96,283.46,No
CUST-10536,Female,0,No,No,11,DSL,No,Yes,Yes,Yes,Yes,No,Month-to-month,Yes,Electronic check,78.81,862.35,Yes
CUST-10537,Male,0,No,No,70,Fiber optic,No,Yes,No,Yes,Yes,No,Two year,Yes,Bank transfer (automatic),92.58,6496.93,No
CUST-10538,Male,0,Yes,No,12,Fiber optic,No,Yes,No,No,Yes,No,One year,No,Electronic check,89.93,1098.52,Yes
CUST-10539,Female,0,No,No,41,DSL,Yes,Yes,Yes,Yes,Yes,Yes,Two year,Yes,Mailed check,98.0,4019.82,No
CUST-10540,Male,0,No,No,25,DSL,No,No,Yes,Yes,Yes,No,Month-to-month,No,Electronic check,74.26,1808.71,Yes
CUST-10541,Female,0,Yes,No,3,Fiber optic,Yes,No,No,No,Yes,Yes,One year,Yes,Electronic check,94.18,251.41,Yes
CUST-10542,Male,0,No,No,3,No,No internet service,No internet service,No internet service,No internet service,No internet service,No internet service,Month-to-month,Yes,Electronic check,20.06,69.37,Yes
CUST-10543,Female,0,No,No,28,DSL,No,No,No,No,Yes,No,Two year,Yes,Electronic check,59.11,1661.57,No
CUST-10544,Male,0,Yes,No,23,DSL,No,No,No,Yes,Yes,No,One year,Yes,Mailed check,68.02,1555.22,No
CUST-10545,Female,0,Yes,Yes,48,No,No internet service,No internet service,No internet service,No internet service,No internet service,No internet service,Month-to-month,Yes,Credit card (automatic),29.43,1418.13,No
CUST-10546,Male,0,Yes,No,67,DSL,No,No,No,No,No,No,Month-to-month,Yes,Mailed check,47.89,3179.34,No
CUST-10547,Female,0,Yes,No,42,Fiber optic,No,Yes,No,No,Yes,No,Month-to-month,Yes,Mailed check,80.62,3382.46,No
CUST-10548,Female,0,Yes,Yes,40,Fiber optic,Yes,No,No,No,No,Yes,One year,Yes,Credit card (automatic),83.01,3313.68,No
CUST-10549,Male,0,No,No,6,DSL,Yes,No,Yes,No,Yes,No,Two year,No,Credit card (automatic),73.66,402.68,No
CUST-10550,Male,1,Yes,Yes,20,Fiber optic,No,No,No,Yes,No,No,Month-to-month,Yes,Credit card (automatic),79.81,1597.95,No
CUST-10551,Female,0,No,Yes,11,No,No internet service,No internet service,No internet service,No internet service,No internet service,No internet service,Month-to-month,Yes,Electronic check,18.5,172.99,No
CUST-10552,Male,0,No,Yes,27,Fiber optic,No,Yes,No,Yes,Yes,No,Month-to-month,Yes,Bank transfer (automatic),92.87,2525.01,No
CUST-10553,Female,0,No,No,21,Fiber optic,Yes,No,No,No,Yes,No,One year,Yes,Credit card (automatic),87.6,1846.29,No
CUST-10554,Male,0,No,No,13,Fiber optic,No,No,No,Yes,No,No,Month-to-month,Yes,Credit card (automatic),77.68,996.48,No
CUST-10555,Female,0,Yes,No,35,Fiber optic,No,No,Yes,No,No,Yes,Month-to-month,Yes,Bank transfer (automatic),83.93,2917.19,No
CUST-10556,Female,0,Yes,No,47,DSL,Yes,No,No,Yes,No,Yes,Month-to-month,Yes,Electronic check,70.56,3288.48,No
CUST-10557,Female,0,No,No,28,Fiber optic,No,No,Yes,No,Yes,Yes,One year,No,Credit card (automatic),101.22,2824.64,Yes
CUST-10558,Female,0,No,No,21,Fiber optic,No,No,No,No,Yes,Yes,Month-to-month,Yes,Mailed check,88.64,1876.89,Yes
CUST-10559,Female,0,No,No,18,DSL,No,No,No,No,No,No,One year,Yes,Mailed check,50.16,896.11,No
CUST-10560,Female,0,Yes,No,31,No,No internet service,No internet service,No internet service,No internet service,No internet service,No internet service,Month-to-month,Yes,Mailed check,18.5,570.06,No
CUST-10561,Male,0,No,Yes,60,Fiber optic,No,Yes,Yes,Yes,No,Yes,Month-to-month,Yes,Mailed check,100.29,5995.29,Yes
CUST-10562,Male,0,Yes,Yes,37,No,No internet service,No internet service,No internet service,No internet service,No internet service,No internet service,Month-to-month,Yes,Electronic check,28.47,1043.29,No
CUST-10563,Male,0,No,No,21,DSL,Yes,Yes,Yes,Yes,Yes,Yes,Month-to-month,No,Electronic check,101.37,2124.25,Yes
CUST-10564,Female,0,No,No,14,No,No internet service,No internet service,No internet service,No internet service,No internet service,No internet service,Month-to-month,No,Credit card (automatic),20.76,293.12,No
CUST-10565,Female,1,Yes,Yes,60,Fiber optic,Yes,No,Yes,No,No,Yes,Month-to-month,Yes,Mailed check,96.85,5807.48,No
CUST-10566,Female,0,No,Yes,23,No,No internet service,No internet service,No internet service,No internet service,No internet service,No internet service,One year,No,Mailed check,21.81,510.61,No
CUST-10567,Female,0,Yes,No,29,No,No internet service,No internet service,No internet service,No internet service,No internet service,No internet service,Month-to-month,Yes,Credit card (automatic),26.98,795.52,No
CUST-10568,Male,0,Yes,No,47,No,No internet service,No internet service,No internet service,No internet service,No internet service,No internet service,Month-to-month,No,Mailed check,22.0,1064.57,No
CUST-10569,Male,0,Yes,No,30,No,No internet service,No internet service,No internet service,No internet service,No internet service,No internet service,Two year,No,Electronic check,24.02,725.0,No
CUST-10570,Female,0,No,No,38,DSL,No,Yes,Yes,No,No,No,One year,No,Mailed check,56.66,2161.5,No
CUST-10571,Male,0,No,No,27,Fiber optic,No,Yes,No,No,No,Yes,One year,Yes,Electronic check,87.16,2342.87,Yes
CUST-10572,Male,0,No,No,15,DSL,No,Yes,No,No,No,No,Two year,Yes,Electronic check,54.16,843.17,No
CUST-10573,Female,0,Yes,No,59,Fiber optic,Yes,Yes,Yes,No,No,No,Month-to-month,Yes,Bank transfer (automatic),89.68,5281.71,No
CUST-10574,Male,0,No,Yes,3,No,No internet service,No internet service,No internet service,No internet service,No internet service,No internet service,One year,Yes,Credit card (automatic),21.57,76.75,No
CUST-10575,Female,0,No,No,10,DSL,No,No,No,No,Yes,No,Month-to-month,Yes,Bank transfer (automatic),64.15,631.64,Yes
CUST-10576,Male,0,Yes,Yes,17,Fiber optic,Yes,No,No,Yes,Yes,Yes,Month-to-month,Yes,Electronic check,106.13,1801.32,Yes
CUST-10577,Female,1,No,Yes,11,Fiber optic,Yes,No,Yes,Yes,No,No,Month-to-month,Yes,Mailed check,85.77,943.87,Yes
CUST-10578,Female,0,Yes,No,48,DSL,No,No,No,Yes,No,No,Month-to-month,No,Electronic check,52.45,2478.53,No
CUST-10579,Female,0,No,No,5,DSL,Yes,No,No,No,No,No,Month-to-month,Yes,Mailed check,54.38,275.87,No
CUST-10580,Female,1,Yes,No,69,DSL,No,No,No,Yes,Yes,Yes,Month-to-month,No,Electronic check,80.25,5535.65,No
CUST-10581,Male,0,Yes,Yes,64,DSL,Yes,No,No,No,No,No,Month-to-month,Yes,Credit card (automatic),56.9,3628.12,No
CUST-10582,Female,0,Yes,No,14,Fiber optic,No,No,Yes,No,No,Yes,Month-to-month,No,Electronic check,87.2,1200.71,Yes
CUST-10583,Female,0,No,No,50,Fiber optic,No,Yes,Yes,Yes,No,No,Month-to-month,Yes,Electronic check,92.84,4629.19,No
CUST-10584,Female,0,Yes,No,26,DSL,No,Yes,No,No,No,Yes,Month-to-month,Yes,Mailed check,68.47,1758.97,No
CUST-10585,Male,0,Yes,Yes,72,No,No internet service,No internet service,No internet service,No internet service,No internet service,No internet service,Month-to-month,No,Electronic check,20.2,1444.39,No
CUST-10586,Female,0,No,No,69,Fiber optic,Yes,Yes,No,No,Yes,Yes,Month-to-month,Yes,Bank transfer (automatic),102.87,7084.64,No
CUST-10587,Male,0,No,No,7,Fiber optic,No,No,No,No,Yes,Yes,One year,Yes,Credit card (automatic),92.13,637.94,Yes
CUST-10588,Female,1,Yes,Yes,16,DSL,Yes,Yes,No,No,No,Yes,Month-to-month,Yes,Electronic check,70.9,1149.63,Yes
CUST-10589,Male,0,Yes,No,55,Fiber optic,Yes,Yes,No,Yes,Yes,No,Two year,Yes,Mailed check,103.44,5671.02,No
CUST-10590,Male,0,Yes,No,56,Fiber optic,No,Yes,Yes,Yes,No,Yes,Two year,Yes,Credit card (automatic),97.4,5442.73,Yes
CUST-10591,Female,0,Yes,Yes,4,Fiber optic,No,No,Yes,Yes,Yes,Yes,Month-to-month,Yes,Bank transfer (automatic),109.95,442.13,Yes
CUST-10592,Male,0,No,Yes,48,Fiber optic,Yes,No,No,Yes,No,Yes,One year,No,Credit card (automatic),96.14,4595.11,No
CUST-10593,Female,0,No,Yes,17,DSL,No,No,No,Yes,No,No,Month-to-month,No,Electronic check,64.48,1111.4,Yes
CUST-10594,Female,1,No,No,36,No,No internet service,No internet service,No internet service,No internet service,No internet service,No internet service,Month-to-month,Yes,Electronic check,18.5,646.7,Yes
CUST-10595,Female,0,Yes,Yes,70,Fiber optic,Yes,No,No,Yes,Yes,No,Two year,No,Electronic check,91.95,6439.19,No
CUST-10596,Male,0,No,No,38,Fiber optic,Yes,Yes,Yes,Yes,Yes,Yes,Month-to-month,Yes,Electronic check,117.45,4484.34,No
CUST-10597,Male,0,No,No,62,No,No internet service,No internet service,No internet service,No internet service,No internet service,No internet service,Two year,Yes,Bank transfer (automatic),20.77,1268.07,No
CUST-10598,Female,1,No,No,48,Fiber optic,Yes,No,No,Yes,Yes,Yes,One year,Yes,Electronic check,101.7,4865.61,Yes
CUST-10599,Female,0,No,Yes,10,Fiber optic,Yes,Yes,No,Yes,Yes,No,Month-to-month,No,Mailed check,99.92,990.18,No
CUST-10600,Male,0,No,Yes,36,Fiber optic,No,No,No,Yes,No,No,Month-to-month,Yes,Electronic check,81.74,2943.02,No
CUST-10601,Female,0,No,No,29,DSL,Yes,No,No,No,No,No,Month-to-month,No,Credit card (automatic),55.42,1604.58,No
CUST-10602,Female,1,Yes,No,4,No,No internet service,No internet service,No internet service,No internet service,No internet service,No internet service,Month-to-month,Yes,Electronic check,18.5,73.66,No
CUST-10603,Female,1,No,No,44,Fiber optic,Yes,No,Yes,Yes,No,Yes,Month-to-month,No,Electronic check,106.16,4681.16,Yes
CUST-10604,Male,1,No,Yes,56,Fiber optic,No,Yes,Yes,No,Yes,No,One year,No,Bank transfer (automatic),90.12,5042.98,No
CUST-10605,Male,0,No,No,42,No,No internet service,No internet service,No internet service,No internet service,No internet service,No internet service,Month-to-month,Yes,Electronic check,18.5,747.69,No
CUST-10606,Male,0,Yes,No,13,Fiber optic,Yes,Yes,Yes,Yes,Yes,Yes,Month-to-month,No,Mailed check,113.82,1505.13,Yes
CUST-10607,Female,0,No,Yes,46,Fiber optic,No,Yes,Yes,No,Yes,Yes,Month-to-month,Yes,Mailed check,101.16,4661.99,Yes
CUST-10608,Female,1,No,No,33,No,No internet service,No internet service,No internet service,No internet service,No internet service,No internet service,Two year,Yes,Credit card (automatic),20.83,661.91,No
CUST-10609,Female,0,Yes,No,21,DSL,No,No,No,No,Yes,Yes,Month-to-month,Yes,Bank transfer (automatic),77.83,1630.74,No
CUST-10610,Male,0,Yes,Yes,57,DSL,Yes,No,Yes,No,No,Yes,Month-to-month,Yes,Bank transfer (automatic),69.31,3966.38,No
CUST-10611,Female,0,No,No,69,DSL,Yes,Yes,Yes,Yes,Yes,No,Two year,No,Credit card (automatic),89.28,6142.15,No
CUST-10612,Female,0,No,No,70,No,No internet service,No internet service,No internet service,No internet service,No internet service,No internet service,Month-to-month,Yes,Credit card (automatic),25.85,1827.99,No
CUST-10613,Female,0,No,Yes,67,DSL,No,No,No,No,Yes,Yes,Month-to-month,Yes,Bank transfer (automatic),68.73,4585.54,No
CUST-10614,Female,1,Yes,No,48,DSL,Yes,No,No,No,Yes,Yes,Two year,Yes,Mailed check,74.7,3594.19,No
CUST-10615,Male,1,No,No,33,DSL,No,No,No,No,No,Yes,One year,Yes,Bank transfer (automatic),60.92,1959.13,No
CUST-10616,Male,0,Yes,No,36,DSL,No,No,Yes,No,No,Yes,Month-to-month,Yes,Mailed check,65.63,2381.54,No
CUST-10617,Female,0,Yes,Yes,33,Fiber optic,No,Yes,No,No,No,No,Month-to-month,No,Credit card (automatic),70.55,2290.42,No
CUST-10618,Male,0,Yes,No,31,No,No internet service,No internet service,No internet service,No internet service,No internet service,No internet service,One year,No,Bank transfer (automatic),24.06,769.68,No
CUST-10619,Male,0,Yes,No,21,DSL,No,No,Yes,No,Yes,Yes,Month-to-month,Yes,Electronic check,77.47,1603.56,Yes
CUST-10620,Female,0,Yes,No,27,Fiber optic,No,No,No,Yes,Yes,Yes,Two year,Yes,Electronic check,96.31,2638.04,No
CUST-10621,Female,0,Yes,Yes,72,Fiber optic,Yes,No,No,No,Yes,Yes,Month-to-month,Yes,Electronic check,94.87,6832.7,No
CUST-10622,Male,0,Yes,No,62,Fiber optic,No,No,Yes,Yes,No,No,Month-to-month,No,Electronic check,84.05,5231.44,No
CUST-10623,Female,1,Yes,No,26,No,No internet service,No internet service,No internet service,No internet service,No internet service,No internet service,Month-to-month,Yes,Electronic check,21.78,562.55,No
CUST-10624,Male,0,Yes,No,66,Fiber optic,No,Yes,No,No,Yes,No,One year,Yes,Mailed check,83.3,5467.36,No
CUST-10625,Female,0,Yes,No,12,DSL,No,No,No,Yes,No,Yes,Two year,No,Electronic check,66.87,783.74,No
CUST-10626,Male,0,Yes,Yes,22,No,No internet service,No internet service,No internet service,No internet service,No internet service,No internet service,One year,Yes,Bank transfer (automatic),20.43,458.78,No
CUST-10627,Female,0,No,Yes,17,Fiber optic,No,No,No,Yes,No,Yes,Two year,Yes,Electronic check,82.1,1453.71,No
CUST-10628,Male,0,Yes,No,7,DSL,Yes,No,Yes,Yes,Yes,Yes,Month-to-month,No,Electronic check,89.26,653.66,Yes
CUST-10629,Male,0,Yes,Yes,68,DSL,Yes,No,No,Yes,Yes,Yes,Month-to-month,Yes,Mailed check,80.94,5505.68,No
CUST-10630,Male,0,Yes,No,37,No,No internet service,No internet service,No internet service,No internet service,No internet service,No internet service,Two year,Yes,Credit card (automatic),21.83,826.6,No
CUST-10631,Female,1,Yes,Yes,38,Fiber optic,No,Yes,Yes,Yes,Yes,No,Two year,Yes,Mailed check,101.74,3870.46,No
CUST-10632,Male,0,No,No,11,Fiber optic,Yes,Yes,Yes,No,No,Yes,Two year,Yes,Mailed check,101.81,1115.27,Yes
CUST-10633,Male,0,No,No,1,No,No internet service,No internet service,No internet service,No internet service,No internet service,No internet service,One year,Yes,Bank transfer (automatic),18.5,19.66,No
CUST-10634,Female,0,No,No,25,Fiber optic,Yes,No,Yes,No,Yes,Yes,Month-to-month,No,Electronic check,100.15,2492.38,Yes
CUST-10635,Female,0,No,No,42,DSL,No,No,No,No,Yes,No,Month-to-month,Yes,Mailed check,60.59,2546.18,Yes
CUST-10636,Male,0,No,Yes,52,Fiber optic,No,No,Yes,Yes,Yes,No,Two year,No,Electronic check,98.88,5148.94,No
CUST-10637,Male,0,Yes,No,24,Fiber optic,Yes,Yes,No,Yes,No,No,Month-to-month,Yes,Bank transfer (automatic),85.68,2054.98,No
CUST-10638,Female,0,Yes,Yes,53,Fiber optic,No,Yes,No,No,No,Yes,Month-to-month,Yes,Bank transfer (automatic),83.59,4420.7,Yes
CUST-10639,Female,1,Yes,No,56,DSL,Yes,No,Yes,No,No,No,One year,Yes,Bank transfer (automatic),65.94,3681.98,No
CUST-10640,Female,0,Yes,No,63,DSL,No,Yes,Yes,No,Yes,No,Month-to-month,Yes,Electronic check,79.91,5028.75,Yes
CUST-10641,Female,0,No,No,8,Fiber optic,No,No,No,No,Yes,Yes,Two year,Yes,Bank transfer (automatic),95.12,763.12,No
CUST-10642,Female,0,No,No,59,No,No internet service,No internet service,No internet service,No internet service,No internet service,No internet service,Month-to-month,Yes,Electronic check,25.15,1474.05,No
CUST-10643,Male,0,Yes,No,45,Fiber optic,No,Yes,Yes,No,No,No,One year,Yes,Electronic check,84.29,3803.5,Yes
CUST-10644,Female,0,No,No,27,No,No internet service,No internet service,No internet service,No internet service,No internet service,No internet service,One year,Yes,Electronic check,20.4,518.06,No
CUST-10645,Male,0,No,No,52,Fiber optic,Yes,Yes,No,No,No,No,One year,No,Bank transfer (automatic),86.71,4513.03,No
CUST-10646,Male,0,Yes,No,18,No,No internet service,No internet service,No internet service,No internet service,No internet service,No internet service,Month-to-month,Yes,Electronic check,19.02,361.75,No
CUST-10647,Male,0,Yes,Yes,16,DSL,No,No,Yes,Yes,No,Yes,Month-to-month,Yes,Bank transfer (automatic),71.97,1186.84,No
CUST-10648,Female,0,Yes,No,66,Fiber optic,No,Yes,Yes,No,Yes,No,Month-to-month,Yes,Credit card (automatic),93.85,6192.53,No
CUST-10649,Male,0,Yes,No,5,Fiber optic,Yes,No,Yes,Yes,Yes,No,Month-to-month,Yes,Electronic check,98.92,507.52,Yes
CUST-10650,Male,0,Yes,Yes,3,DSL,Yes,No,Yes,Yes,No,No,One year,No,Mailed check,67.69,207.17,No
CUST-10651,Female,0,Yes,Yes,70,Fiber optic,No,Yes,Yes,No,No,Yes,Month-to-month,Yes,Electronic check,95.55,6708.79,No
CUST-10652,Male,0,Yes,Yes,7,No,No internet service,No internet service,No internet service,No internet service,No internet service,No internet service,Month-to-month,Yes,Mailed check,19.25,129.83,No
CUST-10653,Male,0,Yes,No,50,Fiber optic,No,Yes,No,Yes,Yes,Yes,Month-to-month,Yes,Electronic check,104.55,5237.3,No
CUST-10654,Female,0,No,Yes,14,No,No internet service,No internet service,No internet service,No internet service,No internet service,No internet service,One year,No,Credit card (automatic),21.62,259.23,No
CUST-10655,Male,0,No,Yes,38,Fiber optic,Yes,No,No,No,Yes,No,Month-to-month,Yes,Mailed check,79.7,3048.26,No
CUST-10656,Male,1,No,Yes,47,Fiber optic,No,No,Yes,Yes,No,Yes,Two year,Yes,Bank transfer (automatic),98.72,4642.24,No
CUST-10657,Male,0,Yes,No,33,Fiber optic,No,Yes,No,No,No,No,One year,Yes,Electronic check,82.9,2721.65,Yes
CUST-10658,Female,0,Yes,No,43,DSL,Yes,Yes,Yes,No,No,Yes,One year,Yes,Credit card (automatic),81.84,3524.49,No
CUST-10659,Female,0,No,No,29,Fiber optic,No,No,Yes,No,No,Yes,Two year,Yes,Credit card (automatic),76.22,2238.5,No
CUST-10660,Female,0,Yes,No,57,Fiber optic,Yes,Yes,No,Yes,No,Yes,Month-to-month,No,Bank transfer (automatic),99.68,5662.45,No
CUST-10661,Male,1,Yes,No,5,No,No internet service,No internet service,No internet service,No internet service,No internet service,No internet service,Two year,No,Credit card (automatic),18.5,74.46,No
CUST-10662,Male,1,No,Yes,60,Fiber optic,No,No,No,Yes,Yes,Yes,Month-to-month,Yes,Electronic check,101.58,6062.07,No
CUST-10663,Female,0,No,Yes,70,DSL,No,No,No,No,Yes,No,Two year,Yes,Mailed check,63.59,4433.29,No
CUST-10664,Male,0,Yes,Yes,2,DSL,Yes,Yes,No,No,Yes,No,Two year,Yes,Bank transfer (automatic),72.12,125.01,No
CUST-10665,Male,0,Yes,Yes,70,No,No internet service,No internet service,No internet service,No internet service,No internet service,No internet service,Month-to-month,Yes,Bank transfer (automatic),18.5,1290.92,No
CUST-10666,Female,1,Yes,No,43,Fiber optic,No,Yes,Yes,No,No,Yes,Month-to-month,Yes,Credit card (automatic),93.03,4001.12,No
CUST-10667,Female,0,Yes,No,4,No,No internet service,No internet service,No internet service,No internet service,No internet service,No internet service,Month-to-month,Yes,Electronic check,18.5,45.81,No
CUST-10668,Male,0,Yes,No,56,Fiber optic,Yes,No,No,No,Yes,No,One year,No,Electronic check,85.42,4789.75,No
CUST-10669,Male,0,Yes,No,59,Fiber optic,No,No,No,No,No,No,Month-to-month,Yes,Electronic check,69.96,4132.58,No
CUST-10670,Male,0,Yes,No,9,Fiber optic,No,No,No,No,Yes,Yes,Month-to-month,No,Credit card (automatic),93.13,842.66,Yes
CUST-10671,Female,0,No,Yes,3,DSL,Yes,Yes,Yes,No,Yes,Yes,Month-to-month,Yes,Credit card (automatic),87.53,245.0,Yes
CUST-10672,Female,0,No,Yes,48,Fiber optic,No,Yes,No,Yes,Yes,No,Month-to-month,Yes,Mailed check,99.02,4791.36,No
CUST-10673,Female,0,No,No,43,Fiber optic,No,No,Yes,Yes,No,Yes,Two year,Yes,Mailed check,96.19,4148.76,No
CUST-10674,Female,0,Yes,No,1,Fiber optic,Yes,Yes,No,No,Yes,Yes,One year,No,Bank transfer (automatic),99.42,99.42,Yes
CUST-10675,Male,0,Yes,Yes,57,No,No internet service,No internet service,No internet service,No internet service,No internet service,No internet service,Month-to-month,Yes,Bank transfer (automatic),19.74,1093.25,No
CUST-10676,Female,0,Yes,No,53,DSL,No,Yes,No,No,No,Yes,Month-to-month,No,Electronic check,69.86,3686.36,No
CUST-10677,Female,0,Yes,No,16,Fiber optic,No,Yes,Yes,Yes,Yes,Yes,Month-to-month,No,Bank transfer (automatic),115.26,1845.92,Yes
CUST-10678,Female,0,Yes,No,51,DSL,No,Yes,No,No,Yes,Yes,Month-to-month,No,Mailed check,67.97,3495.33,No
CUST-10679,Female,0,No,No,55,DSL,No,No,No,No,Yes,Yes,Two year,No,Mailed check,66.41,3638.98,No
CUST-10680,Female,0,No,No,1,Fiber optic,No,No,Yes,Yes,No,No,Month-to-month,No,Electronic check,83.12,83.12,Yes
CUST-10681,Male,0,No,Yes,28,DSL,No,Yes,No,Yes,Yes,Yes,Month-to-month,No,Bank transfer (automatic),88.22,2475.9,No
CUST-10682,Male,0,Yes,No,53,Fiber optic,Yes,No,No,No,Yes,No,Two year,Yes,Credit card (automatic),88.77,4695.38,No
CUST-10683,Female,0,No,Yes,58,DSL,No,Yes,No,Yes,Yes,Yes,Two year,No,Bank transfer (automatic),87.01,5048.73,No
CUST-10684,Male,0,Yes,No,60,DSL,Yes,Yes,No,Yes,Yes,No,Month-to-month,No,Bank transfer (automatic),82.41,4941.29,No
CUST-10685,Female,0,Yes,No,59,DSL,Yes,No,No,Yes,No,Yes,Month-to-month,Yes,Mailed check,78.14,4604.82,No
CUST-10686,Female,0,Yes,No,22,DSL,No,No,Yes,Yes,No,Yes,Month-to-month,No,Bank transfer (automatic),76.68,1707.44,Yes
CUST-10687,Male,0,No,No,8,No,No internet service,No internet service,No internet service,No internet service,No internet service,No internet service,One year,Yes,Mailed check,23.27,197.91,No
CUST-10688,Male,0,No,No,49,Fiber optic,Yes,No,Yes,No,Yes,No,Two year,Yes,Credit card (automatic),93.3,4575.97,No
CUST-10689,Female,0,Yes,No,42,No,No internet service,No internet service,No internet service,No internet service,No internet service,No internet service,Month-to-month,Yes,Mailed check,23.17,930.03,No
CUST-10690,Female,0,No,No,27,DSL,Yes,Yes,No,No,No,Yes,Month-to-month,Yes,Bank transfer (automatic),69.55,1872.76,No
CUST-10691,Female,0,No,No,39,Fiber optic,No,No,No,No,No,No,Two year,No,Bank transfer (automatic),67.4,2645.85,No
CUST-10692,Male,0,Yes,No,25,Fiber optic,No,No,Yes,Yes,Yes,No,One year,No,Bank transfer (automatic),93.02,2305.99,No
CUST-10693,Female,0,Yes,Yes,38,DSL,Yes,Yes,Yes,No,No,No,Two year,No,Bank transfer (automatic),67.17,2547.85,No
CUST-10694,Female,0,Yes,No,24,Fiber optic,Yes,No,Yes,No,Yes,No,Month-to-month,No,Mailed check,94.45,2265.68,Yes
CUST-10695,Female,0,No,No,24,Fiber optic,Yes,No,Yes,Yes,No,Yes,Month-to-month,Yes,Credit card (automatic),104.95,2523.29,Yes
CUST-10696,Male,0,Yes,Yes,60,Fiber optic,No,No,No,Yes,No,No,Month-to-month,Yes,Mailed check,76.18,4562.56,No
CUST-10697,Female,0,No,Yes,50,Fiber optic,No,Yes,Yes,Yes,No,No,Month-to-month,Yes,Credit card (automatic),98.59,4937.8,Yes
CUST-10698,Female,0,Yes,No,66,Fiber optic,No,No,No,Yes,No,No,One year,No,Bank transfer (automatic),77.33,5111.36,No
CUST-10699,Male,0,No,Yes,14,DSL,No,Yes,No,Yes,Yes,No,Month-to-month,Yes,Electronic check,74.06,1018.49,No
CUST-10700,Female,0,Yes,No,53,Fiber optic,Yes,No,Yes,No,No,Yes,Month-to-month,No,Credit card (automatic),92.86,4905.76,No
CUST-10701,Female,0,No,No,32,No,No internet service,No internet service,No internet service,No internet service,No internet service,No internet service,Two year,No,Mailed check,18.5,595.4,No
CUST-10702,Male,0,No,No,48,Fiber optic,No,No,No,Yes,Yes,Yes,Month-to-month,No,Credit card (automatic),96.5,4661.25,Yes
CUST-10703,Female,0,No,Yes,39,Fiber optic,No,No,Yes,Yes,Yes,No,One year,Yes,Bank transfer (automatic),94.09,3689.51,No
CUST-10704,Male,1,No,No,40,Fiber optic,Yes,Yes,Yes,No,No,No,Month-to-month,Yes,Electronic check,84.48,3367.83,Yes
CUST-10705,Male,1,Yes,No,42,Fiber optic,Yes,Yes,No,No,Yes,No,Two year,No,Mailed check,88.54,3702.57,Yes
CUST-10706,Female,0,No,No,8,Fiber optic,No,Yes,Yes,Yes,Yes,No,Month-to-month,No,Mailed check,100.77,798.54,Yes
CUST-10707,Female,0,Yes,No,26,DSL,No,Yes,No,No,No,No,One year,Yes,Credit card (automatic),54.78,1454.96,No
CUST-10708,Female,0,Yes,No,12,Fiber optic,No,Yes,No,Yes,No,Yes,Month-to-month,No,Bank transfer (automatic),92.05,1104.27,Yes
CUST-10709,Female,0,No,No,43,Fiber optic,Yes,Yes,Yes,Yes,No,Yes,Month-to-month,No,Mailed check,109.08,4694.07,No
CUST-10710,Male,0,Yes,No,51,Fiber optic,No,Yes,No,Yes,Yes,Yes,One year,Yes,Bank transfer (automatic),98.75,5019.74,No
CUST-10711,Female,0,Yes,No,63,Fiber optic,No,Yes,No,No,No,No,Month-to-month,Yes,Bank transfer (automatic),77.76,4899.34,No
CUST-10712,Male,0,No,No,49,Fiber optic,No,No,Yes,No,Yes,Yes,Month-to-month,Yes,Electronic check,97.45,4744.66,No
CUST-10713,Female,0,Yes,No,27,No,No internet service,No internet service,No internet service,No internet service,No internet service,No internet service,Two year,Yes,Electronic check,20.85,535.21,No
CUST-10714,Female,0,No,Yes,9,Fiber optic,No,No,No,Yes,Yes,No,Two year,No,Electronic check,84.32,760.47,No
CUST-10715,Female,0,Yes,Yes,39,Fiber optic,No,Yes,No,No,No,Yes,Month-to-month,Yes,Electronic check,84.33,3293.47,No
CUST-10716,Male,0,Yes,No,65,Fiber optic,No,No,No,No,Yes,No,Month-to-month,No,Electronic check,81.18,5268.33,Yes
CUST-10717,Female,0,Yes,No,71,DSL,Yes,No,No,No,Yes,No,Month-to-month,No,Electronic check,63.38,4506.33,No
CUST-10718,Female,0,No,No,71,No,No internet service,No internet service,No internet service,No internet service,No internet service,No internet service,Month-to-month,Yes,Credit card (automatic),18.5,1287.65,No
CUST-10719,Female,0,No,No,7,Fiber optic,No,No,Yes,Yes,No,Yes,Two year,Yes,Electronic check,94.19,652.37,Yes
CUST-10720,Female,0,No,Yes,72,Fiber optic,No,Yes,No,No,Yes,Yes,One year,Yes,Electronic check,95.43,6858.17,No
CUST-10721,Male,0,No,No,67,Fiber optic,No,No,No,No,Yes,No,Month-to-month,Yes,Electronic check,82.19,5504.98,No
CUST-10722,Female,0,Yes,Yes,10,DSL,No,Yes,No,No,No,No,Two year,Yes,Mailed check,59.41,588.0,No
CUST-10723,Male,0,Yes,No,71,No,No internet service,No internet service,No internet service,No internet service,No internet service,No internet service,One year,No,Mailed check,20.41,1494.41,No
CUST-10724,Male,0,No,No,53,Fiber optic,No,No,No,Yes,No,Yes,One year,Yes,Electronic check,89.31,4714.36,Yes
CUST-10725,Male,1,Yes,No,57,Fiber optic,No,No,Yes,Yes,No,Yes,Month-to-month,Yes,Bank transfer (automatic),98.17,5595.59,Yes
CUST-10726,Male,0,Yes,No,27,DSL,Yes,No,No,No,Yes,No,Month-to-month,Yes,Bank transfer (automatic),64.44,1795.63,No
CUST-10727,Male,0,Yes,No,54,Fiber optic,Yes,No,No,No,No,Yes,One year,Yes,Mailed check,86.62,4689.7,No
CUST-10728,Male,1,No,No,4,DSL,No,No,No,Yes,No,Yes,Month-to-month,Yes,Bank transfer (automatic),63.74,254.17,No
CUST-10729,Female,1,No,Yes,23,Fiber optic,No,Yes,No,No,Yes,No,Month-to-month,No,Mailed check,84.31,1955.44,Yes
CUST-10730,Male,0,Yes,Yes,48,Fiber optic,Yes,No,No,Yes,No,No,Month-to-month,Yes,Electronic check,88.14,4243.33,No
CUST-10731,Male,0,Yes,No,42,DSL,Yes,No,No,Yes,No,No,Month-to-month,No,Bank transfer (automatic),66.07,2752.86,No
CUST-10732,Male,0,No,No,3,Fiber optic,Yes,Yes,No,No,No,No,Month-to-month,Yes,Credit card (automatic),83.51,219.55,No
CUST-10733,Female,0,No,No,3,Fiber optic,No,Yes,No,No,No,Yes,One year,No,Bank transfer (automatic),83.34,251.95,No
CUST-10734,Female,0,Yes,No,28,No,No internet service,No internet service,No internet service,No internet service,No internet service,No internet service,Month-to-month,No,Electronic check,18.5,508.41,No
CUST-10735,Male,0,No,No,63,Fiber optic,No,Yes,Yes,No,Yes,Yes,Month-to-month,Yes,Credit card (automatic),100.12,6353.04,No
CUST-10736,Female,0,Yes,No,31,DSL,No,No,No,No,Yes,Yes,One year,Yes,Mailed check,70.31,2201.99,Yes
CUST-10737,Male,0,Yes,No,10,DSL,No,No,No,No,Yes,Yes,Month-to-month,Yes,Electronic check,71.59,738.28,Yes
CUST-10738,Male,0,No,Yes,49,No,No internet service,No internet service,No internet service,No internet service,No internet service,No internet service,Month-to-month,No,Mailed check,24.75,1165.35,No
CUST-10739,Female,0,No,Yes,21,Fiber optic,No,No,Yes,No,Yes,No,One year,No,Bank transfer (automatic),83.39,1739.39,No
CUST-10740,Male,0,Yes,No,53,Fiber optic,No,No,No,No,Yes,Yes,Month-to-month,Yes,Credit card (automatic),88.3,4679.69,No
CUST-10741,Female,0,No,Yes,54,DSL,No,Yes,Yes,No,Yes,Yes,One year,Yes,Mailed check,87.9,4731.9,No
CUST-10742,Female,0,No,Yes,57,Fiber optic,No,No,No,Yes,No,No,One year,No,Electronic check,73.23,4161.61,No
CUST-10743,Male,0,No,Yes,20,No,No internet service,No internet service,No internet service,No internet service,No internet service,No internet service,Month-to-month,No,Bank transfer (automatic),20.66,408.06,No
CUST-10744,Male,0,No,No,49,Fiber optic,No,Yes,Yes,No,No,No,Month-to-month,No,Credit card (automatic),77.23,3786.76,Yes
CUST-10745,Female,0,No,No,7,DSL,Yes,No,Yes,Yes,Yes,Yes,Two year,No,Electronic check,88.96,676.84,No
CUST-10746,Male,1,Yes,No,29,Fiber optic,No,Yes,Yes,Yes,Yes,Yes,Month-to-month,Yes,Credit card (automatic),116.9,3376.66,Yes
CUST-10747,Male,0,Yes,No,48,DSL,Yes,Yes,No,Yes,Yes,No,Two year,No,Mailed check,80.65,3888.11,No
CUST-10748,Male,0,Yes,No,13,No,No internet service,No internet service,No internet service,No internet service,No internet service,No internet service,One year,No,Credit card (automatic),23.97,340.88,No
CUST-10749,Female,0,Yes,No,3,Fiber optic,No,No,No,No,Yes,No,Month-to-month,No,Mailed check,81.64,225.02,Yes
CUST-10750,Female,0,No,Yes,2,Fiber optic,No,No,Yes,No,No,No,Month-to-month,Yes,Mailed check,78.59,197.43,Yes
CUST-10751,Male,0,Yes,Yes,16,Fiber optic,No,No,No,Yes,Yes,Yes,Month-to-month,Yes,Bank transfer (automatic),93.1,1494.31,Yes
CUST-10752,Female,1,Yes,No,6,No,No internet service,No internet service,No internet service,No internet service,No internet service,No internet service,Month-to-month,Yes,Credit card (automatic),26.2,107.29,Yes
CUST-10753,Female,0,Yes,No,45,No,No internet service,No internet service,No internet service,No internet service,No internet service,No internet service,One year,Yes,Electronic check,24.89,1144.49,No
CUST-10754,Female,0,Yes,No,71,DSL,Yes,Yes,No,No,Yes,No,Two year,Yes,Mailed check,68.76,4849.61,No
CUST-10755,Female,0,Yes,No,5,No,No internet service,No internet service,No internet service,No internet service,No internet service,No internet service,Two year,No,Electronic check,24.59,152.11,Yes
CUST-10756,Female,0,No,No,56,No,No internet service,No internet service,No internet service,No internet service,No internet service,No internet service,Month-to-month,Yes,Electronic check,23.19,1318.11,No
CUST-10757,Male,0,Yes,Yes,71,Fiber optic,Yes,No,Yes,No,No,Yes,Two year,Yes,Bank transfer (automatic),93.96,6650.35,No
CUST-10758,Male,0,No,Yes,32,No,No internet service,No internet service,No internet service,No internet service,No internet service,No internet service,Two year,No,Electronic check,20.64,652.68,No
CUST-10759,Male,0,No,Yes,49,Fiber optic,No,No,Yes,No,No,Yes,Two year,No,Credit card (automatic),86.7,4261.99,No
CUST-10760,Female,0,Yes,Yes,13,Fiber optic,Yes,No,No,Yes,No,Yes,Month-to-month,Yes,Mailed check,98.22,1265.76,Yes
CUST-10761,Female,0,Yes,No,30,DSL,No,No,No,No,No,Yes,One year,Yes,Credit card (automatic),60.4,1846.8,Yes
CUST-10762,Male,1,Yes,Yes,25,Fiber optic,No,Yes,No,No,Yes,No,One year,No,Electronic check,87.42,2203.79,Yes
CUST-10763,Female,0,No,Yes,60,DSL,No,No,Yes,Yes,No,No,Month-to-month,No,Electronic check,69.97,4168.3,No
CUST-10764,Male,0,No,No,59,No,No internet service,No internet service,No internet service,No internet service,No internet service,No internet service,Two year,Yes,Electronic check,23.49,1382.4,No
CUST-10765,Male,0,Yes,No,28,No,No internet service,No internet service,No internet service,No internet service,No internet service,No internet service,Month-to-month,Yes,Credit card (automatic),18.5,528.39,No
CUST-10766,Male,0,No,Yes,58,Fiber optic,No,No,No,No,No,Yes,Month-to-month,Yes,Mailed check,78.25,4522.91,No
CUST-10767,Female,1,No,Yes,20,Fiber optic,No,No,Yes,No,No,Yes,Two year,No,Electronic check,84.53,1712.43,Yes
CUST-10768,Female,0,Yes,No,34,Fiber optic,No,No,No,Yes,No,No,Month-to-month,Yes,Credit card (automatic),79.34,2709.85,Yes
CUST-10769,Male,0,Yes,No,5,DSL,No,No,No,No,No,Yes,Two year,Yes,Credit card (automatic),58.55,307.11,Yes
CUST-10770,Male,1,No,No,60,Fiber optic,No,No,No,No,No,Yes,One year,Yes,Credit card (automatic),78.85,4724.7,No
CUST-10771,Male,0,No,No,43,Fiber optic,No,No,No,No,No,No,Month-to-month,No,Electronic check,69.3,2959.52,No
CUST-10772,Male,1,No,No,57,DSL,No,Yes,Yes,No,No,Yes,Month-to-month,Yes,Mailed check,74.11,4248.62,No
CUST-10773,Female,0,No,No,57,DSL,No,Yes,No,Yes,No,No,One year,Yes,Bank transfer (automatic),63.22,3638.75,No
CUST-10774,Female,0,No,No,54,Fiber optic,No,Yes,No,No,Yes,Yes,One year,No,Mailed check,98.91,5361.8,No
CUST-10775,Male,0,Yes,No,45,Fiber optic,No,Yes,Yes,No,No,No,Two year,Yes,Electronic check,79.73,3605.67,Yes
CUST-10776,Male,0,No,Yes,37,No,No internet service,No internet service,No internet service,No internet service,No internet service,No internet service,Two year,Yes,Electronic check,18.5,685.75,No
CUST-10777,Female,1,No,No,48,DSL,Yes,No,No,Yes,No,Yes,Month-to-month,No,Credit card (automatic),71.04,3395.75,No
CUST-10778,Female,0,No,No,54,DSL,Yes,No,No,No,Yes,Yes,Month-to-month,Yes,Electronic check,71.95,3900.13,No
CUST-10779,Male,0,Yes,Yes,48,Fiber optic,Yes,Yes,No,No,Yes,No,Two year,No,Bank transfer (automatic),91.17,4363.62,No
CUST-10780,Male,0,Yes,No,6,Fiber optic,No,Yes,Yes,Yes,No,Yes,Month-to-month,Yes,Mailed check,99.8,618.84,Yes
CUST-10781,Male,0,Yes,Yes,34,Fiber optic,Yes,No,No,No,Yes,No,Month-to-month,Yes,Bank transfer (automatic),81.1,2762.84,No
CUST-10782,Female,0,Yes,No,63,Fiber optic,No,Yes,Yes,No,No,Yes,Two year,No,Bank transfer (automatic),89.05,5580.61,No
CUST-10783,Female,1,Yes,No,48,Fiber optic,Yes,No,No,No,No,Yes,Two year,Yes,Mailed check,85.55,4107.52,No
CUST-10784,Female,0,No,No,23,Fiber optic,No,Yes,No,No,No,No,One year,No,Mailed check,78.7,1785.24,Yes
CUST-10785,Male,0,No,No,13,DSL,Yes,Yes,Yes,No,Yes,Yes,Month-to-month,Yes,Bank transfer (automatic),85.88,1088.63,No
CUST-10786,Male,0,Yes,Yes,47,Fiber optic,No,Yes,No,No,Yes,Yes,One year,Yes,Electronic check,95.74,4455.47,No
CUST-10787,Female,0,No,No,44,DSL,No,Yes,Yes,No,No,Yes,One year,No,Bank transfer (automatic),71.07,3100.11,No
CUST-10788,Female,0,Yes,No,32,DSL,No,No,No,No,Yes,Yes,Two year,Yes,Bank transfer (automatic),69.54,2201.49,No
CUST-10789,Male,0,Yes,No,26,DSL,No,Yes,No,Yes,Yes,No,Two year,Yes,Bank transfer (automatic),79.29,2086.97,No
CUST-10790,Female,1,Yes,No,53,DSL,No,No,Yes,Yes,No,No,Month-to-month,Yes,Mailed check,72.5,3853.98,No
CUST-10791,Female,0,Yes,No,14,No,No internet service,No internet service,No internet service,No internet service,No internet service,No internet service,One year,Yes,Electronic check,18.66,301.22,No
CUST-10792,Male,0,Yes,No,52,DSL,No,No,No,No,Yes,No,Two year,No,Bank transfer (automatic),58.47,3036.54,No
CUST-10793,Female,0,Yes,Yes,36,DSL,Yes,Yes,No,No,Yes,No,Month-to-month,No,Electronic check,72.3,2576.9,No
CUST-10794,Male,1,Yes,No,8,No,No internet service,No internet service,No internet service,No internet service,No internet service,No internet service,Month-to-month,No,Credit card (automatic),20.36,162.7,Yes
CUST-10795,Male,0,No,No,40,Fiber optic,Yes,Yes,Yes,No,Yes,Yes,Two year,No,Credit card (automatic),110.04,4393.1,No
CUST-10796,Male,0,Yes,No,22,Fiber optic,Yes,Yes,Yes,Yes,Yes,No,Month-to-month,Yes,Electronic check,105.63,2332.32,Yes
CUST-10797,Male,0,No,Yes,16,Fiber optic,Yes,No,Yes,Yes,No,No,Month-to-month,Yes,Electronic check,89.45,1402.72,Yes
CUST-10798,Male,0,No,Yes,60,Fiber optic,No,Yes,No,No,No,No,Month-to-month,No,Mailed check,77.32,4640.15,No
CUST-10799,Male,0,No,No,60,DSL,Yes,Yes,No,No,No,Yes,Month-to-month,Yes,Credit card (automatic),71.73,4330.76,No
CUST-10800,Male,0,No,No,10,DSL,No,Yes,Yes,No,Yes,Yes,Month-to-month,Yes,Mailed check,81.55,842.76,No
CUST-10801,Female,0,Yes,No,25,No,No internet service,No internet service,No internet service,No internet service,No internet service,No internet service,Month-to-month,No,Mailed check,20.37,533.05,No
CUST-10802,Male,0,Yes,No,31,DSL,Yes,No,No,No,No,Yes,Two year,Yes,Bank transfer (automatic),65.38,2037.8,No
CUST-10803,Male,1,No,No,21,DSL,Yes,Yes,No,No,Yes,Yes,One year,Yes,Electronic check,72.72,1545.92,Yes
CUST-10804,Female,1,Yes,No,33,Fiber optic,Yes,Yes,Yes,Yes,Yes,No,One year,Yes,Mailed check,105.83,3491.62,No
CUST-10805,Female,0,No,Yes,31,DSL,Yes,No,No,No,Yes,No,Month-to-month,No,Electronic check,67.71,2107.42,No
CUST-10806,Female,0,No,No,21,Fiber optic,Yes,Yes,No,No,Yes,Yes,One year,Yes,Bank transfer (automatic),99.68,2090.7,Yes
CUST-10807,Male,0,No,Yes,36,No,No internet service,No internet service,No internet service,No internet service,No internet service,No internet service,One year,Yes,Electronic check,18.5,655.06,No
CUST-10808,Female,0,No,No,65,No,No internet service,No internet service,No internet service,No internet service,No internet service,No internet service,One year,No,Mailed check,18.5,1207.64,No
CUST-10809,Male,0,No,No,4,Fiber optic,Yes,No,No,Yes,Yes,Yes,Month-to-month,No,Credit card (automatic),103.99,449.98,Yes
CUST-10810,Male,0,No,No,68,DSL,No,No,No,No,Yes,No,Month-to-month,No,Mailed check,57.04,3884.3,No
CUST-10811,Male,0,Yes,No,4,No,No internet service,No internet service,No internet service,No internet service,No internet service,No internet service,Two year,Yes,Bank transfer (automatic),20.71,92.5,No
CUST-10812,Male,0,No,No,9,Fiber optic,Yes,No,No,No,Yes,Yes,One year,Yes,Electronic check,95.48,874.87,No
CUST-10813,Female,0,Yes,No,30,DSL,No,Yes,No,Yes,Yes,Yes,One year,Yes,Mailed check,80.0,2406.45,No
CUST-10814,Female,0,Yes,Yes,45,Fiber optic,Yes,No,No,No,Yes,Yes,One year,Yes,Electronic check,97.84,4398.4,No
CUST-10815,Male,0,No,No,4,Fiber optic,No,Yes,No,Yes,No,No,Month-to-month,Yes,Bank transfer (automatic),87.75,366.62,Yes
CUST-10816,Male,0,Yes,Yes,69,DSL,No,No,No,No,Yes,Yes,One year,Yes,Electronic check,70.75,4867.1,No
CUST-10817,Male,0,Yes,No,23,Fiber optic,No,No,No,No,Yes,No,Month-to-month,Yes,Electronic check,80.12,1866.29,Yes
CUST-10818,Female,0,Yes,Yes,16,No,No internet service,No internet service,No internet service,No internet service,No internet service,No internet service,One year,No,Electronic check,18.5,321.2,No
CUST-10819,Male,0,No,Yes,22,DSL,Yes,No,Yes,Yes,Yes,No,Two year,No,Electronic check,78.61,1728.47,No
CUST-10820,Male,0,Yes,No,72,Fiber optic,No,No,Yes,Yes,No,Yes,One year,Yes,Mailed check,93.7,6733.16,No
CUST-10821,Female,0,No,No,48,Fiber optic,No,No,No,No,No,No,Month-to-month,Yes,Bank transfer (automatic),72.23,3509.73,No
CUST-10822,Female,0,Yes,No,62,Fiber optic,No,No,No,Yes,Yes,Yes,Month-to-month,Yes,Electronic check,99.72,6168.61,Yes
CUST-10823,Male,1,No,Yes,60,DSL,Yes,Yes,No,No,Yes,Yes,One year,Yes,Bank transfer (automatic),75.09,4499.51,No
CUST-10824,Female,1,No,No,5,Fiber optic,No,Yes,Yes,No,No,No,Two year,Yes,Mailed check,78.56,352.61,No
CUST-10825,Female,1,Yes,Yes,7,Fiber optic,No,Yes,No,No,No,Yes,One year,Yes,Mailed check,83.51,612.08,Yes
CUST-10826,Male,0,Yes,No,51,No,No internet service,No internet service,No internet service,No internet service,No internet service,No internet service,Month-to-month,No,Credit card (automatic),18.61,920.4,No
CUST-10827,Female,0,Yes,No,65,No,No internet service,No internet service,No internet service,No internet service,No internet service,No internet service,Month-to-month,No,Electronic check,21.29,1393.6,No
CUST-10828,Male,1,No,No,9,No,No internet service,No internet service,No internet service,No internet service,No internet service,No internet service,One year,No,Electronic check,18.5,172.58,No
CUST-10829,Female,0,No,No,45,DSL,No,Yes,No,No,Yes,No,One year,No,Mailed check,67.26,3025.14,No
CUST-10830,Male,0,No,No,47,DSL,Yes,Yes,Yes,Yes,Yes,No,Two year,No,Credit card (automatic),90.79,4256.29,No
CUST-10831,Male,0,Yes,No,67,Fiber optic,Yes,Yes,No,No,No,No,Month-to-month,No,Mailed check,79.25,5318.56,Yes
CUST-10832,Male,0,No,No,24,Fiber optic,No,Yes,No,Yes,Yes,Yes,One year,Yes,Credit card (automatic),101.25,2464.85,Yes
CUST-10833,Female,1,No,No,10,No,No internet service,No internet service,No internet service,No internet service,No internet service,No internet service,Month-to-month,Yes,Bank transfer (automatic),18.5,179.94,No
CUST-10834,Male,0,No,No,48,Fiber optic,Yes,No,No,Yes,No,No,One year,No,Mailed check,79.9,3802.09,No
CUST-10835,Female,0,No,Yes,35,Fiber optic,No,No,Yes,No,Yes,No,Two year,Yes,Bank transfer (automatic),88.66,3066.87,Yes
CUST-10836,Male,0,Yes,No,54,DSL,No,No,Yes,Yes,Yes,No,Month-to-month,No,Mailed check,77.28,4169.35,No
CUST-10837,Male,0,Yes,No,71,No,No internet service,No internet service,No internet service,No internet service,No internet service,No internet service,Month-to-month,No,Mailed check,21.88,1544.35,No
CUST-10838,Female,0,No,No,16,DSL,Yes,Yes,No,Yes,No,Yes,One year,No,Mailed check,75.85,1210.18,No
CUST-10839,Male,0,No,Yes,53,DSL,Yes,Yes,No,No,Yes,No,One year,Yes,Bank transfer (automatic),69.85,3707.77,No
CUST-10840,Male,0,No,Yes,40,No,No internet service,No internet service,No internet service,No internet service,No internet service,No internet service,Month-to-month,Yes,Mailed check,18.86,744.73,No
CUST-10841,Female,1,Yes,No,20,Fiber optic,No,Yes,No,Yes,Yes,No,Month-to-month,No,Electronic check,99.15,2038.2,Yes
CUST-10842,Male,0,Yes,No,69,DSL,Yes,No,Yes,No,Yes,No,One year,No,Bank transfer (automatic),72.89,5037.06,No
CUST-10843,Male,0,Yes,Yes,45,Fiber optic,Yes,No,Yes,No,No,Yes,Two year,Yes,Bank transfer (automatic),92.33,4172.89,No
CUST-10844,Male,0,Yes,No,6,DSL,Yes,No,Yes,No,Yes,No,Month-to-month,No,Credit card (automatic),72.83,433.85,No
CUST-10845,Male,0,No,No,69,Fiber optic,No,Yes,Yes,Yes,Yes,Yes,Two year,No,Mailed check,109.71,7567.0,No
CUST-10846,Female,0,No,No,49,DSL,No,No,Yes,No,Yes,Yes,Month-to-month,Yes,Electronic check,78.21,3820.41,No
CUST-10847,Female,0,Yes,Yes,39,No,No internet service,No internet service,No internet service,No internet service,No internet service,No internet service,Month-to-month,No,Electronic check,18.56,725.35,No
CUST-10848,Male,0,Yes,Yes,2,Fiber optic,Yes,No,No,Yes,Yes,Yes,Month-to-month,Yes,Bank transfer (automatic),107.28,184.08,Yes
CUST-10849,Female,0,Yes,No,39,Fiber optic,No,Yes,No,No,Yes,No,Two year,Yes,Electronic check,83.39,3220.08,Yes
CUST-10850,Male,1,Yes,Yes,21,DSL,Yes,No,Yes,No,No,No,Month-to-month,Yes,Credit card (automatic),62.57,1301.57,Yes
CUST-10851,Female,0,No,Yes,40,DSL,No,No,Yes,Yes,Yes,No,One year,No,Electronic check,77.01,3061.47,No
CUST-10852,Male,0,No,No,54,Fiber optic,No,No,No,No,No,No,Month-to-month,No,Credit card (automatic),69.76,3754.65,Yes
CUST-10853,Male,0,Yes,No,12,Fiber optic,No,Yes,No,No,No,No,Two year,Yes,Bank transfer (automatic),76.38,909.83,No
CUST-10854,Male,0,No,Yes,37,DSL,No,Yes,Yes,Yes,Yes,Yes,Two year,No,Credit card (automatic),90.4,3339.02,No
CUST-10855,Male,0,No,Yes,38,Fiber optic,No,Yes,No,Yes,Yes,No,One year,No,Electronic check,91.26,3484.13,No
CUST-10856,Male,1,No,Yes,15,No,No internet service,No internet service,No internet service,No internet service,No internet service,No internet service,Two year,No,Bank transfer (automatic),25.2,393.46,No
CUST-10857,Male,1,Yes,Yes,7,Fiber optic,No,Yes,No,Yes,No,Yes,One year,Yes,Electronic check,92.92,649.87,No
CUST-10858,Female,0,No,No,50,DSL,No,Yes,No,No,Yes,No,Two year,Yes,Electronic check,62.08,3143.7,No
CUST-10859,Male,1,Yes,No,65,Fiber optic,Yes,No,Yes,No,No,Yes,Month-to-month,Yes,Electronic check,89.83,5829.62,No
CUST-10860,Female,0,Yes,No,67,Fiber optic,Yes,No,No,No,Yes,Yes,Month-to-month,No,Bank transfer (automatic),98.99,6648.98,No
CUST-10861,Male,0,Yes,No,44,DSL,No,No,No,Yes,Yes,No,One year,Yes,Electronic check,74.83,3302.63,No
CUST-10862,Female,0,Yes,No,31,DSL,Yes,No,Yes,No,No,Yes,Month-to-month,No,Credit card (automatic),73.12,2262.37,No
CUST-10863,Female,1,Yes,Yes,43,Fiber optic,Yes,No,No,No,No,Yes,Month-to-month,No,Electronic check,87.37,3754.31,No
CUST-10864,Female,0,Yes,No,48,No,No internet service,No internet service,No internet service,No internet service,No internet service,No internet service,Month-to-month,No,Mailed check,25.54,1217.1,No
CUST-10865,Male,0,Yes,No,61,Fiber optic,Yes,Yes,No,No,No,No,Month-to-month,No,Electronic check,78.12,4780.49,Yes
CUST-10866,Male,0,No,No,10,DSL,No,Yes,Yes,Yes,Yes,Yes,One year,Yes,Bank transfer (automatic),92.18,946.78,Yes
CUST-10867,Female,0,No,Yes,29,Fiber optic,No,Yes,No,No,No,No,Month-to-month,No,Electronic check,81.48,2363.65,Yes
CUST-10868,Male,0,Yes,No,48,DSL,No,Yes,Yes,No,Yes,Yes,Two year,Yes,Credit card (automatic),85.52,4067.61,No
CUST-10869,Female,1,No,No,62,DSL,Yes,No,No,Yes,No,Yes,Two year,No,Mailed check,72.18,4486.08,No
CUST-10870,Male,0,No,No,13,Fiber optic,Yes,No,No,No,No,Yes,Two year,No,Credit card (automatic),86.09,1115.59,Yes
CUST-10871,Female,0,No,Yes,44,No,No internet service,No internet service,No internet service,No internet service,No internet service,No internet service,Month-to-month,No,Electronic check,25.59,1104.86,No
CUST-10872,Female,1,Yes,No,47,No,No internet service,No internet service,No internet service,No internet service,No internet service,No internet service,Month-to-month,No,Mailed check,20.45,962.66,No
CUST-10873,Male,0,No,No,64,DSL,Yes,Yes,Yes,No,No,Yes,Two year,Yes,Bank transfer (automatic),75.23,4807.76,No
CUST-10874,Female,1,No,No,53,Fiber optic,No,No,Yes,Yes,Yes,No,Two year,Yes,Credit card (automatic),96.83,5110.06,No
CUST-10875,Male,0,No,No,44,DSL,Yes,No,No,Yes,Yes,No,One year,No,Mailed check,70.29,3088.34,No
CUST-10876,Female,0,Yes,Yes,28,DSL,No,No,Yes,Yes,Yes,Yes,Month-to-month,Yes,Credit card (automatic),82.8,2346.62,No
CUST-10877,Female,0,Yes,Yes,2,No,No internet service,No internet service,No internet service,No internet service,No internet service,No internet service,One year,Yes,Electronic check,18.6,40.04,No
CUST-10878,Male,1,No,No,57,No,No internet service,No internet service,No internet service,No internet service,No internet service,No internet service,One year,Yes,Bank transfer (automatic),19.94,1137.09,No
CUST-10879,Male,0,Yes,No,57,DSL,No,Yes,Yes,Yes,Yes,No,Month-to-month,Yes,Electronic check,78.46,4481.15,No
CUST-10880,Male,0,Yes,Yes,34,DSL,No,No,No,Yes,No,Yes,One year,Yes,Electronic check,69.23,2358.53,No
CUST-10881,Female,0,Yes,No,58,DSL,No,No,No,Yes,No,No,Two year,No,Mailed check,56.96,3298.07,No
CUST-10882,Male,0,No,No,52,Fiber optic,No,Yes,Yes,Yes,Yes,No,One year,No,Credit card (automatic),103.46,5383.82,No
CUST-10883,Female,0,No,Yes,29,No,No internet service,No internet service,No internet service,No internet service,No internet service,No internet service,Month-to-month,Yes,Credit card (automatic),20.12,585.16,No
CUST-10884,Female,0,Yes,No,35,DSL,No,Yes,No,Yes,Yes,No,One year,No,Mailed check,73.54,2530.95,No
CUST-10885,Male,1,No,No,48,Fiber optic,No,No,Yes,Yes,Yes,Yes,Two year,Yes,Credit card (automatic),104.66,5034.26,Yes
CUST-10886,Male,0,Yes,No,33,DSL,Yes,No,Yes,Yes,No,No,One year,Yes,Mailed check,74.38,2455.44,No
CUST-10887,Female,0,No,No,9,DSL,No,No,Yes,Yes,No,No,One year,No,Bank transfer (automatic),67.65,619.68,No
CUST-10888,Female,0,No,No,48,Fiber optic,No,Yes,Yes,No,Yes,No,One year,No,Electronic check,88.71,4257.7,Yes
CUST-10889,Male,1,No,Yes,67,No,No internet service,No internet service,No internet service,No internet service,No internet service,No internet service,One year,Yes,Mailed check,18.5,1232.48,No
CUST-10890,Male,0,No,No,36,DSL,No,No,Yes,Yes,Yes,No,One year,No,Electronic check,75.29,2691.37,No
CUST-10891,Male,0,Yes,Yes,71,DSL,No,Yes,Yes,Yes,No,No,Month-to-month,No,Electronic check,64.47,4580.59,No
CUST-10892,Male,0,No,No,44,DSL,Yes,No,No,No,No,No,Month-to-month,Yes,Mailed check,56.29,2479.9,No
CUST-10893,Male,0,Yes,Yes,60,Fiber optic,Yes,No,No,Yes,Yes,Yes,Month-to-month,Yes,Credit card (automatic),100.45,6054.0,Yes
CUST-10894,Female,0,No,No,63,DSL,Yes,Yes,No,Yes,Yes,No,Month-to-month,No,Mailed check,76.8,4828.74,No
CUST-10895,Female,0,No,No,5,Fiber optic,No,Yes,Yes,No,No,Yes,Month-to-month,Yes,Credit card (automatic),90.89,475.98,Yes
CUST-10896,Female,0,No,No,40,Fiber optic,No,No,No,Yes,Yes,Yes,Month-to-month,Yes,Credit card (automatic),101.78,4087.09,Yes
CUST-10897,Female,0,Yes,Yes,19,DSL,Yes,Yes,Yes,No,Yes,Yes,Two year,No,Electronic check,89.83,1691.38,No
CUST-10898,Male,0,No,No,47,Fiber optic,No,Yes,No,No,No,No,Month-to-month,Yes,Mailed check,74.65,3480.88,No
CUST-10899,Male,0,Yes,No,65,DSL,No,No,No,No,Yes,No,Month-to-month,Yes,Bank transfer (automatic),58.31,3810.44,No
CUST-10900,Male,0,Yes,No,67,Fiber optic,No,No,No,Yes,Yes,No,Month-to-month,Yes,Credit card (automatic),88.49,5938.01,No
CUST-10901,Female,0,No,Yes,18,Fiber optic,Yes,Yes,No,No,Yes,No,One year,No,Credit card (automatic),95.79,1740.63,Yes
CUST-10902,Female,0,Yes,No,50,No,No internet service,No internet service,No internet service,No internet service,No internet service,No internet service,Month-to-month,Yes,Bank transfer (automatic),19.23,964.47,No
CUST-10903,Male,0,No,No,30,DSL,Yes,Yes,Yes,No,No,Yes,Month-to-month,Yes,Bank transfer (automatic),72.41,2151.85,No
CUST-10904,Male,0,Yes,Yes,66,Fiber optic,No,Yes,Yes,No,Yes,Yes,Month-to-month,Yes,Bank transfer (automatic),103.5,6834.6,No
CUST-10905,Female,0,Yes,No,5,DSL,No,No,No,No,Yes,No,Two year,Yes,Electronic check,60.82,317.13,No
CUST-10906,Female,0,No,No,42,No,No internet service,No internet service,No internet service,No internet service,No internet service,No internet service,Two year,No,Electronic check,21.11,842.1,No
CUST-10907,Male,0,No,No,5,Fiber optic,Yes,No,No,No,Yes,No,Two year,No,Bank transfer (automatic),84.89,434.04,Yes
CUST-10908,Male,0,Yes,No,50,DSL,No,No,No,Yes,Yes,No,Month-to-month,Yes,Credit card (automatic),68.41,3437.07,No
CUST-10909,Female,0,No,No,58,DSL,Yes,Yes,Yes,Yes,No,No,One year,No,Credit card (automatic),73.06,4256.12,No
CUST-10910,Male,0,Yes,No,8,No,No internet service,No internet service,No internet service,No internet service,No internet service,No internet service,One year,No,Electronic check,23.27,195.3,No
CUST-10911,Male,0,No,No,31,No,No internet service,No internet service,No internet service,No internet service,No internet service,No internet service,Month-to-month,No,Credit card (automatic),18.5,565.08,No
CUST-10912,Male,0,Yes,No,12,No,No internet service,No internet service,No internet service,No internet service,No internet service,No internet service,Month-to-month,Yes,Credit card (automatic),19.23,229.46,No
CUST-10913,Female,1,No,No,21,No,No internet service,No internet service,No internet service,No internet service,No internet service,No internet service,Month-to-month,Yes,Bank transfer (automatic),21.18,415.23,Yes
CUST-10914,Female,0,No,No,62,No,No internet service,No internet service,No internet service,No internet service,No internet service,No internet service,One year,No,Electronic check,20.64,1300.69,No
CUST-10915,Female,1,No,Yes,33,Fiber optic,Yes,No,No,No,Yes,No,Month-to-month,Yes,Bank transfer (automatic),89.73,2976.92,Yes
CUST-10916,Female,0,Yes,No,26,DSL,No,Yes,No,No,No,No,Month-to-month,Yes,Bank transfer (automatic),59.93,1551.5,No
CUST-10917,Female,0,No,No,40,DSL,No,Yes,No,No,Yes,No,Month-to-month,No,Bank transfer (automatic),64.52,2592.73,No
CUST-10918,Female,0,No,Yes,65,Fiber optic,Yes,Yes,Yes,Yes,Yes,No,One year,No,Bank transfer (automatic),111.93,7287.87,No
CUST-10919,Female,0,No,Yes,59,Fiber optic,Yes,No,No,Yes,No,No,Two year,Yes,Credit card (automatic),85.85,5043.2,No
CUST-10920,Male,0,Yes,No,15,Fiber optic,Yes,No,No,Yes,No,No,One year,No,Electronic check,83.39,1291.56,No
CUST-10921,Male,0,No,No,1,DSL,No,No,Yes,No,No,No,One year,Yes,Mailed check,55.01,55.01,No
CUST-10922,Male,0,No,No,11,Fiber optic,Yes,No,No,No,No,No,Month-to-month,No,Bank transfer (automatic),74.81,780.51,Yes
CUST-10923,Male,1,Yes,No,55,DSL,No,No,Yes,Yes,Yes,No,Month-to-month,Yes,Electronic check,69.25,3816.8,No
CUST-10924,Male,0,Yes,Yes,2,Fiber optic,No,Yes,Yes,No,No,Yes,Month-to-month,Yes,Credit card (automatic),94.63,196.0,Yes
CUST-10925,Male,0,No,No,65,Fiber optic,No,No,No,Yes,Yes,Yes,Two year,Yes,Electronic check,94.04,6104.7,No
CUST-10926,Male,0,Yes,No,44,DSL,Yes,No,No,No,No,No,Two year,Yes,Mailed check,56.46,2488.44,No
CUST-10927,Female,0,No,No,16,No,No internet service,No internet service,No internet service,No internet service,No internet service,No internet service,One year,Yes,Credit card (automatic),18.56,281.27,No
CUST-10928,Female,0,No,Yes,22,Fiber optic,No,No,No,Yes,No,Yes,Month-to-month,Yes,Electronic check,88.38,1910.22,Yes
CUST-10929,Male,0,No,No,18,No,No internet service,No internet service,No internet service,No internet service,No internet service,No internet service,Month-to-month,No,Credit card (automatic),18.5,352.51,No
CUST-10930,Male,0,Yes,Yes,47,DSL,No,No,Yes,No,Yes,Yes,Month-to-month,Yes,Bank transfer (automatic),74.83,3523.12,No
CUST-10931,Female,0,Yes,No,30,DSL,No,Yes,No,Yes,No,No,Two year,No,Electronic check,66.2,1978.57,No
CUST-10932,Male,0,No,No,10,DSL,Yes,Yes,No,Yes,Yes,No,One year,Yes,Credit card (automatic),77.12,806.1,No
CUST-10933,Male,0,Yes,No,58,DSL,Yes,No,No,Yes,Yes,Yes,Two year,No,Electronic check,80.29,4650.92,No
CUST-10934,Female,0,No,Yes,62,DSL,No,Yes,Yes,Yes,Yes,No,One year,Yes,Mailed check,77.85,4838.55,Yes
CUST-10935,Male,1,Yes,No,6,DSL,Yes,Yes,Yes,Yes,Yes,Yes,Month-to-month,Yes,Electronic check,98.56,571.77,No
CUST-10936,Female,1,Yes,No,67,No,No internet service,No internet service,No internet service,No internet service,No internet service,No internet service,Month-to-month,Yes,Electronic check,18.5,1195.37,Yes
CUST-10937,Male,0,Yes,No,41,No,No internet service,No internet service,No internet service,No internet service,No internet service,No internet service,Month-to-month,Yes,Credit card (automatic),20.02,833.11,No
CUST-10938,Female,0,No,No,43,No,No internet service,No internet service,No internet service,No internet service,No internet service,No internet service,One year,No,Bank transfer (automatic),26.64,1157.21,No
CUST-10939,Female,0,No,No,18,No,No internet service,No internet service,No internet service,No internet service,No internet service,No internet service,Month-to-month,No,Electronic check,18.5,371.29,No
CUST-10940,Female,0,Yes,No,58,Fiber optic,Yes,No,Yes,No,Yes,No,One year,Yes,Bank transfer (automatic),89.66,5177.79,No
CUST-10941,Male,1,Yes,No,60,Fiber optic,Yes,No,No,Yes,Yes,No,One year,Yes,Credit card (automatic),96.26,5742.05,No
CUST-10942,Female,0,Yes,No,27,DSL,No,Yes,No,Yes,Yes,Yes,Month-to-month,Yes,Credit card (automatic),80.44,2159.6,No
CUST-10943,Male,0,No,Yes,68,DSL,Yes,Yes,Yes,No,No,Yes,Month-to-month,Yes,Mailed check,81.26,5536.76,No
CUST-10944,Male,0,Yes,No,22,Fiber optic,No,Yes,Yes,No,No,No,Month-to-month,No,Credit card (automatic),81.86,1757.13,Yes
CUST-10945,Male,0,No,No,24,No,No internet service,No internet service,No internet service,No internet service,No internet service,No internet service,One year,Yes,Mailed check,22.71,546.63,No
CUST-10946,Male,0,Yes,Yes,40,Fiber optic,Yes,Yes,No,Yes,Yes,No,Month-to-month,Yes,Bank transfer (automatic),100.32,4003.55,No
CUST-10947,Female,1,Yes,No,66,No,No internet service,No internet service,No internet service,No internet service,No internet service,No internet service,Month-to-month,Yes,Credit card (automatic),21.72,1425.54,No
CUST-10948,Female,0,Yes,No,40,DSL,Yes,Yes,Yes,Yes,Yes,Yes,Two year,Yes,Electronic check,94.67,3769.26,No
CUST-10949,Male,0,No,No,6,Fiber optic,Yes,No,Yes,No,Yes,Yes,One year,Yes,Electronic check,100.82,627.12,Yes
CUST-10950,Male,1,Yes,No,18,Fiber optic,Yes,Yes,No,Yes,No,Yes,Month-to-month,Yes,Electronic check,97.44,1722.03,Yes
CUST-10951,Female,0,Yes,Yes,30,No,No internet service,No internet service,No internet service,No internet service,No internet service,No internet service,One year,Yes,Electronic check,23.99,738.67,No
CUST-10952,Male,0,No,No,21,No,No internet service,No internet service,No internet service,No internet service,No internet service,No internet service,Two year,Yes,Electronic check,20.02,430.1,No
CUST-10953,Female,0,No,Yes,62,Fiber optic,No,No,Yes,No,No,No,One year,Yes,Bank transfer (automatic),82.85,5127.14,No
CUST-10954,Male,0,Yes,No,10,DSL,Yes,No,No,No,No,No,Month-to-month,No,Mailed check,55.69,587.72,No
CUST-10955,Male,1,Yes,Yes,13,DSL,No,No,Yes,No,Yes,Yes,Month-to-month,Yes,Mailed check,76.45,956.09,Yes
CUST-10956,Female,0,No,Yes,9,Fiber optic,No,No,No,No,Yes,No,One year,Yes,Mailed check,79.35,734.13,No
CUST-10957,Male,1,Yes,No,68,No,No internet service,No internet service,No internet service,No internet service,No internet service,No internet service,Month-to-month,Yes,Electronic check,18.5,1235.99,No
CUST-10958,Female,0,No,No,39,DSL,Yes,No,No,Yes,Yes,Yes,One year,Yes,Mailed check,83.67,3253.97,No
CUST-10959,Male,1,No,No,24,DSL,No,Yes,Yes,No,No,Yes,Two year,Yes,Bank transfer (automatic),72.73,1751.75,No
CUST-10960,Male,0,Yes,No,34,DSL,No,Yes,Yes,Yes,No,Yes,Two year,No,Electronic check,79.16,2712.37,Yes
CUST-10961,Male,0,Yes,Yes,61,No,No internet service,No internet service,No internet service,No internet service,No internet service,No internet service,Month-to-month,No,Credit card (automatic),19.82,1189.9,No
CUST-10962,Female,0,Yes,Yes,41,Fiber optic,Yes,Yes,No,No,Yes,Yes,Month-to-month,Yes,Mailed check,99.5,4090.91,No
CUST-10963,Male,1,No,No,5,Fiber optic,No,Yes,Yes,Yes,No,No,Month-to-month,No,Credit card (automatic),91.86,450.52,Yes
CUST-10964,Male,0,Yes,Yes,50,Fiber optic,Yes,Yes,No,No,No,Yes,One year,Yes,Electronic check,93.15,4640.41,No
CUST-10965,Male,0,Yes,No,4,DSL,No,Yes,No,Yes,Yes,Yes,Month-to-month,Yes,Bank transfer (automatic),82.12,295.59,Yes
CUST-10966,Male,0,No,No,51,DSL,No,Yes,Yes,No,No,No,Month-to-month,No,Bank transfer (automatic),61.63,3135.54,No
CUST-10967,Female,0,No,No,52,No,No internet service,No internet service,No internet service,No internet service,No internet service,No internet service,Month-to-month,No,Credit card (automatic),18.5,936.4,No
CUST-10968,Female,1,Yes,No,39,No,No internet service,No internet service,No internet service,No internet service,No internet service,No internet service,Month-to-month,No,Bank transfer (automatic),23.4,888.15,No
CUST-10969,Male,0,No,No,8,Fiber optic,No,Yes,No,Yes,No,No,Month-to-month,Yes,Credit card (automatic),78.68,619.7,No
CUST-10970,Female,0,Yes,No,45,Fiber optic,No,Yes,Yes,No,Yes,No,Month-to-month,Yes,Bank transfer (automatic),91.02,4091.15,Yes
CUST-10971,Male,0,Yes,Yes,28,No,No internet service,No internet service,No internet service,No internet service,No internet service,No internet service,One year,Yes,Bank transfer (automatic),22.13,608.67,No
CUST-10972,Male,0,Yes,Yes,27,Fiber optic,No,Yes,Yes,No,Yes,Yes,Month-to-month,No,Credit card (automatic),101.11,2731.36,No
CUST-10973,Male,0,Yes,No,65,DSL,No,Yes,No,No,No,No,Month-to-month,Yes,Bank transfer (automatic),54.0,3543.7,No
CUST-10974,Female,0,Yes,No,34,Fiber optic,No,Yes,Yes,Yes,No,Yes,Two year,No,Mailed check,103.02,3489.27,No
CUST-10975,Female,0,Yes,No,62,Fiber optic,No,Yes,No,No,Yes,No,Two year,Yes,Electronic check,79.2,4892.53,No
CUST-10976,Female,0,No,No,62,Fiber optic,No,Yes,No,No,No,No,Month-to-month,Yes,Credit card (automatic),76.09,4698.86,No
CUST-10977,Female,0,No,Yes,38,No,No internet service,No internet service,No internet service,No internet service,No internet service,No internet service,Month-to-month,No,Mailed check,18.5,647.27,No
CUST-10978,Female,0,No,No,26,No,No internet service,No internet service,No internet service,No internet service,No internet service,No internet service,One year,No,Bank transfer (automatic),18.5,468.31,No
CUST-10979,Female,0,Yes,No,24,DSL,Yes,No,Yes,No,Yes,Yes,Month-to-month,Yes,Electronic check,85.2,2080.43,No
CUST-10980,Female,0,Yes,Yes,39,Fiber optic,No,Yes,No,Yes,Yes,No,Month-to-month,No,Mailed check,93.94,3665.06,No
CUST-10981,Female,0,Yes,No,21,DSL,Yes,Yes,Yes,No,No,Yes,Month-to-month,Yes,Bank transfer (automatic),74.54,1557.25,No
CUST-10982,Female,1,No,Yes,47,Fiber optic,Yes,Yes,No,No,No,Yes,Month-to-month,Yes,Bank transfer (automatic),86.56,4078.83,No
CUST-10983,Male,1,No,No,48,Fiber optic,No,No,No,No,Yes,No,One year,No,Mailed check,79.82,3822.76,No
CUST-10984,Female,0,Yes,No,13,Fiber optic,No,No,No,Yes,Yes,No,Two year,No,Electronic check,83.87,1115.08,No
CUST-10985,Female,0,Yes,No,3,No,No internet service,No internet service,No internet service,No internet service,No internet service,No internet service,One year,No,Electronic check,23.62,68.36,No
CUST-10986,Female,1,Yes,No,32,Fiber optic,Yes,No,No,No,No,No,Month-to-month,No,Bank transfer (automatic),71.69,2322.05,Yes
CUST-10987,Female,0,Yes,No,35,No,No internet service,No internet service,No internet service,No internet service,No internet service,No internet service,Month-to-month,No,Electronic check,19.96,703.85,No
CUST-10988,Female,0,Yes,No,19,DSL,No,Yes,No,No,No,No,One year,No,Bank transfer (automatic),50.16,963.63,No
CUST-10989,Female,0,No,No,14,DSL,Yes,No,Yes,Yes,Yes,Yes,Month-to-month,Yes,Bank transfer (automatic),84.31,1177.29,No
CUST-10990,Female,0,No,No,48,Fiber optic,No,Yes,Yes,Yes,No,Yes,Month-to-month,No,Credit card (automatic),100.37,4837.14,No
CUST-10991,Female,0,Yes,No,68,No,No internet service,No internet service,No internet service,No internet service,No internet service,No internet service,One year,No,Electronic check,29.6,2046.73,No
CUST-10992,Female,0,Yes,Yes,45,Fiber optic,No,No,No,Yes,No,Yes,Two year,Yes,Electronic check,86.31,3894.69,No
CUST-10993,Female,1,No,No,19,DSL,Yes,No,No,No,Yes,No,Month-to-month,Yes,Mailed check,67.07,1270.7,No
CUST-10994,Female,1,Yes,Yes,64,Fiber optic,No,Yes,Yes,No,Yes,Yes,Two year,Yes,Mailed check,101.52,6516.78,No
CUST-10995,Male,0,Yes,Yes,66,Fiber optic,Yes,Yes,Yes,Yes,Yes,No,Month-to-month,No,Electronic check,109.05,7187.88,No
CUST-10996,Male,0,Yes,No,66,No,No internet service,No internet service,No internet service,No internet service,No internet service,No internet service,Month-to-month,Yes,Credit card (automatic),19.72,1329.86,No
CUST-10997,Female,0,Yes,No,45,Fiber optic,Yes,No,No,No,Yes,Yes,Month-to-month,No,Mailed check,91.26,4096.55,Yes
CUST-10998,Female,0,Yes,Yes,67,No,No internet service,No internet service,No internet service,No internet service,No internet service,No internet service,One year,Yes,Electronic check,19.25,1288.3,No
CUST-10999,Male,0,No,No,69,Fiber optic,No,No,Yes,No,No,Yes,Two year,Yes,Electronic check,81.66,5651.93,No
CUST-11000,Female,0,Yes,No,3,DSL,No,No,Yes,No,No,No,One year,No,Credit card (automatic),54.33,122.11,No
CUST-11001,Male,1,Yes,No,38,Fiber optic,No,No,Yes,No,Yes,No,Month-to-month,Yes,Electronic check,88.14,3355.62,Yes
CUST-11002,Male,0,No,Yes,42,Fiber optic,Yes,No,No,No,No,Yes,Month-to-month,Yes,Electronic check,83.04,3490.87,Yes
CUST-11003,Male,0,Yes,No,40,No,No internet service,No internet service,No internet service,No internet service,No internet service,No internet service,One year,Yes,Electronic check,18.69,738.3,No
CUST-11004,Male,1,No,No,50,DSL,Yes,No,No,Yes,Yes,No,Month-to-month,No,Bank transfer (automatic),75.82,3784.51,No
CUST-11005,Male,0,No,No,35,DSL,No,No,Yes,No,No,No,Month-to-month,No,Credit card (automatic),55.5,1925.6,No
CUST-11006,Female,0,Yes,Yes,24,DSL,Yes,No,Yes,Yes,No,Yes,Two year,No,Electronic check,81.54,1937.72,No
CUST-11007,Male,0,No,Yes,17,Fiber optic,Yes,Yes,No,Yes,No,No,One year,No,Electronic check,87.21,1474.27,Yes
CUST-11008,Female,0,Yes,No,40,DSL,No,No,No,Yes,Yes,No,Month-to-month,Yes,Electronic check,70.75,2810.08,No
CUST-11009,Female,0,No,No,66,Fiber optic,No,Yes,No,No,No,Yes,Month-to-month,Yes,Bank transfer (automatic),89.93,5945.58,No
CUST-11010,Male,0,Yes,Yes,44,No,No internet service,No internet service,No internet service,No internet service,No internet service,No internet service,Month-to-month,Yes,Electronic check,18.5,799.61,No
CUST-11011,Male,0,No,Yes,23,Fiber optic,No,Yes,No,Yes,No,No,One year,Yes,Credit card (automatic),81.05,1880.12,No
CUST-11012,Female,1,No,No,6,Fiber optic,No,No,Yes,Yes,No,No,Two year,Yes,Electronic check,84.29,486.81,No
CUST-11013,Male,0,Yes,Yes,66,No,No internet service,No internet service,No internet service,No internet service,No internet service,No internet service,One year,Yes,Electronic check,18.5,1195.23,No
CUST-11014,Male,0,No,No,21,Fiber optic,Yes,Yes,No,No,Yes,Yes,Month-to-month,No,Electronic check,103.57,2170.59,Yes
CUST-11015,Female,0,No,Yes,35,DSL,No,No,No,No,No,No,Month-to-month,Yes,Credit card (automatic),50.66,1749.95,No
CUST-11016,Female,0,No,Yes,29,DSL,No,No,No,Yes,Yes,No,Two year,No,Bank transfer (automatic),65.16,1886.9,No
CUST-11017,Male,0,Yes,No,7,Fiber optic,Yes,Yes,No,No,Yes,Yes,Two year,No,Credit card (automatic),105.25,720.97,No
CUST-11018,Female,0,No,No,53,DSL,No,Yes,No,No,No,Yes,Month-to-month,No,Electronic check,70.2,3695.38,No
CUST-11019,Male,0,Yes,No,37,Fiber optic,Yes,No,Yes,Yes,No,No,Month-to-month,No,Electronic check,86.01,3157.4,No
CUST-11020,Male,0,Yes,No,23,No,No internet service,No internet service,No internet service,No internet service,No internet service,No internet service,Month-to-month,No,Mailed check,18.5,448.97,No
CUST-11021,Male,0,Yes,No,8,Fiber optic,No,No,Yes,No,No,Yes,Two year,Yes,Mailed check,89.5,730.02,Yes
CUST-11022,Female,0,Yes,No,48,Fiber optic,Yes,No,Yes,No,No,No,One year,Yes,Bank transfer (automatic),84.79,4043.71,No
CUST-11023,Female,0,No,Yes,10,DSL,No,No,Yes,No,Yes,No,One year,Yes,Electronic check,71.21,696.24,No
CUST-11024,Female,1,Yes,No,24,No,No internet service,No internet service,No internet service,No internet service,No internet service,No internet service,Month-to-month,Yes,Electronic check,27.42,687.8,No
CUST-11025,Female,0,No,No,47,No,No internet service,No internet service,No internet service,No internet service,No internet service,No internet service,Month-to-month,No,Electronic check,21.25,998.17,No
CUST-11026,Female,0,Yes,No,53,Fiber optic,Yes,Yes,Yes,No,Yes,Yes,Month-to-month,No,Bank transfer (automatic),111.83,5920.13,No
CUST-11027,Male,0,Yes,Yes,39,Fiber optic,No,Yes,No,No,Yes,Yes,Two year,No,Mailed check,104.01,4058.54,No
CUST-11028,Male,0,Yes,No,67,Fiber optic,No,No,Yes,No,Yes,Yes,Month-to-month,Yes,Credit card (automatic),96.96,6501.59,No
CUST-11029,Male,0,Yes,No,66,DSL,No,Yes,No,No,Yes,No,One year,No,Electronic check,63.65,4200.68,No
CUST-11030,Male,0,Yes,No,6,DSL,Yes,No,No,No,Yes,Yes,Month-to-month,Yes,Credit card (automatic),75.76,438.51,No
CUST-11031,Female,0,Yes,Yes,21,DSL,No,Yes,No,Yes,No,Yes,Two year,No,Mailed check,78.78,1614.61,No
CUST-11032,Male,0,No,Yes,36,Fiber optic,No,No,Yes,No,Yes,Yes,Two year,Yes,Electronic check,102.44,3687.44,Yes
CUST-11033,Female,0,Yes,No,3,DSL,Yes,No,Yes,Yes,No,Yes,Month-to-month,Yes,Credit card (automatic),80.44,204.33,No
CUST-11034,Male,0,Yes,Yes,42,DSL,No,Yes,No,No,No,No,Two year,Yes,Mailed check,55.5,2321.22,No
CUST-11035,Female,0,Yes,No,45,DSL,No,Yes,No,No,Yes,No,Month-to-month,No,Bank transfer (automatic),62.18,2784.99,No
CUST-11036,Female,1,No,No,44,Fiber optic,No,Yes,Yes,No,No,No,Month-to-month,Yes,Bank transfer (automatic),83.24,3648.06,No
CUST-11037,Male,0,No,Yes,33,Fiber optic,Yes,No,No,No,No,Yes,Month-to-month,Yes,Mailed check,81.46,2696.67,No
CUST-11038,Male,0,Yes,No,60,DSL,Yes,No,Yes,No,No,Yes,Two year,No,Bank transfer (automatic),69.08,4140.53,No
CUST-11039,Male,0,Yes,No,70,No,No internet service,No internet service,No internet service,No internet service,No internet service,No internet service,Two year,No,Credit card (automatic),20.71,1459.17,No
CUST-11040,Male,0,Yes,No,26,Fiber optic,No,No,Yes,No,No,No,Month-to-month,Yes,Mailed check,73.17,1866.48,No
CUST-11041,Female,0,No,Yes,21,DSL,No,Yes,Yes,Yes,No,Yes,One year,No,Bank transfer (automatic),82.07,1738.6,No
CUST-11042,Male,0,Yes,Yes,2,DSL,No,No,Yes,Yes,No,Yes,One year,Yes,Bank transfer (automatic),77.85,174.1,No
CUST-11043,Male,0,Yes,No,47,Fiber optic,No,No,No,No,No,No,Two year,Yes,Electronic check,66.84,3140.48,No
CUST-11044,Female,0,Yes,Yes,30,DSL,No,No,Yes,Yes,No,No,Month-to-month,Yes,Electronic check,63.23,1935.62,Yes
CUST-11045,Male,0,Yes,No,27,DSL,No,No,No,No,Yes,No,Month-to-month,Yes,Electronic check,55.66,1516.32,No
CUST-11046,Male,0,Yes,Yes,71,Fiber optic,No,Yes,No,No,No,No,One year,Yes,Bank transfer (automatic),77.78,5521.7,No
CUST-11047,Male,0,No,No,20,Fiber optic,No,Yes,Yes,Yes,No,Yes,Month-to-month,Yes,Credit card (automatic),96.54,1959.44,Yes
CUST-11048,Male,0,Yes,No,50,Fiber optic,No,No,Yes,No,No,No,Month-to-month,Yes,Bank transfer (automatic),79.1,3956.68,Yes
CUST-11049,Male,0,No,No,23,Fiber optic,No,No,No,No,Yes,Yes,One year,No,Electronic check,90.87,2071.54,Yes
CUST-11050,Female,0,Yes,Yes,13,No,No internet service,No internet service,No internet service,No internet service,No internet service,No internet service,Month-to-month,No,Mailed check,26.48,360.46,No
CUST-11051,Male,0,Yes,No,4,DSL,Yes,Yes,No,No,No,Yes,Two year,Yes,Credit card (automatic),76.02,334.35,Yes
CUST-11052,Male,0,No,Yes,14,DSL,Yes,No,Yes,No,No,No,Month-to-month,Yes,Electronic check,58.44,787.48,No
CUST-11053,Male,0,Yes,No,20,No,No internet service,No internet service,No internet service,No internet service,No internet service,No internet service,Two year,No,Credit card (automatic),25.48,500.33,No
CUST-11054,Male,1,No,Yes,13,Fiber optic,Yes,Yes,Yes,No,No,Yes,Month-to-month,No,Bank transfer (automatic),96.4,1243.01,No
CUST-11055,Male,0,No,No,3,Fiber optic,Yes,No,Yes,No,Yes,No,Month-to-month,No,Electronic check,89.58,243.23,Yes
CUST-11056,Female,0,Yes,No,47,DSL,No,No,Yes,Yes,No,No,Month-to-month,Yes,Electronic check,63.48,2977.92,No
CUST-11057,Male,0,No,Yes,3,DSL,No,Yes,Yes,No,Yes,Yes,One year,Yes,Mailed check,82.14,230.77,No
CUST-11058,Female,0,Yes,No,1,DSL,Yes,No,Yes,No,Yes,Yes,One year,No,Bank transfer (automatic),88.48,96.9,Yes
CUST-11059,Female,0,No,Yes,24,Fiber optic,No,Yes,Yes,No,Yes,Yes,Month-to-month,Yes,Credit card (automatic),94.55,2279.08,Yes
CUST-11060,Male,0,Yes,No,35,DSL,No,No,Yes,No,Yes,No,Month-to-month,No,Bank transfer (automatic),72.56,2542.38,No
CUST-11061,Male,1,No,No,14,Fiber optic,No,Yes,No,No,Yes,Yes,One year,No,Mailed check,98.49,1383.08,Yes
CUST-11062,Male,0,Yes,No,67,Fiber optic,Yes,No,No,Yes,No,No,Month-to-month,Yes,Electronic check,83.5,5624.59,No
CUST-11063,Male,0,Yes,No,13,DSL,Yes,Yes,No,Yes,Yes,Yes,One year,Yes,Bank transfer (automatic),87.2,1173.9,No
CUST-11064,Female,1,No,Yes,47,DSL,No,No,Yes,No,Yes,No,Month-to-month,No,Electronic check,66.72,3148.01,No
CUST-11065,Male,0,No,No,50,Fiber optic,Yes,No,No,No,No,Yes,One year,Yes,Bank transfer (automatic),87.55,4367.38,No
CUST-11066,Male,0,No,Yes,26,DSL,No,No,No,No,Yes,Yes,One year,Yes,Electronic check,72.89,1900.73,No
CUST-11067,Male,0,No,No,3,DSL,No,No,Yes,No,No,No,Two year,No,Electronic check,54.51,164.15,No
CUST-11068,Male,0,No,No,51,DSL,Yes,Yes,Yes,No,No,No,One year,No,Electronic check,70.32,3599.97,No
CUST-11069,Male,0,Yes,No,40,Fiber optic,No,No,No,Yes,Yes,Yes,Month-to-month,Yes,Electronic check,96.24,3831.9,Yes
CUST-11070,Male,1,Yes,Yes,68,Fiber optic,Yes,Yes,Yes,No,No,Yes,Month-to-month,Yes,Bank transfer (automatic),97.47,6642.87,No
CUST-11071,Female,0,Yes,No,36,DSL,No,No,No,No,No,No,One year,No,Electronic check,53.94,1943.48,Yes
CUST-11072,Female,0,Yes,No,51,Fiber optic,Yes,Yes,Yes,No,Yes,Yes,Month-to-month,No,Credit card (automatic),110.38,5627.69,Yes
CUST-11073,Male,0,Yes,No,1,No,No internet service,No internet service,No internet service,No internet service,No internet service,No internet service,Two year,No,Mailed check,18.5,18.5,No
CUST-11074,Male,0,No,Yes,33,Fiber optic,Yes,No,No,Yes,Yes,No,One year,No,Mailed check,93.4,3109.16,No
CUST-11075,Male,1,Yes,Yes,7,DSL,No,Yes,No,Yes,Yes,Yes,Month-to-month,Yes,Mailed check,85.26,651.53,No
CUST-11076,Female,0,No,Yes,52,Fiber optic,No,Yes,Yes,No,No,No,Month-to-month,Yes,Mailed check,83.45,4341.76,No
CUST-11077,Male,0,Yes,No,11,Fiber optic,Yes,Yes,No,No,No,No,Month-to-month,Yes,Electronic check,73.45,793.32,No
CUST-11078,Female,0,Yes,Yes,27,No,No internet service,No internet service,No internet service,No internet service,No internet service,No internet service,Month-to-month,Yes,Credit card (automatic),18.5,499.27,No
CUST-11079,Male,0,Yes,No,14,No,No internet service,No internet service,No internet service,No internet service,No internet service,No internet service,Month-to-month,Yes,Mailed check,18.5,265.18,No
CUST-11080,Male,0,No,Yes,46,Fiber optic,No,Yes,Yes,Yes,Yes,No,One year,Yes,Electronic check,99.1,4561.83,No
CUST-11081,Male,0,No,No,10,Fiber optic,No,No,No,No,No,No,Month-to-month,No,Bank transfer (automatic),70.41,707.49,Yes
CUST-11082,Male,0,No,No,24,No,No internet service,No internet service,No internet service,No internet service,No internet service,No internet service,Month-to-month,No,Mailed check,18.5,440.46,No
CUST-11083,Female,0,Yes,No,61,No,No internet service,No internet service,No internet service,No internet service,No internet service,No internet service,Month-to-month,No,Electronic check,18.5,1155.46,No
CUST-11084,Female,0,No,No,18,Fiber optic,No,No,No,No,No,Yes,Month-to-month,Yes,Credit card (automatic),74.78,1340.64,Yes
CUST-11085,Male,0,Yes,Yes,9,DSL,No,Yes,Yes,No,No,No,Month-to-month,Yes,Electronic check,59.25,549.35,Yes
CUST-11086,Male,0,Yes,Yes,17,DSL,Yes,No,No,No,No,Yes,One year,Yes,Bank transfer (automatic),62.13,1026.0,No
CUST-11087,Female,0,Yes,Yes,58,Fiber optic,Yes,No,Yes,Yes,No,No,Month-to-month,No,Credit card (automatic),92.64,5361.79,No
CUST-11088,Female,0,Yes,No,13,Fiber optic,Yes,Yes,Yes,Yes,No,Yes,One year,Yes,Electronic check,107.29,1400.63,Yes
CUST-11089,Female,0,Yes,No,50,No,No internet service,No internet service,No internet service,No internet service,No internet service,No internet service,One year,Yes,Electronic check,22.35,1116.87,No
CUST-11090,Female,0,No,No,6,No,No internet service,No internet service,No internet service,No internet service,No internet service,No internet service,Two year,Yes,Electronic check,21.39,152.68,No
CUST-11091,Male,0,No,No,51,DSL,No,No,No,No,Yes,No,Month-to-month,No,Electronic check,62.47,3191.35,Yes
CUST-11092,Female,0,Yes,No,36,Fiber optic,No,No,Yes,Yes,Yes,No,Month-to-month,No,Electronic check,90.9,3298.89,No
CUST-11093,Male,0,Yes,No,71,DSL,No,No,No,Yes,No,No,Month-to-month,No,Credit card (automatic),62.01,4412.45,No
CUST-11094,Female,1,Yes,No,25,Fiber optic,Yes,No,No,Yes,No,No,Month-to-month,Yes,Credit card (automatic),86.14,2137.17,Yes
CUST-11095,Female,0,Yes,Yes,11,Fiber optic,Yes,No,Yes,No,Yes,Yes,Two year,Yes,Bank transfer (automatic),100.88,1105.83,Yes
CUST-11096,Female,0,No,No,44,DSL,No,Yes,Yes,Yes,Yes,Yes,One year,Yes,Mailed check,93.91,4129.44,No
CUST-11097,Female,0,Yes,No,14,DSL,No,No,No,No,No,Yes,One year,Yes,Credit card (automatic),63.65,916.65,No
CUST-11098,Female,0,No,No,29,DSL,Yes,No,Yes,No,No,No,Month-to-month,Yes,Mailed check,61.84,1788.41,Yes
CUST-11099,Male,0,Yes,No,50,DSL,No,No,No,No,Yes,No,One year,Yes,Electronic check,61.61,3077.77,No
CUST-11100,Male,0,No,No,5,No,No internet service,No internet service,No internet service,No internet service,No internet service,No internet service,Month-to-month,Yes,Mailed check,18.5,84.52,No
CUST-11101,Female,1,Yes,Yes,72,DSL,No,No,No,Yes,No,No,One year,Yes,Electronic check,61.96,4463.57,No
CUST-11102,Female,0,No,No,69,DSL,No,Yes,No,No,Yes,No,One year,Yes,Credit card (automatic),64.64,4473.21,No
CUST-11103,Male,1,Yes,No,57,DSL,No,Yes,No,No,No,Yes,Month-to-month,No,Bank transfer (automatic),66.94,3829.61,No
CUST-11104,Female,0,No,Yes,26,No,No internet service,No internet service,No internet service,No internet service,No internet service,No internet service,Month-to-month,No,Bank transfer (automatic),19.87,510.35,No
CUST-11105,Female,0,Yes,No,6,DSL,Yes,Yes,Yes,Yes,Yes,Yes,Two year,No,Bank transfer (automatic),94.25,525.47,No
CUST-11106,Male,1,Yes,No,16,DSL,Yes,Yes,Yes,No,Yes,Yes,Month-to-month,Yes,Bank transfer (automatic),82.89,1331.76,Yes
CUST-11107,Female,0,No,No,60,Fiber optic,Yes,No,Yes,No,No,Yes,Month-to-month,Yes,Electronic check,94.66,5681.63,Yes
CUST-11108,Female,0,No,Yes,12,DSL,No,No,Yes,Yes,No,No,Month-to-month,No,Mailed check,64.89,781.73,No
CUST-11109,Male,0,No,No,3,DSL,Yes,Yes,Yes,No,No,Yes,Month-to-month,Yes,Credit card (automatic),83.5,250.62,Yes
CUST-11110,Male,0,No,No,63,Fiber optic,No,Yes,No,Yes,No,No,One year,No,Electronic check,87.65,5528.06,Yes
CUST-11111,Male,0,No,No,64,DSL,No,Yes,No,No,No,Yes,One year,Yes,Credit card (automatic),69.61,4414.73,No
CUST-11112,Female,0,Yes,No,62,No,No internet service,No internet service,No internet service,No internet service,No internet service,No internet service,One year,No,Mailed check,22.2,1379.32,No
CUST-11113,Male,0,Yes,No,6,Fiber optic,No,Yes,Yes,Yes,Yes,Yes,Month-to-month,No,Electronic check,113.26,659.68,No
CUST-11114,Male,0,Yes,No,19,Fiber optic,Yes,Yes,No,No,No,No,One year,No,Mailed check,81.47,1571.62,Yes
CUST-11115,Male,0,No,No,18,DSL,No,No,Yes,No,No,No,Two year,No,Credit card (automatic),59.47,1072.93,No
CUST-11116,Male,0,Yes,No,43,No,No internet service,No internet service,No internet service,No internet service,No internet service,No internet service,Month-to-month,Yes,Mailed check,18.66,787.9,No
CUST-11117,Male,0,Yes,No,3,Fiber optic,No,No,No,No,No,Yes,Month-to-month,Yes,Bank transfer (automatic),72.67,194.37,Yes
CUST-11118,Male,0,No,Yes,72,DSL,No,No,No,No,Yes,No,Two year,Yes,Mailed check,62.12,4455.52,No
CUST-11119,Female,0,No,No,38,DSL,No,No,Yes,No,No,Yes,Month-to-month,Yes,Bank transfer (automatic),69.19,2616.37,No
CUST-11120,Female,0,Yes,No,68,Fiber optic,No,Yes,No,Yes,No,No,Month-to-month,Yes,Electronic check,80.04,5443.52,No
CUST-11121,Male,1,Yes,No,44,Fiber optic,Yes,No,Yes,No,No,Yes,Month-to-month,Yes,Electronic check,93.54,4091.89,Yes
CUST-11122,Male,0,Yes,Yes,63,No,No internet service,No internet service,No internet service,No internet service,No internet service,No internet service,Month-to-month,No,Electronic check,21.49,1358.71,No
CUST-11123,Male,0,Yes,No,42,Fiber optic,Yes,No,Yes,Yes,No,Yes,Month-to-month,Yes,Electronic check,103.24,4356.14,Yes
CUST-11124,Female,0,Yes,Yes,64,Fiber optic,No,No,Yes,Yes,No,Yes,Month-to-month,Yes,Electronic check,94.68,6081.59,Yes
CUST-11125,Female,0,No,Yes,54,DSL,Yes,No,No,Yes,No,No,One year,Yes,Bank transfer (automatic),58.43,3147.54,No
CUST-11126,Female,0,No,No,71,Fiber optic,No,No,No,No,Yes,Yes,Month-to-month,Yes,Mailed check,88.55,6286.49,No
CUST-11127,Female,0,No,No,37,No,No internet service,No internet service,No internet service,No internet service,No internet service,No internet service,Two year,Yes,Electronic check,18.54,672.75,No
CUST-11128,Female,0,Yes,No,4,Fiber optic,Yes,Yes,Yes,No,Yes,No,Month-to-month,No,Electronic check,97.65,366.47,Yes
CUST-11129,Female,0,No,Yes,2,DSL,Yes,No,No,No,No,No,Two year,Yes,Electronic check,55.37,99.97,Yes
CUST-11130,Female,0,Yes,No,44,DSL,No,Yes,No,No,Yes,Yes,Two year,Yes,Mailed check,75.29,3276.66,No
CUST-11131,Female,1,Yes,Yes,67,DSL,Yes,Yes,Yes,No,Yes,Yes,One year,Yes,Electronic check,89.19,5936.22,No
CUST-11132,Female,1,No,No,68,Fiber optic,No,Yes,No,Yes,No,Yes,Two year,Yes,Mailed check,90.71,6174.33,No
CUST-11133,Male,0,Yes,No,62,No,No internet service,No internet service,No internet service,No internet service,No internet service,No internet service,One year,No,Mailed check,21.08,1312.02,No
CUST-11134,Male,0,Yes,No,1,DSL,No,Yes,No,Yes,No,Yes,Two year,Yes,Mailed check,71.72,96.11,No
CUST-11135,Male,0,No,No,17,DSL,No,No,No,No,Yes,Yes,Month-to-month,Yes,Bank transfer (automatic),69.4,1208.5,No
CUST-11136,Male,0,Yes,Yes,16,Fiber optic,No,Yes,No,Yes,No,No,Month-to-month,Yes,Electronic check,78.51,1259.8,No
CUST-11137,Female,0,No,No,9,No,No internet service,No internet service,No internet service,No internet service,No internet service,No internet service,One year,No,Electronic check,22.83,186.61,No
CUST-11138,Female,0,Yes,Yes,53,Fiber optic,Yes,No,Yes,Yes,No,Yes,Month-to-month,Yes,Electronic check,99.08,5232.31,No
CUST-11139,Male,0,No,No,59,DSL,No,No,No,Yes,No,Yes,Two year,No,Electronic check,69.02,4051.38,No
CUST-11140,Female,0,Yes,No,9,DSL,No,No,Yes,No,Yes,Yes,Two year,Yes,Electronic check,74.54,675.9,No
CUST-11141,Male,0,Yes,Yes,12,Fiber optic,Yes,Yes,Yes,Yes,No,Yes,Month-to-month,Yes,Bank transfer (automatic),104.32,1236.82,Yes
CUST-11142,Female,0,No,No,41,No,No internet service,No internet service,No internet service,No internet service,No internet service,No internet service,Two year,No,Electronic check,18.5,730.4,No
CUST-11143,Male,0,Yes,No,15,DSL,Yes,Yes,No,Yes,No,Yes,Month-to-month,Yes,Credit card (automatic),79.48,1200.62,No
CUST-11144,Female,1,Yes,Yes,66,Fiber optic,Yes,Yes,Yes,No,Yes,Yes,Month-to-month,Yes,Electronic check,109.73,7259.38,No
CUST-11145,Female,0,Yes,Yes,11,Fiber optic,Yes,Yes,No,No,Yes,Yes,Month-to-month,Yes,Bank transfer (automatic),98.0,1063.07,No
CUST-11146,Male,0,Yes,Yes,8,Fiber optic,No,No,No,No,Yes,No,Month-to-month,Yes,Bank transfer (automatic),80.42,642.67,Yes
CUST-11147,Female,0,Yes,No,55,DSL,No,No,Yes,No,Yes,Yes,One year,No,Electronic check,76.27,4224.08,No
CUST-11148,Male,0,Yes,No,6,No,No internet service,No internet service,No internet service,No internet service,No internet service,No internet service,One year,Yes,Electronic check,20.58,142.15,No
CUST-11149,Male,0,No,Yes,53,Fiber optic,No,No,No,No,No,No,Month-to-month,No,Mailed check,67.3,3548.45,Yes
CUST-11150,Male,0,Yes,Yes,20,Fiber optic,No,Yes,No,No,No,Yes,One year,Yes,Credit card (automatic),87.4,1779.08,No
CUST-11151,Male,0,Yes,No,39,Fiber optic,Yes,Yes,No,Yes,Yes,No,One year,Yes,Mailed check,98.16,3842.61,No
CUST-11152,Female,0,Yes,No,72,No,No internet service,No internet service,No internet service,No internet service,No internet service,No internet service,Month-to-month,No,Electronic check,19.58,1442.26,No
CUST-11153,Female,0,Yes,No,34,Fiber optic,Yes,Yes,Yes,No,No,No,Month-to-month,Yes,Mailed check,95.02,3227.07,No
CUST-11154,Female,0,No,No,57,Fiber optic,Yes,Yes,Yes,No,No,No,Two year,Yes,Electronic check,82.71,4697.38,No
CUST-11155,Male,0,Yes,Yes,19,Fiber optic,No,Yes,Yes,No,No,No,Two year,Yes,Credit card (automatic),84.62,1606.99,No
CUST-11156,Female,0,No,No,71,Fiber optic,No,No,No,No,Yes,No,Month-to-month,Yes,Bank transfer (automatic),81.31,5744.79,No
CUST-11157,Male,0,Yes,No,31,DSL,No,No,Yes,Yes,Yes,No,Month-to-month,No,Electronic check,76.89,2400.15,No
CUST-11158,Female,1,No,Yes,40,No,No internet service,No internet service,No internet service,No internet service,No internet service,No internet service,Two year,Yes,Electronic check,21.76,859.34,No
CUST-11159,Female,0,No,No,14,No,No internet service,No internet service,No internet service,No internet service,No internet service,No internet service,One year,Yes,Electronic check,20.58,295.93,No
CUST-11160,Female,0,No,No,37,DSL,Yes,No,No,No,No,No,Month-to-month,No,Credit card (automatic),56.23,2123.77,No
CUST-11161,Male,0,No,No,44,DSL,No,No,Yes,No,No,Yes,One year,Yes,Credit card (automatic),75.06,3292.89,No
CUST-11162,Female,0,No,Yes,9,DSL,No,Yes,Yes,Yes,No,Yes,Month-to-month,Yes,Electronic check,80.48,724.31,No
CUST-11163,Female,0,Yes,No,58,No,No internet service,No internet service,No internet service,No internet service,No internet service,No internet service,One year,Yes,Mailed check,19.45,1118.76,No
CUST-11164,Male,0,Yes,No,20,Fiber optic,Yes,No,No,Yes,No,No,Month-to-month,No,Credit card (automatic),79.8,1593.09,No
CUST-11165,Female,1,No,No,50,Fiber optic,Yes,No,No,No,No,No,Month-to-month,No,Electronic check,72.53,3621.81,Yes
CUST-11166,Male,0,Yes,No,20,No,No internet service,No internet service,No internet service,No internet service,No internet service,No internet service,Month-to-month,No,Electronic check,20.67,433.39,No
CUST-11167,Female,0,Yes,Yes,36,Fiber optic,Yes,No,No,No,No,No,Two year,Yes,Electronic check,76.11,2757.74,No
CUST-11168,Male,0,No,Yes,27,No,No internet service,No internet service,No internet service,No internet service,No internet service,No internet service,One year,No,Electronic check,19.66,526.27,No
CUST-11169,Male,0,Yes,No,72,Fiber optic,Yes,Yes,No,No,Yes,Yes,One year,Yes,Electronic check,102.96,7415.52,No
CUST-11170,Female,0,No,Yes,32,Fiber optic,No,Yes,Yes,No,Yes,Yes,One year,Yes,Credit card (automatic),101.8,3250.91,No
CUST-11171,Male,0,No,No,1,Fiber optic,Yes,No,Yes,No,No,Yes,Month-to-month,No,Bank transfer (automatic),99.46,127.77,Yes
CUST-11172,Male,0,No,No,17,Fiber optic,Yes,No,Yes,Yes,Yes,Yes,Two year,Yes,Electronic check,110.46,1826.76,Yes
CUST-11173,Male,0,No,No,9,No,No internet service,No internet service,No internet service,No internet service,No internet service,No internet service,Month-to-month,Yes,Mailed check,22.02,182.48,No
CUST-11174,Male,0,Yes,No,45,Fiber optic,No,No,Yes,No,Yes,No,Two year,No,Bank transfer (automatic),87.48,3945.11,No
CUST-11175,Male,1,Yes,No,66,Fiber optic,No,No,Yes,No,Yes,Yes,Month-to-month,No,Mailed check,95.19,6299.43,No
CUST-11176,Male,0,Yes,Yes,32,DSL,No,No,Yes,Yes,Yes,Yes,Month-to-month,Yes,Electronic check,83.48,2696.74,No
CUST-11177,Female,1,Yes,No,45,DSL,Yes,No,Yes,Yes,No,No,Month-to-month,Yes,Electronic check,66.56,2995.2,No
CUST-11178,Male,0,No,No,9,Fiber optic,No,No,Yes,No,No,No,One year,Yes,Bank transfer (automatic),71.83,634.67,Yes
CUST-11179,Male,1,No,No,30,Fiber optic,No,No,No,Yes,Yes,No,Two year,Yes,Electronic check,90.85,2724.96,No
CUST-11180,Female,0,Yes,Yes,38,No,No internet service,No internet service,No internet service,No internet service,No internet service,No internet service,One year,Yes,Electronic check,18.5,722.37,No
CUST-11181,Female,0,Yes,No,60,Fiber optic,No,Yes,No,Yes,No,No,Month-to-month,Yes,Mailed check,83.81,5016.31,No
CUST-11182,Female,1,No,Yes,1,Fiber optic,No,Yes,Yes,No,No,No,Two year,No,Electronic check,87.6,87.6,Yes
CUST-11183,Female,0,Yes,Yes,5,Fiber optic,No,Yes,No,No,No,Yes,Month-to-month,Yes,Credit card (automatic),89.51,441.56,Yes
CUST-11184,Female,1,Yes,Yes,63,Fiber optic,Yes,Yes,No,No,No,Yes,Two year,Yes,Bank transfer (automatic),91.45,5786.29,No
CUST-11185,Female,0,Yes,No,36,No,No internet service,No internet service,No internet service,No internet service,No internet service,No internet service,One year,Yes,Electronic check,19.37,674.08,No
CUST-11186,Female,0,No,Yes,65,Fiber optic,Yes,Yes,No,Yes,Yes,Yes,Month-to-month,Yes,Electronic check,108.54,7004.61,Yes
CUST-11187,Male,0,No,Yes,24,DSL,No,Yes,No,Yes,No,No,Month-to-month,Yes,Mailed check,70.61,1692.17,Yes
CUST-11188,Male,0,No,Yes,4,Fiber optic,Yes,No,Yes,No,Yes,Yes,Month-to-month,No,Mailed check,102.52,422.49,Yes
CUST-11189,Female,0,No,Yes,68,DSL,Yes,No,Yes,No,Yes,No,Month-to-month,No,Bank transfer (automatic),80.98,5496.43,No
CUST-11190,Male,0,Yes,No,25,DSL,No,No,No,Yes,Yes,Yes,Month-to-month,Yes,Mailed check,74.1,1815.78,No
CUST-11191,Male,0,Yes,Yes,7,DSL,No,No,No,No,No,No,Month-to-month,No,Mailed check,50.14,363.97,No
CUST-11192,Male,0,No,Yes,13,Fiber optic,No,No,No,No,No,No,Month-to-month,Yes,Credit card (automatic),73.5,946.61,Yes
CUST-11193,Female,0,Yes,No,68,DSL,Yes,No,No,Yes,Yes,No,One year,No,Mailed check,76.24,5188.83,No
CUST-11194,Female,0,No,No,43,DSL,No,Yes,Yes,No,Yes,Yes,Two year,Yes,Mailed check,84.89,3644.38,No
CUST-11195,Male,0,No,No,57,DSL,No,No,No,Yes,Yes,Yes,Month-to-month,No,Bank transfer (automatic),76.17,4297.48,No
CUST-11196,Female,0,No,No,36,DSL,Yes,Yes,No,Yes,No,Yes,Month-to-month,Yes,Credit card (automatic),75.06,2708.65,No
CUST-11197,Male,0,No,Yes,14,DSL,No,No,Yes,No,No,No,Month-to-month,Yes,Bank transfer (automatic),56.46,801.82,No
CUST-11198,Male,0,No,No,72,DSL,No,Yes,No,No,Yes,No,Month-to-month,No,Bank transfer (automatic),69.13,4973.46,No
CUST-11199,Male,0,No,Yes,27,DSL,No,No,No,No,Yes,No,Two year,Yes,Mailed check,65.1,1735.15,No
CUST-11200,Male,0,Yes,No,37,DSL,No,No,No,Yes,Yes,No,One year,Yes,Mailed check,68.33,2564.99,No
CUST-11201,Female,1,Yes,No,71,DSL,No,Yes,No,Yes,Yes,No,Two year,Yes,Electronic check,73.71,5241.22,No
CUST-11202,Female,0,Yes,Yes,25,No,No internet service,No internet service,No internet service,No internet service,No internet service,No internet service,Month-to-month,No,Bank transfer (automatic),20.63,488.42,No
CUST-11203,Female,0,No,No,67,Fiber optic,Yes,No,Yes,Yes,No,No,One year,Yes,Electronic check,90.66,6120.22,No
CUST-11204,Male,0,Yes,No,4,Fiber optic,No,Yes,No,Yes,No,Yes,Month-to-month,Yes,Electronic check,97.56,378.01,Yes
CUST-11205,Female,0,No,No,16,No,No internet service,No internet service,No internet service,No internet service,No internet service,No internet service,Two year,No,Credit card (automatic),18.89,328.88,No
CUST-11206,Male,0,Yes,No,19,DSL,No,Yes,No,No,Yes,No,Two year,Yes,Electronic check,65.65,1260.45,No
CUST-11207,Female,0,No,No,29,DSL,Yes,Yes,No,No,Yes,No,One year,Yes,Electronic check,72.39,2106.41,No
CUST-11208,Male,0,Yes,Yes,51,No,No internet service,No internet service,No internet service,No internet service,No internet service,No internet service,Two year,No,Electronic check,18.5,971.31,No
CUST-11209,Male,0,No,Yes,18,Fiber optic,No,Yes,Yes,No,Yes,Yes,Month-to-month,No,Electronic check,100.24,1767.86,Yes
CUST-11210,Male,1,No,No,58,No,No internet service,No internet service,No internet service,No internet service,No internet service,No internet service,Two year,No,Mailed check,24.21,1415.64,No
CUST-11211,Female,1,Yes,No,44,No,No internet service,No internet service,No internet service,No internet service,No internet service,No internet service,Month-to-month,Yes,Electronic check,19.93,870.17,No
CUST-11212,Female,0,Yes,No,16,DSL,No,No,Yes,No,Yes,No,Month-to-month,Yes,Electronic check,69.67,1162.86,No
CUST-11213,Female,0,No,No,65,No,No internet service,No internet service,No internet service,No internet service,No internet service,No internet service,Month-to-month,No,Electronic check,22.07,1395.96,No
CUST-11214,Female,0,Yes,No,2,No,No internet service,No internet service,No internet service,No internet service,No internet service,No internet service,Two year,No,Electronic check,18.5,43.24,No
CUST-11215,Male,0,Yes,No,56,Fiber optic,No,Yes,No,No,No,Yes,Two year,No,Electronic check,84.04,4713.9,No
CUST-11216,Female,0,No,No,28,No,No internet service,No internet service,No internet service,No internet service,No internet service,No internet service,Two year,Yes,Mailed check,20.19,553.33,No
CUST-11217,Female,0,No,No,65,DSL,Yes,No,Yes,No,Yes,No,Two year,Yes,Electronic check,71.28,4628.02,No
CUST-11218,Male,0,No,No,5,Fiber optic,Yes,Yes,No,Yes,No,Yes,Month-to-month,Yes,Electronic check,99.73,489.39,No
CUST-11219,Male,0,Yes,No,22,DSL,Yes,Yes,Yes,No,Yes,No,Two year,No,Credit card (automatic),78.56,1708.88,Yes
CUST-11220,Male,0,Yes,No,13,DSL,Yes,No,No,No,No,No,Two year,Yes,Credit card (automatic),57.36,727.06,No
CUST-11221,Female,1,No,Yes,65,Fiber optic,No,Yes,No,No,Yes,No,Month-to-month,Yes,Electronic check,85.87,5578.34,No
CUST-11222,Male,1,No,No,16,DSL,No,No,No,No,No,Yes,Month-to-month,Yes,Electronic check,60.21,976.86,Yes
CUST-11223,Male,0,No,No,64,Fiber optic,Yes,Yes,Yes,Yes,No,Yes,One year,Yes,Mailed check,101.69,6495.05,No
CUST-11224,Male,0,Yes,No,32,Fiber optic,No,No,No,No,Yes,Yes,Two year,Yes,Bank transfer (automatic),88.2,2775.63,No
CUST-11225,Female,1,Yes,No,51,Fiber optic,No,No,No,No,Yes,Yes,Two year,No,Credit card (automatic),88.35,4503.97,No
CUST-11226,Male,0,Yes,No,58,DSL,No,Yes,No,No,Yes,No,Two year,Yes,Mailed check,64.67,3756.53,No
CUST-11227,Female,0,Yes,Yes,46,Fiber optic,No,No,Yes,No,Yes,No,Two year,Yes,Bank transfer (automatic),85.89,3946.07,No
CUST-11228,Female,0,Yes,No,52,No,No internet service,No internet service,No internet service,No internet service,No internet service,No internet service,Two year,Yes,Credit card (automatic),21.8,1134.45,Yes
CUST-11229,Male,0,Yes,No,63,Fiber optic,No,Yes,Yes,Yes,Yes,Yes,One year,No,Mailed check,116.32,7346.6,No
CUST-11230,Male,0,No,No,60,Fiber optic,No,Yes,No,No,Yes,Yes,One year,No,Electronic check,91.95,5515.64,Yes
CUST-11231,Female,1,Yes,Yes,65,Fiber optic,Yes,No,No,No,Yes,No,Month-to-month,No,Mailed check,84.4,5502.33,Yes
CUST-11232,Male,1,No,No,55,Fiber optic,No,No,Yes,No,No,No,One year,No,Electronic check,74.4,4098.21,No
CUST-11233,Male,0,No,No,57,Fiber optic,No,No,Yes,No,No,Yes,Month-to-month,Yes,Electronic check,82.98,4711.06,Yes
CUST-11234,Female,0,No,No,71,No,No internet service,No internet service,No internet service,No internet service,No internet service,No internet service,Two year,No,Bank transfer (automatic),18.5,1335.82,No
CUST-11235,Female,1,Yes,No,26,Fiber optic,No,Yes,Yes,No,No,No,Month-to-month,No,Electronic check,79.84,2048.88,Yes
CUST-11236,Male,0,No,No,12,Fiber optic,No,No,No,Yes,No,Yes,Month-to-month,Yes,Electronic check,88.7,1022.58,Yes
CUST-11237,Female,1,No,No,71,Fiber optic,No,Yes,No,No,No,Yes,Month-to-month,Yes,Credit card (automatic),85.51,6073.21,No
CUST-11238,Male,0,No,No,46,Fiber optic,Yes,Yes,No,No,Yes,Yes,One year,No,Mailed check,100.1,4616.58,Yes
CUST-11239,Male,0,No,No,47,Fiber optic,Yes,No,Yes,No,Yes,No,Month-to-month,No,Electronic check,92.92,4377.85,No
CUST-11240,Male,0,No,Yes,38,Fiber optic,No,Yes,No,No,No,No,Month-to-month,Yes,Electronic check,71.7,2700.45,No
CUST-11241,Female,0,No,No,21,Fiber optic,Yes,No,No,No,Yes,Yes,Month-to-month,No,Electronic check,91.96,1934.08,Yes
CUST-11242,Male,0,Yes,No,14,DSL,Yes,No,No,No,Yes,No,Month-to-month,Yes,Electronic check,66.07,891.76,No
CUST-11243,Male,0,No,No,2,Fiber optic,No,No,Yes,Yes,Yes,Yes,Month-to-month,Yes,Credit card (automatic),101.93,210.84,Yes
CUST-11244,Male,0,Yes,No,72,No,No internet service,No internet service,No internet service,No internet service,No internet service,No internet service,Month-to-month,No,Electronic check,18.5,1333.78,No
CUST-11245,Female,0,No,Yes,70,DSL,No,No,No,Yes,No,No,Month-to-month,Yes,Mailed check,62.81,4407.57,No
CUST-11246,Female,0,Yes,Yes,33,No,No internet service,No internet service,No internet service,No internet service,No internet service,No internet service,Month-to-month,No,Electronic check,21.03,709.77,No
CUST-11247,Female,1,Yes,No,6,DSL,Yes,No,No,No,Yes,No,Month-to-month,Yes,Credit card (automatic),68.05,418.96,Yes
CUST-11248,Female,1,No,Yes,37,DSL,No,No,No,Yes,No,No,Month-to-month,Yes,Bank transfer (automatic),55.82,2038.71,No
CUST-11249,Female,0,No,No,14,Fiber optic,No,Yes,No,No,No,No,Two year,Yes,Credit card (automatic),71.85,995.71,Yes
CUST-11250,Male,0,Yes,No,37,Fiber optic,No,No,No,Yes,Yes,No,Month-to-month,Yes,Mailed check,88.86,3265.04,Yes
CUST-11251,Female,0,Yes,No,8,Fiber optic,No,No,Yes,Yes,No,No,Month-to-month,Yes,Credit card (automatic),81.69,602.71,Yes
CUST-11252,Female,0,No,Yes,13,DSL,No,No,Yes,No,No,No,Month-to-month,No,Credit card (automatic),60.06,795.66,No
CUST-11253,Female,1,Yes,Yes,40,DSL,Yes,Yes,No,Yes,Yes,Yes,Month-to-month,Yes,Bank transfer (automatic),89.72,3601.53,No
CUST-11254,Male,0,No,No,58,Fiber optic,No,Yes,No,No,No,No,Month-to-month,Yes,Electronic check,76.59,4423.7,Yes
CUST-11255,Female,0,Yes,No,18,DSL,No,Yes,Yes,No,No,No,Month-to-month,Yes,Electronic check,63.62,1129.46,Yes
CUST-11256,Female,1,No,No,57,Fiber optic,No,No,No,No,Yes,Yes,One year,No,Electronic check,96.1,5477.04,Yes
CUST-11257,Male,0,No,No,38,Fiber optic,No,No,No,Yes,Yes,Yes,One year,Yes,Electronic check,99.96,3787.48,No
CUST-11258,Female,1,Yes,No,32,Fiber optic,Yes,No,Yes,No,Yes,Yes,Month-to-month,Yes,Bank transfer (automatic),101.39,3266.49,No
CUST-11259,Male,1,Yes,No,66,DSL,Yes,No,No,No,No,No,One year,Yes,Mailed check,55.41,3649.35,No
CUST-11260,Male,0,Yes,No,25,DSL,No,Yes,Yes,Yes,Yes,Yes,Month-to-month,Yes,Mailed check,88.39,2192.88,Yes
CUST-11261,Male,1,No,No,58,Fiber optic,Yes,No,No,Yes,No,No,Two year,Yes,Electronic check,81.43,4731.57,No
CUST-11262,Male,0,No,Yes,33,DSL,Yes,No,Yes,Yes,No,Yes,Month-to-month,No,Electronic check,83.75,2745.56,No
CUST-11263,Male,0,No,Yes,66,Fiber optic,Yes,No,No,No,No,No,One year,No,Electronic check,75.13,4972.71,No
CUST-11264,Female,0,Yes,No,30,No,No internet service,No internet service,No internet service,No internet service,No internet service,No internet service,Month-to-month,Yes,Mailed check,22.29,667.53,No
CUST-11265,Male,1,Yes,No,34,DSL,No,Yes,No,No,Yes,No,Two year,No,Bank transfer (automatic),63.33,2171.44,No
CUST-11266,Male,0,Yes,Yes,69,DSL,No,Yes,Yes,Yes,No,Yes,Month-to-month,No,Electronic check,83.54,5784.22,No
CUST-11267,Female,0,Yes,Yes,48,DSL,Yes,Yes,No,No,No,Yes,Month-to-month,No,Bank transfer (automatic),70.41,3353.6,Yes
CUST-11268,Male,0,No,No,40,No,No internet service,No internet service,No internet service,No internet service,No internet service,No internet service,One year,No,Mailed check,20.68,828.51,No
CUST-11269,Female,0,No,Yes,51,DSL,No,No,No,No,Yes,Yes,Month-to-month,No,Credit card (automatic),70.18,3578.25,No
CUST-11270,Female,0,No,No,13,No,No internet service,No internet service,No internet service,No internet service,No internet service,No internet service,One year,Yes,Electronic check,20.55,264.85,No
CUST-11271,Female,0,Yes,No,31,Fiber optic,Yes,No,No,No,No,No,One year,Yes,Mailed check,74.67,2337.96,No
CUST-11272,Male,0,No,No,39,DSL,Yes,Yes,No,No,No,No,Month-to-month,Yes,Electronic check,64.85,2528.84,Yes
CUST-11273,Male,0,No,No,63,DSL,Yes,Yes,No,No,No,No,Month-to-month,No,Electronic check,56.48,3530.53,No
CUST-11274,Male,0,No,No,48,Fiber optic,Yes,Yes,No,Yes,No,No,Month-to-month,Yes,Mailed check,90.6,4339.61,No
CUST-11275,Female,0,No,No,48,Fiber optic,No,No,Yes,No,Yes,Yes,One year,Yes,Bank transfer (automatic),94.99,4545.52,No
CUST-11276,Male,0,Yes,No,61,Fiber optic,No,Yes,No,No,Yes,Yes,Month-to-month,Yes,Electronic check,93.13,5672.68,Yes
CUST-11277,Male,1,Yes,No,12,DSL,Yes,No,No,No,Yes,Yes,One year,No,Electronic check,81.41,976.62,Yes
CUST-11278,Male,0,No,No,56,Fiber optic,Yes,No,Yes,Yes,Yes,No,Two year,No,Bank transfer (automatic),97.15,5426.44,No
CUST-11279,Female,1,Yes,Yes,18,DSL,No,No,No,No,Yes,Yes,Month-to-month,Yes,Mailed check,64.55,1174.14,No
CUST-11280,Female,0,Yes,Yes,27,Fiber optic,No,Yes,Yes,Yes,Yes,Yes,Two year,Yes,Mailed check,113.87,3104.88,No
CUST-11281,Male,0,No,Yes,28,DSL,No,Yes,Yes,Yes,No,No,One year,No,Credit card (automatic),69.52,1950.09,No
CUST-11282,Male,0,No,Yes,52,Fiber optic,Yes,No,Yes,No,No,No,Month-to-month,Yes,Mailed check,85.82,4478.4,No
CUST-11283,Male,0,No,No,16,DSL,No,Yes,No,Yes,No,Yes,Month-to-month,Yes,Bank transfer (automatic),67.25,1056.1,No
CUST-11284,Male,0,Yes,No,58,Fiber optic,No,Yes,Yes,No,Yes,Yes,One year,Yes,Bank transfer (automatic),108.56,6313.59,Yes
CUST-11285,Female,0,Yes,No,9,Fiber optic,Yes,No,Yes,No,No,Yes,Month-to-month,No,Credit card (automatic),94.83,880.88,Yes
CUST-11286,Female,0,No,No,26,DSL,Yes,No,Yes,Yes,No,Yes,Month-to-month,Yes,Bank transfer (automatic),79.38,2088.37,No
CUST-11287,Female,0,No,No,28,Fiber optic,Yes,No,No,No,Yes,Yes,Month-to-month,Yes,Electronic check,89.8,2502.74,Yes
CUST-11288,Female,0,No,No,36,DSL,No,Yes,Yes,No,Yes,Yes,One year,No,Electronic check,79.01,2869.13,No
CUST-11289,Male,0,No,No,9,DSL,Yes,No,Yes,Yes,Yes,No,One year,Yes,Credit card (automatic),77.93,736.57,No
CUST-11290,Male,0,No,Yes,47,No,No internet service,No internet service,No internet service,No internet service,No internet service,No internet service,One year,Yes,Electronic check,22.14,1029.36,No
CUST-11291,Male,0,No,Yes,51,DSL,No,Yes,No,Yes,Yes,No,Month-to-month,Yes,Bank transfer (automatic),71.41,3655.93,No
CUST-11292,Female,1,Yes,No,57,Fiber optic,No,Yes,No,No,No,No,Two year,No,Credit card (automatic),69.85,3969.94,No
CUST-11293,Male,0,No,No,32,No,No internet service,No internet service,No internet service,No internet service,No internet service,No internet service,Two year,Yes,Bank transfer (automatic),20.68,634.64,No
CUST-11294,Female,0,No,Yes,67,DSL,No,No,Yes,No,No,No,Month-to-month,No,Mailed check,59.99,4015.05,No
CUST-11295,Female,0,No,Yes,57,No,No internet service,No internet service,No internet service,No internet service,No internet service,No internet service,Month-to-month,No,Electronic check,26.59,1504.39,No
CUST-11296,Male,0,Yes,No,54,DSL,Yes,No,No,No,Yes,No,Two year,No,Mailed check,61.92,3340.96,No
CUST-11297,Male,0,No,Yes,16,Fiber optic,No,Yes,No,No,No,No,Two year,No,Electronic check,73.24,1120.18,No
CUST-11298,Male,0,Yes,No,62,Fiber optic,Yes,No,No,No,Yes,Yes,One year,No,Credit card (automatic),86.02,5340.92,No
CUST-11299,Female,0,Yes,No,56,No,No internet service,No internet service,No internet service,No internet service,No internet service,No internet service,Two year,No,Bank transfer (automatic),18.5,1031.35,No
CUST-11300,Male,0,Yes,No,23,Fiber optic,No,Yes,Yes,No,Yes,No,One year,No,Bank transfer (automatic),89.8,2080.41,Yes
CUST-11301,Female,0,No,No,17,Fiber optic,No,No,No,No,Yes,No,Month-to-month,No,Mailed check,77.32,1305.26,Yes
CUST-11302,Male,0,Yes,No,38,Fiber optic,Yes,No,No,No,Yes,Yes,One year,No,Electronic check,93.4,3583.86,Yes
CUST-11303,Female,1,Yes,No,72,DSL,Yes,No,Yes,Yes,Yes,Yes,One year,Yes,Electronic check,91.78,6599.41,No
CUST-11304,Female,0,Yes,No,30,Fiber optic,No,No,No,No,No,No,Two year,Yes,Electronic check,71.53,2148.15,No
CUST-11305,Male,1,No,No,58,DSL,No,No,Yes,No,No,No,Month-to-month,Yes,Mailed check,55.46,3197.04,Yes
CUST-11306,Female,0,Yes,Yes,22,Fiber optic,No,No,No,No,No,Yes,One year,No,Mailed check,80.05,1763.04,No
CUST-11307,Female,0,Yes,No,17,Fiber optic,Yes,Yes,No,Yes,Yes,Yes,One year,No,Mailed check,104.93,1789.19,Yes
CUST-11308,Male,0,No,No,15,No,No internet service,No internet service,No internet service,No internet service,No internet service,No internet service,Month-to-month,Yes,Mailed check,18.5,266.18,No
CUST-11309,Female,0,Yes,No,48,Fiber optic,Yes,No,Yes,No,Yes,Yes,Month-to-month,Yes,Credit card (automatic),98.12,4724.94,No
CUST-11310,Male,0,No,No,32,Fiber optic,No,No,No,Yes,No,No,Two year,Yes,Electronic check,75.78,2413.72,No
CUST-11311,Female,0,No,No,40,DSL,No,Yes,Yes,No,No,Yes,Month-to-month,Yes,Bank transfer (automatic),78.57,3165.48,No
CUST-11312,Male,0,Yes,Yes,57,DSL,Yes,No,Yes,No,Yes,Yes,One year,No,Electronic check,82.44,4671.68,No
CUST-11313,Male,0,Yes,No,58,Fiber optic,Yes,No,Yes,No,Yes,No,Two year,Yes,Mailed check,90.22,5231.45,No
CUST-11314,Female,0,No,No,16,Fiber optic,No,No,No,Yes,No,Yes,Month-to-month,Yes,Electronic check,89.43,1483.44,Yes
CUST-11315,Female,0,Yes,No,28,Fiber optic,No,Yes,No,No,No,No,Two year,Yes,Mailed check,74.82,2047.09,No
CUST-11316,Female,0,Yes,No,1,Fiber optic,No,No,Yes,No,No,No,One year,Yes,Electronic check,82.05,101.13,Yes
CUST-11317,Female,0,Yes,Yes,41,DSL,Yes,Yes,Yes,Yes,Yes,No,Month-to-month,No,Electronic check,87.06,3575.79,No
CUST-11318,Female,0,No,No,48,Fiber optic,No,No,Yes,Yes,Yes,Yes,Month-to-month,Yes,Credit card (automatic),101.52,4866.82,Yes
CUST-11319,Male,1,Yes,Yes,31,DSL,No,Yes,No,No,No,No,Two year,No,Electronic check,59.96,1880.75,Yes
CUST-11320,Female,0,No,No,36,DSL,No,No,No,No,No,Yes,Month-to-month,Yes,Mailed check,61.86,2235.51,Yes
CUST-11321,Male,1,No,No,33,DSL,Yes,No,Yes,No,No,Yes,Month-to-month,Yes,Mailed check,73.4,2416.29,No
CUST-11322,Male,0,Yes,Yes,33,Fiber optic,No,No,No,No,No,No,Month-to-month,No,Mailed check,72.48,2377.11,No
CUST-11323,Female,0,Yes,No,23,Fiber optic,No,Yes,Yes,No,Yes,Yes,Month-to-month,No,Bank transfer (automatic),105.19,2410.91,Yes
CUST-11324,Male,0,No,Yes,60,DSL,No,No,No,No,Yes,Yes,Month-to-month,Yes,Bank transfer (automatic),71.54,4287.47,No
CUST-11325,Male,0,Yes,Yes,30,Fiber optic,No,Yes,No,Yes,Yes,Yes,Two year,Yes,Electronic check,103.52,3102.08,Yes
CUST-11326,Male,1,No,No,45,Fiber optic,No,No,No,No,No,No,Two year,Yes,Electronic check,72.72,3256.5,Yes
CUST-11327,Male,0,Yes,No,39,No,No internet service,No internet service,No internet service,No internet service,No internet service,No internet service,Month-to-month,No,Bank transfer (automatic),19.48,762.71,No
CUST-11328,Female,0,Yes,No,45,Fiber optic,No,Yes,No,No,Yes,Yes,Month-to-month,Yes,Mailed check,99.98,4486.07,Yes
CUST-11329,Male,0,Yes,No,12,DSL,Yes,Yes,No,No,No,No,One year,Yes,Credit card (automatic),62.49,752.6,No
CUST-11330,Female,0,Yes,No,32,No,No internet service,No internet service,No internet service,No internet service,No internet service,No internet service,Month-to-month,No,Mailed check,20.56,696.16,No
CUST-11331,Female,1,Yes,No,56,DSL,No,Yes,No,No,No,No,Two year,Yes,Bank transfer (automatic),57.9,3259.48,No
CUST-11332,Male,0,No,Yes,24,Fiber optic,No,Yes,No,No,No,Yes,Two year,Yes,Credit card (automatic),86.47,2074.5,No
CUST-11333,Female,0,Yes,Yes,13,Fiber optic,Yes,No,No,Yes,No,Yes,Two year,Yes,Bank transfer (automatic),96.82,1235.03,No
CUST-11334,Female,0,Yes,No,20,DSL,Yes,No,No,No,Yes,Yes,Month-to-month,No,Mailed check,77.85,1559.84,No
CUST-11335,Female,0,Yes,No,56,Fiber optic,Yes,Yes,No,Yes,No,No,Month-to-month,Yes,Mailed check,89.22,5032.04,No
CUST-11336,Male,0,No,No,53,DSL,No,No,Yes,Yes,No,Yes,Month-to-month,No,Mailed check,65.22,3436.5,No
CUST-11337,Female,0,Yes,No,68,No,No internet service,No internet service,No internet service,No internet service,No internet service,No internet service,Month-to-month,Yes,Bank transfer (automatic),22.59,1492.23,No
CUST-11338,Female,0,No,No,54,DSL,No,No,No,No,No,No,Month-to-month,No,Electronic check,51.25,2773.81,No
CUST-11339,Female,0,Yes,Yes,34,Fiber optic,Yes,No,Yes,No,No,Yes,Two year,Yes,Bank transfer (automatic),99.28,3406.27,No
CUST-11340,Male,0,Yes,Yes,28,Fiber optic,Yes,No,No,No,No,No,Two year,Yes,Electronic check,71.1,2015.09,No
CUST-11341,Female,0,Yes,No,50,DSL,Yes,No,No,Yes,Yes,No,Two year,No,Electronic check,72.34,3650.11,No
CUST-11342,Male,0,No,No,2,Fiber optic,No,No,No,Yes,No,Yes,Two year,No,Bank transfer (automatic),83.36,140.96,No
CUST-11343,Male,0,Yes,No,26,No,No internet service,No internet service,No internet service,No internet service,No internet service,No internet service,Month-to-month,No,Electronic check,18.5,473.03,No
CUST-11344,Male,0,Yes,Yes,51,Fiber optic,No,Yes,No,Yes,Yes,Yes,One year,No,Bank transfer (automatic),108.67,5549.55,No
CUST-11345,Male,0,Yes,No,47,Fiber optic,Yes,Yes,No,Yes,Yes,Yes,Month-to-month,Yes,Credit card (automatic),104.01,4842.28,No
CUST-11346,Male,0,No,Yes,26,Fiber optic,Yes,No,No,No,Yes,No,Month-to-month,Yes,Credit card (automatic),80.82,2100.77,No
CUST-11347,Male,0,Yes,Yes,61,No,No internet service,No internet service,No internet service,No internet service,No internet service,No internet service,One year,Yes,Bank transfer (automatic),21.74,1315.5,No
CUST-11348,Female,0,Yes,No,23,DSL,No,Yes,Yes,Yes,Yes,Yes,One year,No,Mailed check,91.58,2101.41,No
CUST-11349,Male,0,Yes,Yes,37,Fiber optic,Yes,Yes,No,No,No,No,One year,Yes,Mailed check,80.01,2965.71,No
CUST-11350,Female,0,Yes,No,41,DSL,Yes,Yes,No,No,No,No,Month-to-month,No,Mailed check,53.3,2178.56,No
CUST-11351,Female,0,No,Yes,52,No,No internet service,No internet service,No internet service,No internet service,No internet service,No internet service,Month-to-month,Yes,Electronic check,23.8,1215.8,No
CUST-11352,Male,0,No,No,49,Fiber optic,Yes,Yes,No,No,Yes,No,Month-to-month,No,Electronic check,90.29,4438.32,Yes
CUST-11353,Female,0,Yes,No,27,No,No internet service,No internet service,No internet service,No internet service,No internet service,No internet service,Month-to-month,Yes,Bank transfer (automatic),18.5,477.49,Yes
CUST-11354,Female,0,Yes,No,6,No,No internet service,No internet service,No internet service,No internet service,No internet service,No internet service,Month-to-month,Yes,Electronic check,20.96,123.51,No
CUST-11355,Female,0,Yes,No,66,DSL,Yes,No,Yes,No,No,No,One year,No,Electronic check,65.77,4324.18,No
CUST-11356,Female,0,Yes,Yes,24,DSL,No,No,No,No,Yes,Yes,Two year,Yes,Bank transfer (automatic),69.2,1674.47,No
CUST-11357,Male,0,Yes,No,38,DSL,Yes,No,Yes,Yes,No,No,Month-to-month,No,Electronic check,68.05,2554.42,Yes
CUST-11358,Female,0,No,No,28,Fiber optic,No,No,Yes,Yes,No,Yes,One year,No,Electronic check,95.11,2661.11,Yes
CUST-11359,Male,0,No,Yes,28,Fiber optic,No,No,No,No,No,Yes,Month-to-month,Yes,Electronic check,81.15,2278.35,Yes
CUST-11360,Female,0,No,No,66,Fiber optic,No,No,Yes,No,Yes,Yes,Two year,No,Bank transfer (automatic),98.43,6501.93,No
CUST-11361,Female,0,No,Yes,61,DSL,No,No,No,No,No,No,Month-to-month,No,Bank transfer (automatic),49.26,3026.35,No
CUST-11362,Male,0,No,No,46,Fiber optic,Yes,Yes,Yes,Yes,No,No,Two year,No,Bank transfer (automatic),99.69,4602.28,No
CUST-11363,Female,0,No,No,69,Fiber optic,Yes,Yes,No,Yes,No,Yes,Two year,Yes,Electronic check,96.37,6658.59,No
CUST-11364,Female,0,Yes,Yes,43,DSL,No,No,No,No,No,No,Two year,Yes,Bank transfer (automatic),49.48,2087.8,No
CUST-11365,Female,0,No,No,59,DSL,Yes,Yes,No,Yes,Yes,No,Month-to-month,No,Bank transfer (automatic),78.47,4641.24,No
CUST-11366,Male,0,Yes,No,2,Fiber optic,No,No,No,No,No,No,One year,No,Mailed check,65.38,154.94,No
CUST-11367,Female,0,Yes,No,15,Fiber optic,No,No,Yes,No,No,Yes,Month-to-month,Yes,Mailed check,88.09,1305.81,Yes
CUST-11368,Male,1,No,No,37,No,No internet service,No internet service,No internet service,No internet service,No internet service,No internet service,Month-to-month,Yes,Mailed check,20.28,773.59,No
CUST-11369,Female,0,Yes,No,71,Fiber optic,Yes,No,No,No,Yes,Yes,Month-to-month,Yes,Mailed check,94.43,6722.62,No
CUST-11370,Male,0,Yes,No,20,Fiber optic,No,No,Yes,Yes,No,No,Two year,Yes,Bank transfer (automatic),86.52,1716.32,No
CUST-11371,Male,1,No,No,35,Fiber optic,No,No,No,No,No,No,Two year,No,Electronic check,69.42,2419.15,No
CUST-11372,Female,0,Yes,Yes,34,DSL,Yes,Yes,No,Yes,Yes,No,Month-to-month,No,Mailed check,83.23,2810.58,No
CUST-11373,Female,1,Yes,No,31,DSL,No,No,Yes,No,Yes,No,Month-to-month,Yes,Mailed check,68.41,2141.89,No
CUST-11374,Male,0,No,No,19,DSL,Yes,No,No,Yes,No,No,Two year,No,Mailed check,64.12,1204.59,No
CUST-11375,Male,1,No,No,68,DSL,Yes,Yes,No,Yes,No,Yes,Month-to-month,Yes,Mailed check,76.98,5221.33,No
CUST-11376,Female,0,No,No,24,DSL,No,Yes,Yes,Yes,Yes,No,Month-to-month,No,Credit card (automatic),75.34,1803.47,No
CUST-11377,Male,0,Yes,No,39,Fiber optic,Yes,No,No,Yes,Yes,Yes,Month-to-month,Yes,Credit card (automatic),105.41,4088.46,No
CUST-11378,Female,0,Yes,No,54,Fiber optic,Yes,No,No,No,No,Yes,One year,Yes,Bank transfer (automatic),79.33,4293.6,No
CUST-11379,Female,0,No,No,39,Fiber optic,Yes,No,No,Yes,Yes,Yes,Month-to-month,No,Bank transfer (automatic),102.2,3979.86,Yes
CUST-11380,Female,0,No,No,17,DSL,No,No,Yes,Yes,Yes,Yes,One year,Yes,Electronic check,87.64,1511.84,Yes
CUST-11381,Female,0,Yes,No,19,Fiber optic,No,No,Yes,No,Yes,No,Month-to-month,Yes,Bank transfer (automatic),84.4,1620.63,Yes
CUST-11382,Male,0,Yes,No,48,Fiber optic,No,Yes,No,No,Yes,Yes,Month-to-month,Yes,Mailed check,94.62,4574.37,No
CUST-11383,Female,0,Yes,No,35,No,No internet service,No internet service,No internet service,No internet service,No internet service,No internet service,Month-to-month,Yes,Electronic check,18.5,616.13,No
CUST-11384,Male,0,No,No,32,No,No internet service,No internet service,No internet service,No internet service,No internet service,No internet service,Month-to-month,Yes,Electronic check,18.5,566.46,No
CUST-11385,Female,0,Yes,Yes,47,Fiber optic,Yes,No,Yes,No,No,Yes,Month-to-month,Yes,Electronic check,89.61,4211.73,No
CUST-11386,Male,1,No,No,47,Fiber optic,Yes,Yes,Yes,Yes,No,Yes,Month-to-month,No,Electronic check,104.61,4919.02,No
CUST-11387,Female,0,Yes,No,64,DSL,No,Yes,Yes,Yes,Yes,Yes,Two year,No,Electronic check,91.39,5843.18,No
CUST-11388,Male,1,No,Yes,46,DSL,No,No,Yes,No,Yes,Yes,Month-to-month,Yes,Electronic check,77.69,3606.56,Yes
CUST-11389,Male,0,No,Yes,35,No,No internet service,No internet service,No internet service,No internet service,No internet service,No internet service,One year,No,Bank transfer (automatic),24.34,843.89,No
CUST-11390,Female,0,No,No,17,Fiber optic,No,No,No,Yes,No,No,Two year,Yes,Electronic check,76.54,1310.53,No
CUST-11391,Female,0,Yes,No,42,Fiber optic,No,No,No,No,No,Yes,Two year,Yes,Mailed check,81.67,3436.87,Yes
CUST-11392,Female,0,No,No,29,No,No internet service,No internet service,No internet service,No internet service,No internet service,No internet service,Two year,Yes,Credit card (automatic),18.5,524.39,No
CUST-11393,Female,0,No,Yes,70,Fiber optic,No,Yes,No,No,No,Yes,One year,Yes,Electronic check,91.03,6381.4,No
CUST-11394,Male,0,Yes,Yes,17,DSL,No,Yes,No,No,Yes,Yes,Month-to-month,No,Credit card (automatic),76.37,1298.21,No
CUST-11395,Female,0,No,No,14,DSL,No,Yes,Yes,Yes,Yes,No,Two year,Yes,Bank transfer (automatic),80.38,1150.09,No
CUST-11396,Male,1,No,No,24,DSL,No,No,Yes,No,No,No,Two year,No,Electronic check,54.63,1334.39,No
CUST-11397,Male,0,No,Yes,57,Fiber optic,No,Yes,No,No,No,No,Two year,Yes,Electronic check,78.72,4436.63,No
CUST-11398,Female,0,No,No,50,Fiber optic,Yes,No,No,Yes,Yes,Yes,One year,Yes,Electronic check,103.39,5138.74,No
CUST-11399,Male,0,Yes,No,57,No,No internet service,No internet service,No internet service,No internet service,No internet service,No internet service,One year,No,Electronic check,20.61,1171.86,No
CUST-11400,Male,0,Yes,Yes,61,Fiber optic,Yes,Yes,Yes,Yes,No,Yes,Month-to-month,Yes,Electronic check,102.83,6289.89,Yes
CUST-11401,Male,0,Yes,Yes,39,DSL,No,Yes,Yes,No,No,No,One year,Yes,Electronic check,60.65,2367.81,No
CUST-11402,Male,0,No,Yes,55,DSL,No,No,No,Yes,No,No,Month-to-month,Yes,Electronic check,52.71,2907.34,No
CUST-11403,Female,0,No,No,36,Fiber optic,No,Yes,No,Yes,No,No,Month-to-month,Yes,Bank transfer (automatic),82.47,3024.7,No
CUST-11404,Female,0,No,No,37,No,No internet service,No internet service,No internet service,No internet service,No internet service,No internet service,One year,No,Electronic check,18.56,674.26,No
CUST-11405,Female,0,Yes,No,14,DSL,No,No,No,No,No,Yes,Month-to-month,Yes,Bank transfer (automatic),55.97,792.42,Yes
CUST-11406,Female,0,Yes,No,27,No,No internet service,No internet service,No internet service,No internet service,No internet service,No internet service,Month-to-month,Yes,Electronic check,19.78,537.35,No
CUST-11407,Male,1,No,No,31,DSL,No,Yes,Yes,No,Yes,No,Two year,No,Credit card (automatic),71.96,2247.94,No
CUST-11408,Male,0,Yes,No,44,DSL,Yes,No,Yes,No,Yes,No,Two year,Yes,Electronic check,69.82,3091.08,No
CUST-11409,Female,0,Yes,No,68,No,No internet service,No internet service,No internet service,No internet service,No internet service,No internet service,One year,Yes,Bank transfer (automatic),18.5,1269.1,No
CUST-11410,Female,0,No,Yes,48,DSL,No,No,No,No,No,Yes,Month-to-month,Yes,Electronic check,60.5,2932.02,No
CUST-11411,Female,1,Yes,No,57,Fiber optic,Yes,Yes,Yes,No,No,No,Two year,Yes,Bank transfer (automatic),85.67,4909.99,No
CUST-11412,Male,0,Yes,No,22,DSL,No,Yes,Yes,No,Yes,No,Month-to-month,Yes,Electronic check,77.93,1722.74,Yes
CUST-11413,Female,0,Yes,No,4,No,No internet service,No internet service,No internet service,No internet service,No internet service,No internet service,One year,Yes,Mailed check,19.45,75.69,No
CUST-11414,Female,0,Yes,No,72,No,No internet service,No internet service,No internet service,No internet service,No internet service,No internet service,Month-to-month,No,Electronic check,22.76,1644.52,No
CUST-11415,Female,0,No,Yes,46,No,No internet service,No internet service,No internet service,No internet service,No internet service,No internet service,Month-to-month,Yes,Mailed check,18.5,817.79,No
CUST-11416,Male,0,Yes,No,59,DSL,Yes,No,No,No,No,Yes,One year,Yes,Electronic check,64.51,3795.57,No
CUST-11417,Male,0,Yes,No,34,DSL,Yes,Yes,Yes,No,No,Yes,One year,Yes,Mailed check,75.14,2535.45,No
CUST-11418,Male,0,Yes,No,11,Fiber optic,No,No,No,No,No,No,Month-to-month,Yes,Electronic check,71.28,801.88,No
CUST-11419,Male,0,No,No,31,DSL,No,No,Yes,Yes,No,Yes,Month-to-month,No,Electronic check,74.81,2346.12,Yes
CUST-11420,Male,0,Yes,No,11,Fiber optic,No,No,Yes,Yes,Yes,Yes,Month-to-month,Yes,Bank transfer (automatic),110.94,1233.56,No
CUST-11421,Male,0,No,No,56,Fiber optic,Yes,No,Yes,No,Yes,No,Month-to-month,Yes,Credit card (automatic),90.86,5085.57,No
CUST-11422,Male,0,Yes,No,38,DSL,No,No,No,No,Yes,Yes,One year,Yes,Mailed check,64.72,2444.57,Yes
CUST-11423,Male,0,Yes,No,21,Fiber optic,Yes,No,Yes,No,Yes,Yes,Month-to-month,Yes,Bank transfer (automatic),101.82,2155.75,No
CUST-11424,Female,1,Yes,No,10,No,No internet service,No internet service,No internet service,No internet service,No internet service,No internet service,Month-to-month,No,Mailed check,20.59,226.81,No
CUST-11425,Female,0,No,No,26,No,No internet service,No internet service,No internet service,No internet service,No internet service,No internet service,Month-to-month,Yes,Mailed check,18.5,479.09,No
CUST-11426,Male,0,No,No,8,Fiber optic,No,No,No,No,Yes,No,Month-to-month,Yes,Electronic check,77.74,623.12,Yes
CUST-11427,Male,0,Yes,No,8,DSL,Yes,Yes,Yes,No,Yes,No,One year,Yes,Electronic check,74.41,588.27,Yes
CUST-11428,Female,0,No,Yes,60,DSL,Yes,Yes,No,Yes,No,No,One year,Yes,Credit card (automatic),70.44,4234.72,No
CUST-11429,Male,0,No,Yes,72,DSL,Yes,No,No,No,No,No,Month-to-month,Yes,Mailed check,56.77,4079.67,No
CUST-11430,Male,0,Yes,No,34,DSL,Yes,Yes,Yes,Yes,Yes,No,Month-to-month,Yes,Bank transfer (automatic),93.29,3170.28,Yes
CUST-11431,Male,0,No,No,16,No,No internet service,No internet service,No internet service,No internet service,No internet service,No internet service,One year,No,Mailed check,19.5,288.58,No
CUST-11432,Female,0,Yes,No,13,DSL,No,Yes,Yes,No,Yes,No,Month-to-month,Yes,Mailed check,73.46,960.22,Yes
CUST-11433,Female,0,No,No,22,DSL,No,No,No,Yes,Yes,No,Month-to-month,No,Mailed check,67.27,1514.97,No
CUST-11434,Female,0,No,Yes,27,DSL,No,Yes,Yes,No,Yes,Yes,Month-to-month,Yes,Mailed check,91.12,2467.19,No
CUST-11435,Female,0,No,No,64,DSL,No,Yes,Yes,No,No,Yes,Month-to-month,No,Electronic check,74.85,4811.25,No
CUST-11436,Female,0,No,No,2,DSL,No,No,No,Yes,Yes,No,Month-to-month,Yes,Mailed check,68.01,151.29,Yes
CUST-11437,Male,0,Yes,No,26,Fiber optic,No,No,No,No,Yes,No,Two year,No,Mailed check,86.31,2241.62,No
CUST-11438,Female,0,No,No,69,Fiber optic,No,No,Yes,No,No,Yes,One year,Yes,Credit card (automatic),86.82,5990.31,No
CUST-11439,Male,0,Yes,No,30,DSL,No,No,No,Yes,Yes,No,One year,Yes,Mailed check,78.63,2347.95,No
CUST-11440,Male,0,Yes,Yes,8,DSL,No,No,No,Yes,No,No,Month-to-month,No,Bank transfer (automatic),62.99,523.49,No
CUST-11441,Female,0,No,No,38,Fiber optic,No,No,No,No,Yes,Yes,One year,Yes,Electronic check,89.94,3427.08,No
CUST-11442,Female,0,No,Yes,61,Fiber optic,Yes,No,Yes,No,No,No,Two year,Yes,Electronic check,83.54,5116.0,No
CUST-11443,Male,0,No,No,65,DSL,Yes,No,No,No,No,No,One year,Yes,Credit card (automatic),55.38,3601.84,No
CUST-11444,Male,1,Yes,No,67,No,No internet service,No internet service,No internet service,No internet service,No internet service,No internet service,Month-to-month,Yes,Bank transfer (automatic),22.26,1455.63,No
CUST-11445,Male,0,No,No,46,Fiber optic,No,No,No,No,No,Yes,One year,Yes,Electronic check,78.26,3585.53,No
CUST-11446,Female,0,No,No,72,Fiber optic,No,No,Yes,No,No,No,Month-to-month,Yes,Mailed check,83.29,6016.91,No
CUST-11447,Female,0,Yes,No,43,No,No internet service,No internet service,No internet service,No internet service,No internet service,No internet service,One year,Yes,Electronic check,18.5,791.57,No
CUST-11448,Female,0,Yes,No,59,Fiber optic,Yes,No,No,No,No,Yes,Month-to-month,Yes,Bank transfer (automatic),85.76,5081.1,No
CUST-11449,Female,0,Yes,Yes,46,No,No internet service,No internet service,No internet service,No internet service,No internet service,No internet service,Two year,Yes,Electronic check,21.1,998.81,No
CUST-11450,Female,0,Yes,No,72,No,No internet service,No internet service,No internet service,No internet service,No internet service,No internet service,One year,Yes,Bank transfer (automatic),19.05,1390.2,No
CUST-11451,Male,1,No,No,35,DSL,No,No,Yes,No,No,Yes,Month-to-month,Yes,Mailed check,63.13,2227.39,No
CUST-11452,Female,0,No,No,39,No,No internet service,No internet service,No internet service,No internet service,No internet service,No internet service,Month-to-month,No,Electronic check,20.72,754.32,No
CUST-11453,Male,0,No,No,51,DSL,No,Yes,No,No,No,No,Month-to-month,Yes,Credit card (automatic),56.74,2889.07,No
CUST-11454,Male,0,No,Yes,4,DSL,No,No,No,No,Yes,No,Month-to-month,No,Credit card (automatic),59.01,235.92,Yes
CUST-11455,Male,0,Yes,Yes,51,No,No internet service,No internet service,No internet service,No internet service,No internet service,No internet service,Month-to-month,No,Electronic check,19.13,993.53,No
CUST-11456,Female,0,No,No,5,No,No internet service,No internet service,No internet service,No internet service,No internet service,No internet service,Month-to-month,No,Credit card (automatic),20.46,104.57,No
CUST-11457,Female,0,Yes,No,55,Fiber optic,Yes,No,Yes,Yes,Yes,Yes,Month-to-month,No,Bank transfer (automatic),113.74,6225.8,Yes
CUST-11458,Female,0,No,No,20,DSL,No,No,No,No,Yes,No,Two year,No,Bank transfer (automatic),63.52,1240.95,No
CUST-11459,Male,0,Yes,No,24,Fiber optic,Yes,No,Yes,No,Yes,Yes,Month-to-month,Yes,Credit card (automatic),103.44,2472.86,Yes
CUST-11460,Male,0,No,Yes,36,Fiber optic,No,Yes,No,No,No,No,Month-to-month,Yes,Mailed check,74.71,2743.32,No
CUST-11461,Male,0,Yes,No,34,DSL,Yes,No,Yes,No,No,Yes,Month-to-month,Yes,Bank transfer (automatic),70.98,2418.93,No
CUST-11462,Male,0,Yes,Yes,54,No,No internet service,No internet service,No internet service,No internet service,No internet service,No internet service,Month-to-month,No,Credit card (automatic),19.27,1050.82,No
CUST-11463,Male,0,No,No,34,DSL,Yes,No,No,No,No,Yes,Month-to-month,No,Mailed check,63.65,2134.62,Yes
CUST-11464,Male,0,Yes,Yes,17,DSL,No,No,Yes,Yes,No,No,One year,No,Mailed check,61.69,1070.8,No
CUST-11465,Female,0,No,No,5,DSL,Yes,No,No,No,Yes,No,Month-to-month,No,Electronic check,62.66,306.95,Yes
CUST-11466,Female,0,Yes,Yes,18,Fiber optic,Yes,No,No,No,Yes,No,One year,No,Bank transfer (automatic),86.81,1592.67,No
CUST-11467,Female,1,No,No,55,Fiber optic,No,Yes,Yes,Yes,No,Yes,Two year,Yes,Bank transfer (automatic),99.07,5423.99,Yes
CUST-11468,Female,1,Yes,No,53,DSL,Yes,Yes,No,Yes,Yes,No,Month-to-month,No,Mailed check,79.11,4190.95,No
CUST-11469,Male,0,Yes,No,50,Fiber optic,No,No,Yes,Yes,No,No,Month-to-month,Yes,Mailed check,85.0,4239.77,Yes
CUST-11470,Male,1,Yes,No,72,DSL,No,Yes,No,No,No,No,Month-to-month,Yes,Electronic check,57.38,4144.06,No
CUST-11471,Female,0,Yes,No,45,Fiber optic,Yes,No,No,No,No,No,One year,Yes,Electronic check,73.02,3305.5,No
CUST-11472,Male,0,Yes,Yes,13,Fiber optic,No,No,Yes,No,No,Yes,Month-to-month,Yes,Mailed check,77.08,989.45,Yes
CUST-11473,Female,0,Yes,No,16,DSL,No,Yes,Yes,No,Yes,No,One year,No,Mailed check,71.15,1154.5,No
CUST-11474,Female,0,Yes,No,13,Fiber optic,Yes,Yes,No,No,Yes,No,One year,Yes,Credit card (automatic),88.23,1175.37,Yes
CUST-11475,Female,0,Yes,Yes,20,Fiber optic,No,No,No,Yes,No,No,One year,No,Mailed check,71.7,1453.62,No
CUST-11476,Male,0,No,Yes,66,Fiber optic,Yes,No,Yes,No,Yes,No,Month-to-month,Yes,Credit card (automatic),90.34,5950.97,No
CUST-11477,Female,0,No,No,47,Fiber optic,No,Yes,No,No,No,No,Month-to-month,Yes,Electronic check,73.95,3467.17,No
CUST-11478,Female,0,Yes,No,19,No,No internet service,No internet service,No internet service,No internet service,No internet service,No internet service,One year,No,Credit card (automatic),19.92,374.23,No
CUST-11479,Female,0,No,No,45,No,No internet service,No internet service,No internet service,No internet service,No internet service,No internet service,Two year,No,Electronic check,21.57,989.59,No
CUST-11480,Male,0,No,No,37,DSL,Yes,Yes,Yes,No,Yes,No,Two year,Yes,Bank transfer (automatic),83.62,3102.52,No
CUST-11481,Male,0,Yes,Yes,54,Fiber optic,Yes,No,Yes,Yes,Yes,No,Two year,Yes,Mailed check,100.28,5389.96,No
CUST-11482,Female,0,No,Yes,6,DSL,No,Yes,No,No,No,No,One year,Yes,Mailed check,56.09,336.22,No
CUST-11483,Male,1,Yes,No,14,DSL,Yes,Yes,Yes,No,Yes,No,One year,No,Electronic check,83.99,1208.57,Yes
CUST-11484,Male,1,Yes,Yes,4,DSL,Yes,Yes,No,No,No,Yes,One year,No,Electronic check,67.19,288.48,No
CUST-11485,Male,0,Yes,No,55,No,No internet service,No internet service,No internet service,No internet service,No internet service,No internet service,Month-to-month,Yes,Bank transfer (automatic),18.5,1005.48,No
CUST-11486,Male,1,No,No,34,Fiber optic,No,Yes,No,Yes,No,No,One year,Yes,Mailed check,85.81,2886.82,No
CUST-11487,Male,0,No,Yes,27,DSL,No,No,No,No,No,Yes,Month-to-month,No,Credit card (automatic),63.95,1716.67,No
CUST-11488,Male,1,Yes,No,7,DSL,Yes,No,No,Yes,Yes,Yes,Month-to-month,No,Electronic check,87.3,611.03,Yes
CUST-11489,Male,0,Yes,Yes,3,No,No internet service,No internet service,No internet service,No internet service,No internet service,No internet service,One year,No,Credit card (automatic),18.5,47.27,No
CUST-11490,Male,0,No,No,47,Fiber optic,No,Yes,Yes,Yes,Yes,No,Month-to-month,Yes,Electronic check,95.67,4476.86,Yes
CUST-11491,Male,0,Yes,Yes,2,DSL,No,Yes,Yes,No,No,Yes,Month-to-month,No,Electronic check,72.65,157.02,No
CUST-11492,Male,0,Yes,No,25,No,No internet service,No internet service,No internet service,No internet service,No internet service,No internet service,Month-to-month,No,Electronic check,22.13,505.45,No
CUST-11493,Female,0,No,No,60,Fiber optic,Yes,No,No,No,Yes,No,Two year,No,Credit card (automatic),83.86,5054.03,No
CUST-11494,Female,0,No,No,24,DSL,No,No,No,Yes,No,Yes,One year,Yes,Mailed check,64.47,1562.38,No
CUST-11495,Male,0,No,No,15,Fiber optic,No,No,No,Yes,Yes,Yes,Month-to-month,No,Electronic check,94.18,1421.24,Yes
CUST-11496,Female,0,No,Yes,14,No,No internet service,No internet service,No internet service,No internet service,No internet service,No internet service,Month-to-month,No,Electronic check,23.11,335.46,No
CUST-11497,Female,0,No,No,54,No,No internet service,No internet service,No internet service,No internet service,No internet service,No internet service,Month-to-month,No,Electronic check,23.2,1247.12,No
CUST-11498,Male,0,Yes,No,6,DSL,Yes,Yes,No,No,No,No,Month-to-month,Yes,Bank transfer (automatic),62.89,376.8,Yes
CUST-11499,Male,0,Yes,No,18,DSL,No,No,Yes,Yes,Yes,No,Month-to-month,Yes,Electronic check,74.85,1376.7,Yes
CUST-11500,Male,0,Yes,Yes,20,DSL,No,No,No,No,No,No,One year,Yes,Bank transfer (automatic),47.4,944.96,No
CUST-11501,Female,0,No,No,62,Fiber optic,Yes,Yes,Yes,No,No,Yes,Month-to-month,Yes,Bank transfer (automatic),92.28,5729.04,No
CUST-11502,Female,0,No,Yes,40,Fiber optic,No,Yes,No,No,Yes,Yes,Month-to-month,Yes,Credit card (automatic),91.49,3670.14,No
CUST-11503,Male,0,Yes,No,39,DSL,Yes,Yes,No,Yes,No,Yes,Month-to-month,Yes,Mailed check,72.89,2844.82,No
CUST-11504,Male,1,No,Yes,52,Fiber optic,Yes,No,No,No,Yes,Yes,Month-to-month,Yes,Electronic check,94.1,4888.92,Yes
CUST-11505,Male,0,Yes,No,32,Fiber optic,Yes,No,Yes,No,No,Yes,Month-to-month,No,Credit card (automatic),93.4,2953.87,No
CUST-11506,Female,0,Yes,Yes,27,Fiber optic,No,Yes,No,No,Yes,No,One year,Yes,Mailed check,86.2,2343.71,No
CUST-11507,Female,1,No,No,52,No,No internet service,No internet service,No internet service,No internet service,No internet service,No internet service,Month-to-month,Yes,Mailed check,24.25,1282.56,No
CUST-11508,Female,0,Yes,No,63,Fiber optic,No,Yes,No,No,No,Yes,Two year,No,Credit card (automatic),86.54,5453.47,No
CUST-11509,Female,0,No,Yes,63,DSL,No,Yes,No,No,Yes,Yes,One year,Yes,Electronic check,71.07,4502.28,No
CUST-11510,Male,0,Yes,No,17,Fiber optic,No,No,No,Yes,No,Yes,Month-to-month,Yes,Mailed check,87.59,1496.63,Yes
CUST-11511,Male,0,No,Yes,49,No,No internet service,No internet service,No internet service,No internet service,No internet service,No internet service,Month-to-month,Yes,Electronic check,19.68,925.1,No
CUST-11512,Male,0,No,No,23,DSL,No,No,No,Yes,Yes,No,One year,Yes,Electronic check,69.5,1577.41,No
CUST-11513,Male,0,Yes,No,72,No,No internet service,No internet service,No internet service,No internet service,No internet service,No internet service,Month-to-month,Yes,Electronic check,22.54,1613.1,No
CUST-11514,Female,0,No,No,13,DSL,Yes,No,Yes,Yes,Yes,Yes,One year,Yes,Electronic check,91.42,1176.26,Yes
CUST-11515,Female,1,Yes,No,23,DSL,No,No,No,Yes,Yes,Yes,Two year,No,Mailed check,76.54,1761.91,Yes
CUST-11516,Male,0,Yes,Yes,57,DSL,Yes,No,No,No,No,No,Month-to-month,Yes,Credit card (automatic),59.14,3352.62,No
CUST-11517,Male,0,Yes,No,62,No,No internet service,No internet service,No internet service,No internet service,No internet service,No internet service,One year,Yes,Bank transfer (automatic),22.51,1429.69,No
CUST-11518,Female,0,No,Yes,54,Fiber optic,No,No,No,No,No,No,Two year,No,Bank transfer (automatic),62.23,3317.37,No
CUST-11519,Male,0,Yes,No,20,DSL,No,No,No,No,No,Yes,Month-to-month,Yes,Mailed check,62.29,1244.18,No
CUST-11520,Female,0,Yes,No,52,No,No internet service,No internet service,No internet service,No internet service,No internet service,No internet service,One year,Yes,Credit card (automatic),18.5,947.01,No
CUST-11521,Male,0,Yes,No,23,Fiber optic,No,Yes,Yes,No,No,Yes,Month-to-month,No,Credit card (automatic),87.74,1991.96,Yes
CUST-11522,Male,0,Yes,Yes,35,No,No internet service,No internet service,No internet service,No internet service,No internet service,No internet service,Month-to-month,Yes,Credit card (automatic),20.76,738.39,No
CUST-11523,Male,0,No,No,67,DSL,Yes,No,Yes,Yes,No,No,One year,No,Credit card (automatic),76.97,5136.76,No
CUST-11524,Male,0,Yes,No,34,DSL,No,No,No,No,No,Yes,One year,Yes,Electronic check,59.84,2035.37,No
CUST-11525,Male,0,Yes,Yes,33,Fiber optic,No,No,No,Yes,No,No,Two year,No,Bank transfer (automatic),77.13,2526.27,No
CUST-11526,Male,0,Yes,No,46,Fiber optic,No,No,No,Yes,No,Yes,Month-to-month,Yes,Bank transfer (automatic),88.29,4023.25,Yes
CUST-11527,Male,0,Yes,No,45,Fiber optic,No,No,No,Yes,Yes,No,Month-to-month,Yes,Mailed check,95.17,4278.19,No
CUST-11528,Female,0,No,No,19,Fiber optic,Yes,Yes,No,No,No,No,Month-to-month,No,Mailed check,80.2,1529.91,No
CUST-11529,Female,0,Yes,No,15,Fiber optic,Yes,Yes,No,No,Yes,Yes,Month-to-month,No,Electronic check,103.95,1547.29,No
CUST-11530,Female,0,No,No,66,DSL,No,No,Yes,No,No,Yes,Month-to-month,No,Electronic check,65.81,4369.79,No
CUST-11531,Female,1,Yes,Yes,39,Fiber optic,Yes,Yes,No,No,Yes,No,Month-to-month,No,Credit card (automatic),89.26,3487.06,Yes
CUST-11532,Female,1,Yes,No,18,Fiber optic,No,Yes,No,Yes,Yes,Yes,Month-to-month,No,Bank transfer (automatic),108.24,1962.81,Yes
CUST-11533,Male,0,No,Yes,70,DSL,Yes,Yes,No,Yes,Yes,No,Month-to-month,Yes,Electronic check,75.69,5285.16,No
CUST-11534,Male,1,Yes,No,59,DSL,Yes,Yes,No,No,Yes,No,Month-to-month,Yes,Electronic check,73.24,4308.53,No
CUST-11535,Female,0,No,No,32,Fiber optic,No,No,No,Yes,Yes,Yes,Two year,Yes,Bank transfer (automatic),96.97,3096.26,Yes
CUST-11536,Male,1,No,No,21,No,No internet service,No internet service,No internet service,No internet service,No internet service,No internet service,One year,No,Mailed check,18.5,381.44,No
CUST-11537,Female,0,Yes,No,40,DSL,Yes,No,No,No,No,No,Month-to-month,No,Mailed check,53.75,2140.76,No
CUST-11538,Female,1,Yes,Yes,27,DSL,No,No,Yes,Yes,Yes,Yes,Two year,No,Electronic check,78.25,2090.56,No
CUST-11539,Male,1,No,No,2,DSL,Yes,No,No,No,No,No,One year,No,Electronic check,51.85,119.51,No
CUST-11540,Male,0,Yes,No,39,No,No internet service,No internet service,No internet service,No internet service,No internet service,No internet service,Two year,No,Mailed check,20.4,766.26,No
CUST-11541,Male,1,Yes,Yes,56,Fiber optic,Yes,No,Yes,No,Yes,No,Month-to-month,Yes,Bank transfer (automatic),91.26,5123.08,Yes
CUST-11542,Female,0,Yes,No,13,No,No internet service,No internet service,No internet service,No internet service,No internet service,No internet service,Month-to-month,Yes,Electronic check,18.5,257.09,No
CUST-11543,Male,0,Yes,No,56,No,No internet service,No internet service,No internet service,No internet service,No internet service,No internet service,Two year,No,Electronic check,24.44,1362.9,No
CUST-11544,Female,0,No,No,66,DSL,No,No,Yes,No,No,Yes,Month-to-month,Yes,Bank transfer (automatic),64.02,4276.03,No
CUST-11545,Female,0,Yes,Yes,56,DSL,No,No,No,Yes,No,Yes,Two year,Yes,Credit card (automatic),72.31,4049.54,No
CUST-11546,Female,0,Yes,No,28,Fiber optic,Yes,Yes,Yes,No,Yes,No,Two year,Yes,Electronic check,98.44,2750.47,No
CUST-11547,Male,0,No,Yes,64,DSL,No,No,Yes,No,No,Yes,Two year,Yes,Bank transfer (automatic),66.21,4232.5,No
CUST-11548,Male,1,Yes,Yes,71,DSL,No,Yes,Yes,No,Yes,No,Month-to-month,No,Credit card (automatic),73.28,5224.6,No
CUST-11549,Female,0,Yes,Yes,64,DSL,Yes,No,Yes,Yes,No,No,Month-to-month,Yes,Credit card (automatic),70.88,4531.01,No
CUST-11550,Male,0,No,Yes,56,Fiber optic,No,No,Yes,No,No,No,Month-to-month,No,Bank transfer (automatic),74.13,4163.98,No
CUST-11551,Male,1,Yes,Yes,41,Fiber optic,Yes,No,No,No,Yes,Yes,Two year,Yes,Bank transfer (automatic),92.21,3753.57,No
CUST-11552,Male,1,No,No,41,DSL,No,Yes,No,No,Yes,Yes,Month-to-month,No,Electronic check,75.4,3094.33,No
CUST-11553,Female,1,No,No,4,Fiber optic,Yes,Yes,Yes,Yes,Yes,No,One year,No,Bank transfer (automatic),107.31,448.98,Yes
CUST-11554,Female,0,Yes,Yes,57,DSL,No,Yes,No,Yes,No,Yes,Month-to-month,No,Bank transfer (automatic),75.99,4330.61,No
CUST-11555,Male,1,No,Yes,30,Fiber optic,No,Yes,Yes,Yes,No,Yes,Month-to-month,No,Mailed check,104.74,3127.07,Yes
CUST-11556,Female,0,Yes,No,46,Fiber optic,Yes,Yes,No,No,No,Yes,Month-to-month,Yes,Mailed check,87.31,4010.56,No
CUST-11557,Male,0,Yes,No,56,DSL,No,Yes,Yes,No,No,No,Month-to-month,Yes,Bank transfer (automatic),64.07,3559.43,No
CUST-11558,Male,0,No,Yes,31,Fiber optic,No,No,No,No,Yes,Yes,Two year,Yes,Credit card (automatic),89.96,2807.01,No
CUST-11559,Male,0,No,Yes,7,Fiber optic,No,Yes,Yes,No,No,No,Month-to-month,No,Electronic check,81.4,594.21,Yes
CUST-11560,Male,0,Yes,Yes,54,DSL,No,Yes,No,No,No,No,Two year,No,Electronic check,62.01,3346.0,No
CUST-11561,Female,0,No,Yes,8,DSL,Yes,Yes,Yes,No,Yes,No,One year,Yes,Bank transfer (automatic),79.3,664.66,No
CUST-11562,Female,0,No,Yes,55,No,No internet service,No internet service,No internet service,No internet service,No internet service,No internet service,One year,No,Electronic check,24.29,1350.77,No
CUST-11563,Female,0,No,No,69,DSL,No,No,No,No,No,No,One year,Yes,Bank transfer (automatic),39.91,2754.16,No
CUST-11564,Male,0,Yes,Yes,44,Fiber optic,Yes,Yes,Yes,No,No,Yes,Month-to-month,Yes,Electronic check,101.14,4477.06,No
CUST-11565,Male,0,Yes,No,13,No,No internet service,No internet service,No internet service,No internet service,No internet service,No internet service,Month-to-month,No,Mailed check,21.61,295.19,No
CUST-11566,Male,0,Yes,Yes,20,DSL,Yes,Yes,Yes,No,Yes,Yes,One year,Yes,Bank transfer (automatic),90.11,1825.97,Yes
CUST-11567,Female,0,No,No,32,DSL,Yes,No,Yes,No,Yes,Yes,Month-to-month,Yes,Electronic check,81.12,2623.68,No
CUST-11568,Male,0,Yes,No,60,No,No internet service,No internet service,No internet service,No internet service,No internet service,No internet service,Month-to-month,No,Electronic check,26.33,1575.02,No
CUST-11569,Female,0,No,No,50,DSL,No,Yes,Yes,No,No,Yes,Month-to-month,No,Electronic check,72.41,3634.28,Yes
CUST-11570,Female,1,Yes,No,27,Fiber optic,No,No,Yes,No,No,Yes,One year,Yes,Mailed check,86.94,2308.74,No
CUST-11571,Female,0,Yes,No,25,Fiber optic,No,Yes,No,No,Yes,No,Month-to-month,No,Bank transfer (automatic),83.06,2053.26,Yes
CUST-11572,Female,0,Yes,No,52,Fiber optic,No,No,Yes,Yes,No,Yes,Month-to-month,Yes,Mailed check,94.88,4943.85,No
CUST-11573,Female,0,No,No,68,No,No internet service,No internet service,No internet service,No internet service,No internet service,No internet service,Month-to-month,Yes,Mailed check,19.48,1331.9,No
CUST-11574,Female,0,Yes,No,21,No,No internet service,No internet service,No internet service,No internet service,No internet service,No internet service,Two year,No,Mailed check,23.22,468.62,No
CUST-11575,Male,1,No,No,18,Fiber optic,No,No,Yes,Yes,Yes,Yes,Month-to-month,Yes,Electronic check,106.9,1916.63,Yes
CUST-11576,Male,0,Yes,No,39,No,No internet service,No internet service,No internet service,No internet service,No internet service,No internet service,One year,Yes,Bank transfer (automatic),23.52,924.41,No
CUST-11577,Female,0,Yes,No,15,No,No internet service,No internet service,No internet service,No internet service,No internet service,No internet service,One year,Yes,Electronic check,19.68,295.11,No
CUST-11578,Female,0,Yes,No,53,No,No internet service,No internet service,No internet service,No internet service,No internet service,No internet service,One year,No,Credit card (automatic),18.98,1001.37,No
CUST-11579,Male,0,Yes,Yes,38,Fiber optic,No,Yes,Yes,No,Yes,No,Month-to-month,Yes,Mailed check,95.65,3606.5,No
CUST-11580,Female,0,Yes,Yes,48,DSL,Yes,No,No,No,No,Yes,One year,Yes,Mailed check,65.47,3149.57,No
CUST-11581,Female,0,Yes,No,52,Fiber optic,No,No,No,No,No,Yes,Month-to-month,Yes,Bank transfer (automatic),72.92,3788.05,No
CUST-11582,Male,0,Yes,Yes,72,DSL,No,Yes,No,Yes,No,No,Month-to-month,Yes,Credit card (automatic),62.64,4553.54,No
CUST-11583,Female,0,Yes,No,28,DSL,Yes,No,No,Yes,Yes,Yes,One year,Yes,Credit card (automatic),76.44,2168.42,No
CUST-11584,Female,0,No,Yes,16,DSL,Yes,No,Yes,No,No,No,One year,Yes,Mailed check,59.55,955.49,No
CUST-11585,Female,1,No,No,16,No,No internet service,No internet service,No internet service,No internet service,No internet service,No internet service,One year,No,Electronic check,23.08,330.46,No
CUST-11586,Male,1,Yes,No,35,DSL,No,No,Yes,Yes,Yes,No,Two year,No,Credit card (automatic),73.99,2638.14,No
CUST-11587,Male,0,No,No,17,Fiber optic,Yes,Yes,No,No,No,No,Month-to-month,No,Electronic check,80.19,1379.57,Yes
CUST-11588,Male,0,No,No,52,Fiber optic,Yes,No,Yes,No,Yes,No,Two year,Yes,Credit card (automatic),91.42,4742.83,No
CUST-11589,Female,0,Yes,No,12,DSL,No,No,No,No,No,No,Month-to-month,Yes,Bank transfer (automatic),50.03,618.08,No
CUST-11590,Female,0,No,No,48,Fiber optic,No,Yes,No,No,No,No,One year,Yes,Credit card (automatic),75.0,3615.91,Yes
CUST-11591,Male,0,No,No,22,Fiber optic,Yes,Yes,Yes,No,Yes,No,Month-to-month,Yes,Credit card (automatic),103.45,2262.79,Yes
CUST-11592,Female,1,Yes,Yes,49,No,No internet service,No internet service,No internet service,No internet service,No internet service,No internet service,Month-to-month,Yes,Electronic check,18.5,887.89,No
CUST-11593,Female,1,Yes,No,52,DSL,Yes,Yes,Yes,Yes,Yes,No,Month-to-month,No,Bank transfer (automatic),86.69,4522.72,No
CUST-11594,Female,0,No,No,1,DSL,Yes,Yes,No,Yes,No,No,Month-to-month,Yes,Electronic check,70.67,92.18,Yes
CUST-11595,Female,0,No,No,66,Fiber optic,No,No,Yes,No,Yes,Yes,Month-to-month,Yes,Electronic check,94.32,6231.54,Yes
CUST-11596,Female,0,Yes,No,64,DSL,Yes,No,Yes,No,No,Yes,Month-to-month,Yes,Mailed check,73.94,4737.28,No
CUST-11597,Male,0,Yes,No,8,DSL,Yes,Yes,No,Yes,No,No,Month-to-month,Yes,Electronic check,67.0,563.08,No
CUST-11598,Female,0,Yes,Yes,25,DSL,No,Yes,No,Yes,Yes,Yes,One year,No,Bank transfer (automatic),85.44,2133.0,No
CUST-11599,Male,0,No,Yes,66,Fiber optic,No,No,Yes,No,Yes,No,Month-to-month,Yes,Credit card (automatic),83.21,5434.09,No
CUST-11600,Female,0,No,No,70,DSL,Yes,No,No,No,Yes,No,Month-to-month,No,Mailed check,65.26,4578.89,No
CUST-11601,Male,0,No,No,51,Fiber optic,No,Yes,Yes,No,No,Yes,Month-to-month,Yes,Electronic check,99.69,5107.24,No
CUST-11602,Female,0,Yes,No,53,No,No internet service,No internet service,No internet service,No internet service,No internet service,No internet service,Month-to-month,No,Credit card (automatic),18.5,990.01,No
CUST-11603,Male,1,No,Yes,15,Fiber optic,No,No,No,No,No,Yes,Two year,Yes,Credit card (automatic),78.75,1155.67,No
CUST-11604,Female,0,No,No,50,DSL,No,No,No,Yes,No,No,Two year,No,Bank transfer (automatic),62.95,3134.67,No
CUST-11605,Male,0,Yes,No,71,Fiber optic,Yes,No,Yes,No,No,No,Month-to-month,Yes,Bank transfer (automatic),85.71,6082.62,No
CUST-11606,Female,0,Yes,No,38,DSL,No,Yes,Yes,No,No,No,One year,Yes,Credit card (automatic),68.25,2567.05,No
CUST-11607,Male,0,No,Yes,40,DSL,Yes,No,No,Yes,Yes,No,One year,Yes,Electronic check,71.89,2864.07,No
CUST-11608,Female,0,No,Yes,66,DSL,No,No,No,Yes,No,Yes,Month-to-month,Yes,Credit card (automatic),69.04,4584.54,No
CUST-11609,Male,0,Yes,Yes,39,Fiber optic,No,Yes,No,No,Yes,Yes,One year,Yes,Credit card (automatic),97.38,3777.93,No
CUST-11610,Male,1,No,Yes,17,Fiber optic,No,No,No,No,Yes,Yes,Month-to-month,No,Credit card (automatic),87.67,1484.45,Yes
CUST-11611,Female,0,Yes,Yes,7,No,No internet service,No internet service,No internet service,No internet service,No internet service,No internet service,Month-to-month,Yes,Electronic check,18.5,143.83,Yes
CUST-11612,Female,1,No,Yes,39,No,No internet service,No internet service,No internet service,No internet service,No internet service,No internet service,Month-to-month,Yes,Credit card (automatic),18.5,689.31,Yes
CUST-11613,Male,0,No,No,68,DSL,No,No,No,No,No,Yes,Month-to-month,No,Mailed check,58.5,4005.12,No
CUST-11614,Female,0,Yes,No,35,Fiber optic,Yes,Yes,Yes,No,No,Yes,One year,Yes,Bank transfer (automatic),94.17,3283.6,No
CUST-11615,Male,0,No,No,51,DSL,No,No,Yes,No,Yes,No,Month-to-month,Yes,Credit card (automatic),64.97,3292.41,No
CUST-11616,Male,0,No,Yes,47,Fiber optic,Yes,No,Yes,No,Yes,Yes,Month-to-month,No,Electronic check,98.98,4679.81,No
CUST-11617,Male,0,Yes,No,36,DSL,No,No,No,No,No,Yes,Month-to-month,No,Mailed check,61.54,2232.88,No
CUST-11618,Female,0,No,No,64,No,No internet service,No internet service,No internet service,No internet service,No internet service,No internet service,One year,No,Credit card (automatic),21.19,1335.66,No
CUST-11619,Male,0,Yes,Yes,13,No,No internet service,No internet service,No internet service,No internet service,No internet service,No internet service,Two year,No,Credit card (automatic),18.5,232.87,No
CUST-11620,Male,1,Yes,No,18,DSL,Yes,Yes,No,No,Yes,No,One year,Yes,Credit card (automatic),69.98,1265.31,No
CUST-11621,Female,1,Yes,Yes,21,Fiber optic,No,Yes,No,Yes,No,Yes,Month-to-month,No,Electronic check,95.79,2005.05,Yes
CUST-11622,Female,1,Yes,No,65,Fiber optic,Yes,No,Yes,Yes,No,Yes,One year,Yes,Bank transfer (automatic),98.94,6456.79,No
CUST-11623,Female,0,No,No,8,Fiber optic,Yes,Yes,No,No,No,Yes,Month-to-month,Yes,Electronic check,89.21,730.95,Yes
CUST-11624,Female,0,Yes,No,48,Fiber optic,Yes,No,Yes,No,No,No,Month-to-month,No,Bank transfer (automatic),78.01,3684.43,No
CUST-11625,Male,0,No,No,43,Fiber optic,Yes,No,Yes,No,No,No,Month-to-month,Yes,Electronic check,85.92,3678.03,No
CUST-11626,Male,0,No,No,53,No,No internet service,No internet service,No internet service,No internet service,No internet service,No internet service,Month-to-month,Yes,Bank transfer (automatic),18.5,969.7,No
CUST-11627,Male,0,Yes,No,27,Fiber optic,Yes,Yes,No,Yes,No,Yes,One year,Yes,Mailed check,98.05,2637.94,No
CUST-11628,Male,0,No,No,19,Fiber optic,No,No,Yes,No,Yes,Yes,Two year,Yes,Credit card (automatic),94.34,1801.38,Yes
CUST-11629,Female,0,Yes,Yes,23,No,No internet service,No internet service,No internet service,No internet service,No internet service,No internet service,One year,Yes,Bank transfer (automatic),20.44,492.82,No
CUST-11630,Male,0,Yes,Yes,50,No,No internet service,No internet service,No internet service,No internet service,No internet service,No internet service,Month-to-month,Yes,Bank transfer (automatic),18.66,920.19,No
CUST-11631,Male,1,Yes,No,51,DSL,Yes,Yes,Yes,No,No,Yes,Month-to-month,Yes,Mailed check,78.25,3968.21,No
CUST-11632,Female,0,Yes,No,43,DSL,No,No,No,No,Yes,No,Month-to-month,Yes,Bank transfer (automatic),57.48,2465.16,No
CUST-11633,Male,0,Yes,No,51,Fiber optic,No,Yes,No,Yes,No,Yes,One year,Yes,Mailed check,92.64,4681.34,No
CUST-11634,Male,0,No,Yes,69,No,No internet service,No internet service,No internet service,No internet service,No internet service,No internet service,One year,Yes,Electronic check,18.5,1290.44,No
CUST-11635,Male,1,Yes,No,41,DSL,No,No,Yes,Yes,No,No,Two year,No,Bank transfer (automatic),61.98,2538.68,No
CUST-11636,Male,0,Yes,Yes,72,Fiber optic,No,No,No,Yes,No,Yes,Month-to-month,Yes,Credit card (automatic),86.61,6227.63,No
CUST-11637,Male,0,No,No,11,DSL,Yes,No,No,Yes,Yes,No,Two year,No,Electronic check,73.49,812.77,Yes
CUST-11638,Male,0,No,No,52,Fiber optic,Yes,No,No,No,Yes,Yes,One year,Yes,Electronic check,94.56,4898.77,Yes
CUST-11639,Female,0,No,No,23,No,No internet service,No internet service,No internet service,No internet service,No internet service,No internet service,Two year,Yes,Bank transfer (automatic),24.09,547.07,No
CUST-11640,Female,0,Yes,Yes,49,Fiber optic,No,Yes,No,Yes,Yes,No,One year,Yes,Credit card (automatic),89.46,4369.97,Yes
CUST-11641,Male,0,No,No,38,Fiber optic,No,Yes,No,No,No,Yes,One year,Yes,Electronic check,85.22,3200.48,No
CUST-11642,Male,0,No,No,47,No,No internet service,No internet service,No internet service,No internet service,No internet service,No internet service,One year,Yes,Credit card (automatic),18.5,869.37,No
CUST-11643,Female,0,No,No,72,DSL,No,No,Yes,Yes,Yes,Yes,One year,Yes,Credit card (automatic),84.5,6134.35,No
CUST-11644,Male,0,No,No,7,No,No internet service,No internet service,No internet service,No internet service,No internet service,No internet service,Month-to-month,Yes,Electronic check,18.5,130.06,No
CUST-11645,Male,1,Yes,No,66,Fiber optic,No,Yes,Yes,No,No,Yes,Month-to-month,Yes,Electronic check,91.45,6020.24,No
CUST-11646,Male,0,Yes,No,62,Fiber optic,No,Yes,Yes,No,No,No,Month-to-month,No,Bank transfer (automatic),80.95,5020.04,Yes
CUST-11647,Female,0,Yes,No,29,Fiber optic,No,No,No,No,No,No,Month-to-month,No,Credit card (automatic),71.3,2045.8,Yes
CUST-11648,Male,0,Yes,Yes,38,Fiber optic,Yes,Yes,Yes,No,No,No,One year,Yes,Bank transfer (automatic),88.84,3363.98,Yes
CUST-11649,Female,0,No,No,33,No,No internet service,No internet service,No internet service,No internet service,No internet service,No internet service,Month-to-month,No,Mailed check,18.5,601.98,No
CUST-11650,Male,0,Yes,No,29,No,No internet service,No internet service,No internet service,No internet service,No internet service,No internet service,Month-to-month,No,Electronic check,19.32,549.18,No
CUST-11651,Female,0,No,Yes,23,No,No internet service,No internet service,No internet service,No internet service,No internet service,No internet service,Month-to-month,Yes,Mailed check,18.5,419.62,No
CUST-11652,Female,0,No,Yes,3,DSL,Yes,No,Yes,No,No,No,One year,No,Bank transfer (automatic),56.88,184.46,No
CUST-11653,Male,0,Yes,No,45,DSL,Yes,Yes,Yes,Yes,No,Yes,Month-to-month,No,Electronic check,87.2,3915.87,No
CUST-11654,Female,0,Yes,Yes,8,Fiber optic,No,No,Yes,Yes,No,Yes,Month-to-month,Yes,Mailed check,91.59,726.8,No
CUST-11655,Male,0,No,No,29,No,No internet service,No internet service,No internet service,No internet service,No internet service,No internet service,Month-to-month,No,Electronic check,18.5,498.15,No
CUST-11656,Female,1,No,Yes,2,Fiber optic,No,Yes,No,Yes,No,No,Month-to-month,No,Mailed check,84.66,142.87,Yes
CUST-11657,Male,0,Yes,No,50,No,No internet service,No internet service,No internet service,No internet service,No internet service,No internet service,Two year,Yes,Electronic check,19.95,999.13,No
CUST-11658,Male,0,Yes,No,65,No,No internet service,No internet service,No internet service,No internet service,No internet service,No internet service,Month-to-month,Yes,Electronic check,24.21,1596.49,No
CUST-11659,Female,0,No,No,20,Fiber optic,Yes,Yes,No,Yes,No,No,One year,No,Credit card (automatic),85.23,1700.83,No
CUST-11660,Male,0,No,No,52,No,No internet service,No internet service,No internet service,No internet service,No internet service,No internet service,One year,No,Electronic check,23.66,1228.84,No
CUST-11661,Male,0,Yes,No,37,No,No internet service,No internet service,No internet service,No internet service,No internet service,No internet service,Two year,Yes,Bank transfer (automatic),21.74,776.0,No
CUST-11662,Female,0,No,No,72,No,No internet service,No internet service,No internet service,No internet service,No internet service,No internet service,Month-to-month,Yes,Electronic check,22.28,1587.75,No
CUST-11663,Male,1,Yes,Yes,27,Fiber optic,Yes,Yes,Yes,No,No,No,Month-to-month,No,Electronic check,86.83,2349.18,Yes
CUST-11664,Male,0,Yes,Yes,47,No,No internet service,No internet service,No internet service,No internet service,No internet service,No internet service,Month-to-month,Yes,Mailed check,18.5,893.55,No
CUST-11665,Female,0,Yes,Yes,6,DSL,No,No,Yes,No,Yes,Yes,Month-to-month,No,Electronic check,77.29,467.76,Yes
CUST-11666,Female,0,Yes,No,60,Fiber optic,No,No,Yes,No,Yes,No,One year,Yes,Electronic check,84.13,5045.18,Yes
CUST-11667,Male,1,Yes,Yes,45,DSL,Yes,Yes,No,No,No,No,Month-to-month,Yes,Credit card (automatic),58.03,2616.52,No
CUST-11668,Male,0,Yes,Yes,44,DSL,No,No,No,No,No,Yes,Month-to-month,Yes,Electronic check,60.45,2639.58,No
CUST-11669,Female,0,Yes,No,18,No,No internet service,No internet service,No internet service,No internet service,No internet service,No internet service,Two year,Yes,Electronic check,23.16,398.25,No
CUST-11670,Female,0,Yes,No,65,Fiber optic,No,No,Yes,No,Yes,Yes,One year,Yes,Credit card (automatic),92.19,5987.73,No
CUST-11671,Male,0,Yes,No,25,DSL,No,Yes,No,Yes,No,Yes,Month-to-month,Yes,Electronic check,77.92,1924.9,No
CUST-11672,Female,0,No,Yes,27,Fiber optic,No,No,Yes,Yes,Yes,Yes,Month-to-month,No,Bank transfer (automatic),101.28,2748.56,Yes
CUST-11673,Male,0,Yes,Yes,7,No,No internet service,No internet service,No internet service,No internet service,No internet service,No internet service,Month-to-month,Yes,Electronic check,19.08,152.34,No
CUST-11674,Male,0,Yes,No,44,No,No internet service,No internet service,No internet service,No internet service,No internet service,No internet service,Two year,No,Electronic check,19.13,836.27,No
CUST-11675,Male,1,No,Yes,29,DSL,Yes,Yes,No,No,No,No,Two year,Yes,Bank transfer (automatic),59.55,1742.06,No
CUST-11676,Male,0,No,No,44,No,No internet service,No internet service,No internet service,No internet service,No internet service,No internet service,Two year,Yes,Credit card (automatic),19.29,878.51,No
CUST-11677,Male,1,Yes,No,36,Fiber optic,Yes,No,Yes,No,Yes,No,Two year,Yes,Electronic check,92.4,3334.46,No
CUST-11678,Female,0,No,No,19,Fiber optic,No,Yes,No,Yes,No,No,Month-to-month,Yes,Mailed check,87.82,1686.52,Yes
CUST-11679,Female,0,No,Yes,6,Fiber optic,Yes,Yes,No,No,No,No,Month-to-month,No,Electronic check,80.39,480.82,Yes
CUST-11680,Female,0,No,No,25,No,No internet service,No internet service,No internet service,No internet service,No internet service,No internet service,Month-to-month,No,Electronic check,18.5,480.51,No
CUST-11681,Female,0,Yes,No,31,No,No internet service,No internet service,No internet service,No internet service,No internet service,No internet service,One year,Yes,Credit card (automatic),18.5,571.0,No
CUST-11682,Male,0,No,No,9,DSL,Yes,No,No,Yes,Yes,Yes,Two year,No,Electronic check,83.96,741.7,No
CUST-11683,Male,0,Yes,No,37,Fiber optic,No,Yes,No,No,Yes,Yes,Month-to-month,Yes,Credit card (automatic),98.45,3656.52,Yes
CUST-11684,Male,0,No,Yes,27,Fiber optic,Yes,Yes,No,No,No,No,Month-to-month,Yes,Electronic check,79.05,2138.75,No
CUST-11685,Male,0,No,Yes,13,Fiber optic,Yes,No,No,Yes,Yes,No,Two year,Yes,Credit card (automatic),95.75,1260.35,No
CUST-11686,Female,0,Yes,No,41,Fiber optic,No,Yes,No,No,Yes,Yes,Month-to-month,No,Mailed check,102.51,4188.09,No
CUST-11687,Male,0,No,No,66,Fiber optic,No,Yes,No,Yes,No,No,Two year,Yes,Credit card (automatic),87.96,5811.71,No
CUST-11688,Male,1,Yes,No,24,Fiber optic,Yes,Yes,No,Yes,No,Yes,Month-to-month,No,Electronic check,96.83,2342.76,No
CUST-11689,Female,0,No,No,44,DSL,Yes,Yes,Yes,No,No,No,Month-to-month,Yes,Bank transfer (automatic),71.09,3119.04,No
CUST-11690,Female,0,Yes,No,60,Fiber optic,No,No,Yes,Yes,Yes,No,Month-to-month,Yes,Bank transfer (automatic),97.77,5882.22,No
CUST-11691,Female,0,Yes,No,9,Fiber optic,No,No,No,Yes,No,No,One year,No,Mailed check,78.19,735.17,No
CUST-11692,Female,0,Yes,No,2,Fiber optic,Yes,No,No,No,No,No,One year,Yes,Credit card (automatic),77.69,143.6,Yes
CUST-11693,Male,0,No,Yes,56,No,No internet service,No internet service,No internet service,No internet service,No internet service,No internet service,Month-to-month,No,Bank transfer (automatic),22.28,1252.99,No
CUST-11694,Male,0,Yes,No,30,DSL,No,No,Yes,Yes,Yes,Yes,Two year,No,Credit card (automatic),88.74,2697.29,No
CUST-11695,Female,0,Yes,Yes,22,Fiber optic,No,Yes,No,No,No,Yes,One year,No,Mailed check,87.74,1901.57,Yes
CUST-11696,Male,0,Yes,No,13,Fiber optic,No,Yes,No,No,Yes,Yes,One year,Yes,Bank transfer (automatic),98.26,1285.47,Yes
CUST-11697,Male,0,No,No,71,DSL,No,Yes,No,No,No,No,Month-to-month,Yes,Credit card (automatic),52.94,3772.6,No
CUST-11698,Male,0,No,No,16,DSL,No,Yes,No,No,Yes,Yes,Two year,No,Electronic check,75.99,1216.25,No
CUST-11699,Female,1,Yes,Yes,45,No,No internet service,No internet service,No internet service,No internet service,No internet service,No internet service,Month-to-month,Yes,Mailed check,18.5,877.25,No
CUST-11700,Male,0,Yes,No,65,Fiber optic,Yes,No,Yes,No,Yes,No,Month-to-month,Yes,Credit card (automatic),95.59,6223.17,No
CUST-11701,Female,0,Yes,Yes,11,Fiber optic,No,Yes,Yes,Yes,No,No,Month-to-month,Yes,Mailed check,86.93,983.13,Yes
CUST-11702,Male,0,Yes,No,70,Fiber optic,Yes,No,Yes,No,Yes,No,Month-to-month,Yes,Electronic check,85.43,5996.77,Yes
CUST-11703,Male,0,Yes,Yes,20,No,No internet service,No internet service,No internet service,No internet service,No internet service,No internet service,Two year,Yes,Mailed check,18.5,399.89,No
CUST-11704,Male,1,No,No,63,Fiber optic,No,No,Yes,Yes,No,Yes,Month-to-month,Yes,Credit card (automatic),94.32,5945.68,Yes
CUST-11705,Female,0,Yes,No,12,No,No internet service,No internet service,No internet service,No internet service,No internet service,No internet service,Month-to-month,Yes,Credit card (automatic),18.5,195.9,No
CUST-11706,Male,0,Yes,No,62,DSL,Yes,No,Yes,Yes,No,No,Two year,Yes,Credit card (automatic),64.32,3998.77,No
CUST-11707,Female,1,Yes,No,42,Fiber optic,Yes,No,No,No,Yes,No,One year,Yes,Bank transfer (automatic),86.99,3619.86,No
CUST-11708,Female,0,No,Yes,69,DSL,Yes,Yes,Yes,Yes,No,No,One year,No,Mailed check,71.82,4948.9,No
CUST-11709,Female,0,No,Yes,58,No,No internet service,No internet service,No internet service,No internet service,No internet service,No internet service,Month-to-month,No,Electronic check,23.01,1325.25,No
CUST-11710,Male,0,No,No,5,Fiber optic,Yes,Yes,Yes,No,Yes,Yes,One year,Yes,Electronic check,104.03,512.39,Yes
CUST-11711,Male,0,Yes,No,27,Fiber optic,Yes,No,No,Yes,Yes,Yes,Month-to-month,Yes,Electronic check,96.59,2633.21,Yes
CUST-11712,Male,0,Yes,Yes,28,DSL,Yes,No,No,No,No,Yes,Two year,Yes,Electronic check,61.91,1732.97,No
CUST-11713,Male,1,Yes,No,26,Fiber optic,Yes,No,No,No,Yes,Yes,One year,Yes,Credit card (automatic),91.14,2410.76,No
CUST-11714,Female,1,Yes,No,49,DSL,Yes,Yes,No,Yes,Yes,No,One year,No,Credit card (automatic),75.12,3679.59,No
CUST-11715,Female,0,Yes,Yes,21,Fiber optic,Yes,No,Yes,No,Yes,No,Month-to-month,No,Mailed check,91.67,1882.32,No
CUST-11716,Female,0,No,Yes,1,No,No internet service,No internet service,No internet service,No internet service,No internet service,No internet service,Month-to-month,No,Credit card (automatic),20.51,20.51,No
CUST-11717,Male,0,No,Yes,58,Fiber optic,No,No,No,No,Yes,No,Month-to-month,Yes,Credit card (automatic),84.15,4897.71,Yes
CUST-11718,Female,1,No,No,55,DSL,Yes,Yes,Yes,Yes,No,Yes,Month-to-month,Yes,Bank transfer (automatic),84.91,4643.1,No
CUST-11719,Male,0,Yes,No,26,No,No internet service,No internet service,No internet service,No internet service,No internet service,No internet service,Month-to-month,No,Mailed check,20.86,535.24,No
CUST-11720,Female,0,No,No,25,No,No internet service,No internet service,No internet service,No internet service,No internet service,No internet service,One year,Yes,Electronic check,18.5,478.83,No
CUST-11721,Male,0,Yes,No,33,Fiber optic,Yes,No,Yes,No,No,Yes,Month-to-month,Yes,Mailed check,89.28,2939.93,Yes
CUST-11722,Male,0,Yes,Yes,72,Fiber optic,Yes,Yes,No,Yes,Yes,No,One year,Yes,Electronic check,102.9,7397.7,No
CUST-11723,Female,0,No,No,69,No,No internet service,No internet service,No internet service,No internet service,No internet service,No internet service,Month-to-month,Yes,Mailed check,24.21,1695.58,No
CUST-11724,Female,0,Yes,No,6,Fiber optic,No,Yes,Yes,No,Yes,Yes,Month-to-month,Yes,Credit card (automatic),107.76,642.02,Yes
CUST-11725,Female,0,Yes,Yes,23,Fiber optic,No,No,Yes,No,No,No,One year,Yes,Electronic check,76.62,1741.41,Yes
CUST-11726,Female,0,Yes,No,30,Fiber optic,No,No,No,No,No,Yes,One year,No,Electronic check,76.03,2297.57,No
CUST-11727,Male,0,No,No,54,DSL,Yes,Yes,No,No,No,No,Month-to-month,No,Bank transfer (automatic),58.66,3190.38,No
CUST-11728,Female,0,No,No,11,No,No internet service,No internet service,No internet service,No internet service,No internet service,No internet service,Month-to-month,Yes,Bank transfer (automatic),19.02,212.83,No
CUST-11729,Female,1,Yes,No,31,Fiber optic,Yes,Yes,Yes,Yes,No,No,One year,Yes,Electronic check,94.3,2911.71,No
CUST-11730,Female,0,No,Yes,6,Fiber optic,Yes,No,No,Yes,No,Yes,Month-to-month,Yes,Electronic check,93.34,542.29,Yes
CUST-11731,Male,0,Yes,Yes,11,DSL,No,Yes,No,No,No,Yes,Month-to-month,No,Credit card (automatic),68.25,739.68,Yes
CUST-11732,Male,0,Yes,No,12,DSL,Yes,No,No,No,No,No,One year,Yes,Electronic check,51.91,597.71,No
CUST-11733,Female,0,No,Yes,66,Fiber optic,No,Yes,Yes,No,No,Yes,Month-to-month,No,Credit card (automatic),98.75,6507.65,No
CUST-11734,Male,0,No,No,53,Fiber optic,No,No,No,No,Yes,No,Month-to-month,Yes,Mailed check,80.22,4262.65,No
CUST-11735,Female,1,No,No,36,Fiber optic,Yes,No,No,No,No,No,Two year,No,Mailed check,79.07,2861.25,No
CUST-11736,Male,0,Yes,No,17,DSL,No,No,Yes,No,Yes,No,One year,Yes,Electronic check,68.27,1161.13,No
CUST-11737,Male,0,No,No,28,DSL,Yes,Yes,Yes,No,Yes,Yes,Month-to-month,Yes,Bank transfer (automatic),94.47,2652.81,Yes
CUST-11738,Male,0,No,No,22,Fiber optic,No,Yes,No,No,No,Yes,Month-to-month,Yes,Credit card (automatic),82.51,1810.52,Yes
CUST-11739,Male,1,No,No,7,Fiber optic,Yes,Yes,Yes,Yes,No,No,Month-to-month,Yes,Electronic check,94.46,646.61,Yes
CUST-11740,Female,0,Yes,No,15,DSL,Yes,Yes,No,Yes,No,Yes,Two year,No,Electronic check,77.47,1155.2,No
CUST-11741,Female,0,No,Yes,11,DSL,No,No,No,Yes,Yes,No,One year,No,Electronic check,68.55,776.54,No
CUST-11742,Female,0,No,Yes,24,No,No internet service,No internet service,No internet service,No internet service,No internet service,No internet service,Month-to-month,Yes,Credit card (automatic),20.38,443.59,No
CUST-11743,Male,0,Yes,No,67,DSL,No,No,No,Yes,Yes,Yes,Month-to-month,No,Mailed check,79.17,5281.47,No
CUST-11744,Female,0,Yes,Yes,30,No,No internet service,No internet service,No internet service,No internet service,No internet service,No internet service,Month-to-month,Yes,Electronic check,20.42,603.13,No
CUST-11745,Female,1,Yes,Yes,70,Fiber optic,No,Yes,Yes,No,No,No,Month-to-month,No,Electronic check,84.67,5904.68,No
CUST-11746,Female,0,No,Yes,66,Fiber optic,No,No,Yes,Yes,No,Yes,One year,Yes,Mailed check,93.55,6183.06,No
CUST-11747,Male,0,No,No,61,DSL,No,Yes,No,No,Yes,Yes,Month-to-month,No,Credit card (automatic),77.4,4690.73,No
CUST-11748,Male,0,No,No,41,No,No internet service,No internet service,No internet service,No internet service,No internet service,No internet service,Month-to-month,Yes,Bank transfer (automatic),28.45,1190.52,No
CUST-11749,Male,1,No,Yes,51,DSL,Yes,No,No,No,No,Yes,Month-to-month,Yes,Electronic check,65.01,3354.64,No
CUST-11750,Female,0,Yes,No,44,Fiber optic,No,Yes,No,Yes,No,Yes,Month-to-month,Yes,Electronic check,89.67,3950.46,Yes
CUST-11751,Female,0,Yes,No,13,DSL,Yes,No,No,No,No,Yes,Month-to-month,Yes,Mailed check,63.12,808.18,No
CUST-11752,Female,0,Yes,Yes,12,No,No internet service,No internet service,No internet service,No internet service,No internet service,No internet service,One year,Yes,Electronic check,18.62,241.98,No
CUST-11753,Male,0,Yes,No,9,No,No internet service,No internet service,No internet service,No internet service,No internet service,No internet service,One year,Yes,Bank transfer (automatic),18.5,160.84,No
CUST-11754,Male,0,Yes,No,48,Fiber optic,No,Yes,No,No,No,Yes,Two year,No,Mailed check,86.37,4128.67,No
CUST-11755,Female,0,Yes,No,49,DSL,No,No,Yes,Yes,No,Yes,Two year,No,Electronic check,77.4,3793.65,No
CUST-11756,Male,1,Yes,No,53,Fiber optic,No,Yes,Yes,No,No,Yes,One year,No,Mailed check,89.1,4690.76,No
CUST-11757,Male,0,Yes,Yes,56,No,No internet service,No internet service,No internet service,No internet service,No internet service,No internet service,One year,No,Bank transfer (automatic),18.5,1021.2,No
CUST-11758,Male,0,Yes,No,40,Fiber optic,Yes,Yes,No,No,No,Yes,Two year,No,Mailed check,98.42,3921.48,No
CUST-11759,Male,0,Yes,Yes,24,No,No internet service,No internet service,No internet service,No internet service,No internet service,No internet service,Month-to-month,No,Credit card (automatic),18.5,442.11,No
CUST-11760,Female,0,Yes,No,72,Fiber optic,No,No,No,Yes,No,No,Month-to-month,No,Bank transfer (automatic),82.24,5889.49,No
CUST-11761,Male,0,No,No,33,DSL,No,No,No,No,No,No,Month-to-month,Yes,Bank transfer (automatic),52.28,1706.71,No
CUST-11762,Male,0,No,No,23,DSL,No,No,Yes,Yes,No,Yes,One year,No,Bank transfer (automatic),73.19,1673.1,Yes
CUST-11763,Male,0,No,Yes,54,Fiber optic,No,No,No,No,Yes,Yes,One year,No,Electronic check,87.64,4742.04,No
CUST-11764,Male,0,Yes,No,53,Fiber optic,Yes,No,No,No,Yes,Yes,Month-to-month,No,Electronic check,93.19,4939.12,No
CUST-11765,Female,0,No,No,49,DSL,No,No,No,No,No,Yes,Month-to-month,Yes,Credit card (automatic),58.67,2907.53,No
CUST-11766,Female,0,No,No,49,DSL,Yes,No,No,Yes,Yes,No,Month-to-month,Yes,Credit card (automatic),74.86,3650.05,No
CUST-11767,Male,0,No,No,60,Fiber optic,Yes,No,No,Yes,No,Yes,Month-to-month,No,Bank transfer (automatic),88.82,5346.86,Yes
CUST-11768,Male,0,Yes,No,65,DSL,Yes,Yes,No,No,Yes,No,Month-to-month,No,Bank transfer (automatic),74.85,4882.9,No
CUST-11769,Male,0,No,No,32,DSL,Yes,No,No,No,Yes,Yes,Month-to-month,Yes,Electronic check,73.08,2342.17,No
CUST-11770,Male,0,No,No,21,No,No internet service,No internet service,No internet service,No internet service,No internet service,No internet service,Month-to-month,Yes,Mailed check,18.5,391.33,No
CUST-11771,Male,0,No,No,18,DSL,No,Yes,No,Yes,Yes,Yes,Two year,Yes,Credit card (automatic),84.56,1527.36,No
CUST-11772,Male,0,No,No,60,DSL,No,No,No,Yes,No,Yes,Two year,Yes,Credit card (automatic),75.21,4493.81,No
CUST-11773,Female,0,Yes,No,13,Fiber optic,No,No,Yes,No,Yes,No,Two year,Yes,Electronic check,84.48,1117.45,No
CUST-11774,Male,0,No,Yes,24,No,No internet service,No internet service,No internet service,No internet service,No internet service,No internet service,One year,No,Electronic check,20.39,490.86,No
CUST-11775,Female,0,Yes,No,30,Fiber optic,No,Yes,Yes,No,Yes,Yes,One year,No,Mailed check,103.42,3078.55,Yes
CUST-11776,Female,1,No,No,2,DSL,No,No,Yes,Yes,No,Yes,One year,No,Mailed check,80.66,185.14,Yes
CUST-11777,Male,0,Yes,Yes,25,No,No internet service,No internet service,No internet service,No internet service,No internet service,No internet service,One year,Yes,Mailed check,18.5,460.33,No
CUST-11778,Female,0,Yes,No,50,Fiber optic,No,No,Yes,No,Yes,No,One year,No,Bank transfer (automatic),89.81,4491.56,No
CUST-11779,Female,0,Yes,No,14,Fiber optic,No,No,No,Yes,Yes,Yes,Month-to-month,Yes,Electronic check,93.73,1262.01,Yes
CUST-11780,Female,0,No,No,6,Fiber optic,No,No,Yes,No,Yes,No,Month-to-month,Yes,Bank transfer (automatic),87.67,524.37,Yes
CUST-11781,Female,0,Yes,No,30,Fiber optic,Yes,No,Yes,Yes,Yes,Yes,One year,Yes,Bank transfer (automatic),112.21,3391.68,Yes
CUST-11782,Female,0,No,Yes,30,Fiber optic,No,Yes,Yes,No,No,No,Month-to-month,No,Credit card (automatic),86.01,2567.75,Yes
CUST-11783,Female,0,No,Yes,38,No,No internet service,No internet service,No internet service,No internet service,No internet service,No internet service,Month-to-month,No,Credit card (automatic),18.5,677.24,No
CUST-11784,Male,0,Yes,No,58,Fiber optic,No,Yes,No,No,Yes,Yes,Month-to-month,No,Mailed check,89.96,5226.8,Yes
CUST-11785,Female,0,Yes,Yes,41,No,No internet service,No internet service,No internet service,No internet service,No internet service,No internet service,Month-to-month,Yes,Bank transfer (automatic),19.41,760.95,No
CUST-11786,Female,0,Yes,Yes,57,Fiber optic,Yes,Yes,Yes,Yes,Yes,No,Two year,Yes,Mailed check,104.29,5956.55,No
CUST-11787,Female,1,No,No,36,DSL,No,No,Yes,Yes,No,Yes,Month-to-month,Yes,Credit card (automatic),70.74,2542.57,No
CUST-11788,Male,0,No,No,64,Fiber optic,No,No,No,Yes,No,Yes,Month-to-month,No,Electronic check,84.08,5382.75,No
CUST-11789,Female,0,Yes,No,16,DSL,Yes,No,No,No,Yes,No,Month-to-month,No,Credit card (automatic),63.57,1064.41,No
CUST-11790,Male,0,Yes,No,72,DSL,No,Yes,No,No,No,No,Two year,Yes,Electronic check,61.13,4406.37,No
CUST-11791,Female,1,No,Yes,14,Fiber optic,No,No,No,No,No,Yes,One year,Yes,Electronic check,76.3,1041.43,Yes
CUST-11792,Male,0,No,Yes,31,Fiber optic,No,Yes,No,No,No,No,One year,No,Mailed check,78.67,2441.07,No
CUST-11793,Male,0,No,No,66,DSL,No,No,No,Yes,Yes,Yes,Two year,No,Bank transfer (automatic),73.59,4871.8,No
CUST-11794,Female,0,No,No,68,Fiber optic,No,Yes,Yes,Yes,Yes,Yes,Month-to-month,Yes,Electronic check,108.74,7353.94,No
CUST-11795,Female,0,Yes,Yes,65,DSL,Yes,Yes,No,Yes,No,No,Month-to-month,No,Mailed check,64.4,4185.74,No
CUST-11796,Male,0,Yes,No,55,No,No internet service,No internet service,No internet service,No internet service,No internet service,No internet service,Month-to-month,No,Credit card (automatic),26.52,1423.98,No
CUST-11797,Female,0,Yes,Yes,40,DSL,Yes,Yes,No,Yes,No,Yes,One year,Yes,Electronic check,81.87,3275.29,No
CUST-11798,Male,0,Yes,No,25,Fiber optic,No,No,No,No,No,No,One year,Yes,Bank transfer (automatic),72.1,1833.39,No
CUST-11799,Male,0,Yes,Yes,25,Fiber optic,No,Yes,Yes,Yes,No,Yes,Month-to-month,Yes,Electronic check,102.95,2565.06,No
CUST-11800,Male,0,Yes,Yes,3,Fiber optic,Yes,No,Yes,No,No,No,Month-to-month,Yes,Mailed check,79.58,240.31,Yes
CUST-11801,Male,0,Yes,Yes,69,DSL,No,No,No,Yes,Yes,Yes,Month-to-month,No,Bank transfer (automatic),78.11,5395.19,No
CUST-11802,Male,0,No,No,26,Fiber optic,No,No,Yes,No,Yes,Yes,One year,Yes,Mailed check,93.86,2447.21,No
CUST-11803,Female,0,No,No,40,No,No internet service,No internet service,No internet service,No internet service,No internet service,No internet service,Month-to-month,Yes,Credit card (automatic),28.08,1126.16,No
CUST-11804,Male,0,No,No,38,Fiber optic,Yes,No,No,No,No,Yes,Month-to-month,Yes,Mailed check,81.63,3061.77,No
CUST-11805,Male,1,No,No,38,Fiber optic,No,Yes,No,No,No,No,Month-to-month,Yes,Credit card (automatic),73.42,2793.65,No
CUST-11806,Female,0,Yes,No,68,Fiber optic,Yes,No,Yes,No,No,Yes,One year,No,Bank transfer (automatic),96.81,6570.39,No
CUST-11807,Male,0,No,Yes,7,DSL,Yes,No,No,No,No,No,One year,Yes,Credit card (automatic),54.69,360.01,No
CUST-11808,Female,0,Yes,No,30,DSL,No,No,Yes,No,Yes,No,Month-to-month,Yes,Electronic check,68.81,2068.29,No
CUST-11809,Female,1,No,No,19,No,No internet service,No internet service,No internet service,No internet service,No internet service,No internet service,One year,No,Electronic check,19.76,378.22,No
CUST-11810,Female,0,Yes,No,35,No,No internet service,No internet service,No internet service,No internet service,No internet service,No internet service,Month-to-month,Yes,Mailed check,18.5,612.07,No
CUST-11811,Male,0,No,Yes,33,Fiber optic,No,Yes,No,No,No,Yes,Two year,No,Credit card (automatic),83.93,2761.7,No
CUST-11812,Male,0,Yes,No,33,Fiber optic,No,Yes,No,Yes,Yes,Yes,Month-to-month,Yes,Electronic check,106.59,3544.31,Yes
CUST-11813,Male,0,Yes,Yes,38,Fiber optic,No,No,Yes,No,No,No,One year,No,Credit card (automatic),77.68,2926.68,No
CUST-11814,Female,0,No,No,10,DSL,No,No,Yes,Yes,No,Yes,Month-to-month,No,Electronic check,78.61,789.44,No
CUST-11815,Male,0,Yes,Yes,57,Fiber optic,No,Yes,Yes,Yes,No,Yes,Month-to-month,Yes,Electronic check,104.57,5936.38,No
CUST-11816,Female,0,No,No,28,No,No internet service,No internet service,No internet service,No internet service,No internet service,No internet service,One year,No,Electronic check,21.73,641.25,No
CUST-11817,Male,1,No,No,38,Fiber optic,Yes,No,No,No,Yes,Yes,Month-to-month,Yes,Bank transfer (automatic),98.14,3743.28,Yes
CUST-11818,Female,0,No,No,16,DSL,No,No,No,No,Yes,Yes,Month-to-month,No,Credit card (automatic),71.61,1129.17,No
CUST-11819,Male,0,No,No,21,DSL,No,Yes,No,No,No,Yes,Month-to-month,Yes,Electronic check,67.14,1414.22,No
CUST-11820,Male,0,No,No,6,DSL,Yes,No,No,Yes,Yes,No,Month-to-month,No,Mailed check,72.03,404.77,Yes
CUST-11821,Male,0,Yes,No,41,Fiber optic,No,Yes,No,Yes,No,No,Month-to-month,Yes,Electronic check,78.92,3199.47,No
CUST-11822,Female,0,No,No,15,No,No internet service,No internet service,No internet service,No internet service,No internet service,No internet service,Month-to-month,No,Bank transfer (automatic),18.5,275.6,Yes
CUST-11823,Female,0,No,No,3,No,No internet service,No internet service,No internet service,No internet service,No internet service,No internet service,One year,No,Electronic check,24.34,57.87,No
CUST-11824,Male,0,No,No,43,No,No internet service,No internet service,No internet service,No internet service,No internet service,No internet service,One year,No,Mailed check,20.87,901.38,No
CUST-11825,Male,1,Yes,Yes,47,Fiber optic,Yes,No,Yes,Yes,No,Yes,Month-to-month,Yes,Bank transfer (automatic),98.79,4609.61,No
CUST-11826,Female,1,No,No,14,Fiber optic,No,Yes,No,Yes,Yes,No,One year,Yes,Bank transfer (automatic),97.61,1355.41,Yes
CUST-11827,Female,0,No,No,66,No,No internet service,No internet service,No internet service,No internet service,No internet service,No internet service,Two year,Yes,Electronic check,18.66,1262.17,No
CUST-11828,Female,0,No,No,29,Fiber optic,No,No,No,Yes,No,Yes,Month-to-month,Yes,Electronic check,90.12,2642.09,Yes
CUST-11829,Male,1,Yes,No,4,No,No internet service,No internet service,No internet service,No internet service,No internet service,No internet service,Month-to-month,Yes,Bank transfer (automatic),23.99,129.42,No
CUST-11830,Female,0,Yes,No,26,Fiber optic,Yes,No,No,No,No,No,One year,Yes,Credit card (automatic),76.82,2042.51,No
CUST-11831,Male,1,Yes,Yes,12,DSL,No,No,Yes,Yes,Yes,No,One year,Yes,Credit card (automatic),78.19,930.2,No
CUST-11832,Female,0,No,Yes,2,Fiber optic,No,No,Yes,Yes,No,Yes,Month-to-month,Yes,Credit card (automatic),96.42,137.25,Yes
CUST-11833,Male,0,No,Yes,17,Fiber optic,No,Yes,No,No,No,Yes,Month-to-month,Yes,Credit card (automatic),80.29,1387.01,Yes
CUST-11834,Female,0,Yes,No,35,DSL,No,No,No,No,Yes,No,Month-to-month,Yes,Mailed check,63.93,2215.22,No
CUST-11835,Female,0,Yes,No,10,Fiber optic,No,No,Yes,Yes,No,No,Two year,Yes,Electronic check,87.41,915.29,Yes
CUST-11836,Female,0,Yes,No,43,No,No internet service,No internet service,No internet service,No internet service,No internet service,No internet service,Month-to-month,No,Electronic check,19.09,822.53,No
CUST-11837,Female,0,Yes,No,21,Fiber optic,No,Yes,Yes,Yes,Yes,Yes,Two year,Yes,Mailed check,109.24,2326.75,No
CUST-11838,Female,0,No,Yes,15,DSL,No,Yes,No,No,No,No,Month-to-month,Yes,Bank transfer (automatic),56.37,842.46,No
CUST-11839,Male,0,No,No,35,Fiber optic,No,No,No,Yes,Yes,No,Month-to-month,Yes,Credit card (automatic),84.4,2940.41,No
CUST-11840,Female,0,Yes,No,60,Fiber optic,No,No,No,Yes,Yes,Yes,Month-to-month,Yes,Electronic check,100.83,6064.35,No
CUST-11841,Female,1,No,No,44,Fiber optic,No,No,No,Yes,No,No,One year,No,Mailed check,77.55,3421.98,No
CUST-11842,Female,0,Yes,No,5,Fiber optic,No,No,No,No,No,No,Month-to-month,Yes,Bank transfer (automatic),67.3,313.59,Yes
CUST-11843,Male,0,No,No,18,Fiber optic,Yes,No,No,Yes,No,Yes,Month-to-month,Yes,Mailed check,94.99,1709.13,Yes
CUST-11844,Female,0,Yes,No,21,Fiber optic,Yes,No,Yes,No,No,Yes,Two year,No,Electronic check,93.42,1950.3,Yes
CUST-11845,Male,0,Yes,No,72,DSL,No,Yes,No,No,No,No,Two year,No,Credit card (automatic),58.45,4212.48,No
CUST-11846,Female,1,Yes,Yes,51,Fiber optic,No,No,Yes,No,No,No,Month-to-month,Yes,Electronic check,73.15,3729.96,No
CUST-11847,Female,0,No,Yes,41,Fiber optic,No,No,No,Yes,Yes,Yes,Month-to-month,Yes,Credit card (automatic),100.21,4111.34,Yes
CUST-11848,Male,0,No,No,24,DSL,Yes,Yes,Yes,Yes,No,Yes,One year,Yes,Credit card (automatic),91.36,2192.95,No
CUST-11849,Female,0,No,No,24,DSL,Yes,No,No,Yes,Yes,Yes,One year,Yes,Mailed check,82.87,1981.83,No
CUST-11850,Male,0,Yes,No,38,Fiber optic,Yes,Yes,No,No,No,Yes,Month-to-month,Yes,Mailed check,90.68,3453.03,No
CUST-11851,Male,0,Yes,No,44,No,No internet service,No internet service,No internet service,No internet service,No internet service,No internet service,Two year,No,Bank transfer (automatic),18.5,798.83,No
CUST-11852,Female,1,Yes,No,57,Fiber optic,Yes,Yes,Yes,No,No,Yes,Month-to-month,Yes,Mailed check,98.25,5633.22,Yes
CUST-11853,Male,0,No,Yes,59,Fiber optic,No,No,Yes,Yes,Yes,No,One year,No,Electronic check,91.93,5423.55,No
CUST-11854,Female,0,Yes,No,34,Fiber optic,Yes,Yes,No,Yes,Yes,No,Month-to-month,Yes,Credit card (automatic),102.5,3501.84,No
CUST-11855,Female,0,No,No,23,DSL,No,Yes,Yes,No,No,No,One year,Yes,Mailed check,70.28,1605.75,No
CUST-11856,Male,0,No,Yes,43,DSL,Yes,No,Yes,No,Yes,Yes,Month-to-month,No,Electronic check,89.36,3833.99,Yes
CUST-11857,Male,0,No,No,40,No,No internet service,No internet service,No internet service,No internet service,No internet service,No internet service,One year,Yes,Mailed check,18.5,758.44,No
CUST-11858,Male,0,Yes,No,47,Fiber optic,Yes,Yes,Yes,Yes,Yes,Yes,Two year,Yes,Electronic check,113.79,5363.33,No
CUST-11859,Male,0,Yes,No,41,Fiber optic,No,Yes,No,No,Yes,Yes,Month-to-month,Yes,Electronic check,97.82,4008.17,Yes
CUST-11860,Female,0,Yes,No,47,DSL,No,Yes,Yes,Yes,Yes,Yes,Month-to-month,Yes,Mailed check,90.31,4208.87,Yes
CUST-11861,Female,0,No,No,20,No,No internet service,No internet service,No internet service,No internet service,No internet service,No internet service,Month-to-month,Yes,Mailed check,20.04,390.32,No
CUST-11862,Male,0,No,No,65,No,No internet service,No internet service,No internet service,No internet service,No internet service,No internet service,Two year,Yes,Bank transfer (automatic),27.36,1776.63,No
CUST-11863,Female,0,Yes,No,68,DSL,No,No,No,No,No,No,Two year,Yes,Credit card (automatic),46.75,3165.35,No
CUST-11864,Female,0,Yes,No,24,Fiber optic,No,No,Yes,No,Yes,No,One year,Yes,Credit card (automatic),87.8,2081.76,Yes
CUST-11865,Female,1,No,Yes,36,DSL,Yes,No,Yes,Yes,No,No,Month-to-month,No,Electronic check,71.14,2578.12,No
CUST-11866,Female,0,No,No,45,Fiber optic,No,No,Yes,No,Yes,No,Two year,Yes,Electronic check,90.15,4053.14,No
CUST-11867,Male,0,Yes,Yes,2,DSL,Yes,Yes,No,Yes,No,Yes,Month-to-month,Yes,Bank transfer (automatic),76.41,189.0,No
CUST-11868,Male,0,No,Yes,28,DSL,Yes,No,No,No,No,No,Month-to-month,No,Bank transfer (automatic),59.45,1661.25,No
CUST-11869,Female,0,Yes,No,26,DSL,No,No,No,No,No,No,Month-to-month,No,Credit card (automatic),50.79,1324.09,No
CUST-11870,Male,0,Yes,Yes,23,No,No internet service,No internet service,No internet service,No internet service,No internet service,No internet service,Month-to-month,Yes,Bank transfer (automatic),18.5,413.72,No
CUST-11871,Male,0,No,No,36,No,No internet service,No internet service,No internet service,No internet service,No internet service,No internet service,Two year,Yes,Electronic check,19.46,730.78,No
CUST-11872,Male,0,No,Yes,6,DSL,Yes,Yes,Yes,Yes,Yes,No,One year,No,Mailed check,89.01,528.01,No
CUST-11873,Female,0,No,No,35,Fiber optic,Yes,No,No,Yes,Yes,Yes,Month-to-month,Yes,Credit card (automatic),109.25,3819.69,No
CUST-11874,Female,0,Yes,Yes,38,DSL,No,No,No,No,Yes,No,Month-to-month,No,Credit card (automatic),58.95,2221.05,No
CUST-11875,Female,0,No,Yes,35,DSL,Yes,No,No,Yes,No,Yes,Month-to-month,No,Electronic check,79.35,2784.84,No
CUST-11876,Male,0,Yes,Yes,53,No,No internet service,No internet service,No internet service,No internet service,No internet service,No internet service,One year,Yes,Mailed check,23.73,1251.09,No
CUST-11877,Female,0,Yes,No,38,DSL,Yes,Yes,Yes,Yes,No,No,Month-to-month,Yes,Electronic check,74.47,2810.47,No
CUST-11878,Female,1,No,No,59,Fiber optic,No,Yes,No,Yes,Yes,Yes,Month-to-month,No,Mailed check,105.81,6241.82,No
CUST-11879,Male,0,Yes,Yes,43,Fiber optic,No,Yes,No,Yes,No,No,One year,Yes,Electronic check,86.62,3739.15,No
CUST-11880,Female,0,No,No,4,DSL,No,No,No,Yes,No,Yes,Two year,Yes,Credit card (automatic),67.28,302.08,Yes
CUST-11881,Female,0,No,No,5,Fiber optic,No,No,No,No,Yes,Yes,Two year,Yes,Bank transfer (automatic),88.07,445.07,No
CUST-11882,Male,1,Yes,No,68,No,No internet service,No internet service,No internet service,No internet service,No internet service,No internet service,Two year,No,Credit card (automatic),19.6,1321.79,No
CUST-11883,Male,0,Yes,No,45,Fiber optic,No,Yes,No,Yes,No,No,One year,Yes,Credit card (automatic),82.84,3736.93,No
CUST-11884,Male,0,Yes,No,25,DSL,No,Yes,No,No,No,Yes,Month-to-month,No,Electronic check,66.83,1667.94,Yes
CUST-11885,Female,0,Yes,Yes,11,No,No internet service,No internet service,No internet service,No internet service,No internet service,No internet service,Two year,No,Bank transfer (automatic),26.55,293.18,No
CUST-11886,Female,0,No,No,29,No,No internet service,No internet service,No internet service,No internet service,No internet service,No internet service,Month-to-month,Yes,Credit card (automatic),21.38,619.98,No
CUST-11887,Female,0,No,No,34,DSL,No,No,No,No,No,Yes,One year,No,Bank transfer (automatic),65.43,2233.85,No
CUST-11888,Male,0,Yes,No,14,DSL,No,No,Yes,Yes,Yes,No,Month-to-month,Yes,Bank transfer (automatic),76.71,1085.84,No
CUST-11889,Male,0,Yes,Yes,24,DSL,No,No,No,Yes,No,No,Two year,No,Mailed check,66.68,1599.33,No
CUST-11890,Female,0,No,Yes,59,DSL,Yes,No,Yes,Yes,Yes,No,Month-to-month,Yes,Bank transfer (automatic),77.56,4646.4,No
CUST-11891,Female,1,No,No,39,Fiber optic,No,No,No,Yes,Yes,Yes,Month-to-month,Yes,Mailed check,91.8,3598.57,Yes
CUST-11892,Male,0,Yes,No,26,DSL,Yes,No,No,Yes,Yes,No,One year,No,Mailed check,73.82,1877.73,No
CUST-11893,Male,0,Yes,No,43,DSL,No,No,Yes,No,Yes,No,Month-to-month,Yes,Electronic check,68.2,2925.66,Yes
CUST-11894,Male,0,No,No,36,DSL,Yes,Yes,No,Yes,No,Yes,Two year,No,Electronic check,83.73,3013.89,No
CUST-11895,Male,0,Yes,Yes,39,Fiber optic,Yes,No,Yes,Yes,Yes,No,Month-to-month,No,Electronic check,105.71,4134.87,Yes
CUST-11896,Female,1,Yes,No,61,Fiber optic,No,No,No,No,Yes,No,One year,Yes,Electronic check,75.32,4631.2,No
CUST-11897,Male,0,No,No,16,Fiber optic,No,No,No,No,Yes,No,Two year,Yes,Mailed check,79.48,1257.29,No
CUST-11898,Female,0,No,No,59,DSL,No,No,No,No,Yes,No,One year,No,Electronic check,60.42,3587.8,No
CUST-11899,Female,0,No,Yes,6,Fiber optic,No,No,No,Yes,Yes,Yes,Month-to-month,Yes,Electronic check,94.54,571.31,Yes
CUST-11900,Female,0,No,No,56,DSL,Yes,No,Yes,Yes,No,Yes,Month-to-month,No,Bank transfer (automatic),79.58,4463.06,No
CUST-11901,Male,0,No,No,8,No,No internet service,No internet service,No internet service,No internet service,No internet service,No internet service,Month-to-month,No,Bank transfer (automatic),23.27,210.05,Yes
CUST-11902,Male,0,Yes,Yes,27,Fiber optic,Yes,No,Yes,No,No,No,Two year,No,Bank transfer (automatic),85.49,2274.96,No
CUST-11903,Male,0,Yes,No,71,DSL,Yes,Yes,No,Yes,Yes,Yes,One year,No,Credit card (automatic),90.12,6409.22,No
CUST-11904,Male,0,Yes,No,27,DSL,No,No,No,No,Yes,No,Two year,Yes,Electronic check,65.09,1790.48,No
CUST-11905,Female,0,Yes,Yes,46,DSL,No,No,No,No,No,No,Month-to-month,No,Electronic check,51.05,2327.14,No
CUST-11906,Male,1,No,No,41,DSL,No,No,No,No,No,No,Month-to-month,No,Electronic check,53.84,2207.49,No
CUST-11907,Male,0,No,No,25,Fiber optic,Yes,Yes,Yes,No,Yes,No,Month-to-month,No,Credit card (automatic),95.48,2400.57,No
CUST-11908,Female,0,No,No,18,No,No internet service,No internet service,No internet service,No internet service,No internet service,No internet service,One year,Yes,Bank transfer (automatic),18.5,293.87,No
CUST-11909,Male,0,No,No,12,DSL,No,No,Yes,No,Yes,No,Month-to-month,Yes,Electronic check,73.23,885.48,Yes
CUST-11910,Female,0,Yes,No,51,Fiber optic,No,No,No,Yes,Yes,Yes,Month-to-month,No,Electronic check,96.54,4918.32,Yes
CUST-11911,Female,0,Yes,Yes,39,Fiber optic,No,No,No,No,No,Yes,One year,Yes,Bank transfer (automatic),83.04,3266.6,No
CUST-11912,Female,0,No,No,10,Fiber optic,Yes,No,No,No,No,No,Month-to-month,Yes,Electronic check,73.42,719.41,Yes
CUST-11913,Female,0,No,No,54,DSL,No,No,No,No,No,Yes,One year,Yes,Mailed check,61.17,3302.34,Yes
CUST-11914,Female,0,No,No,29,DSL,No,Yes,No,Yes,Yes,Yes,Month-to-month,Yes,Credit card (automatic),83.59,2408.01,Yes
CUST-11915,Female,0,No,No,41,No,No internet service,No internet service,No internet service,No internet service,No internet service,No internet service,Month-to-month,Yes,Bank transfer (automatic),22.15,905.77,No
CUST-11916,Female,1,No,Yes,9,No,No internet service,No internet service,No internet service,No internet service,No internet service,No internet service,Month-to-month,Yes,Credit card (automatic),22.13,184.82,No
CUST-11917,Female,0,No,No,63,DSL,No,Yes,Yes,No,No,No,Two year,Yes,Mailed check,61.02,3836.55,No
CUST-11918,Male,0,Yes,No,37,DSL,No,No,No,No,No,No,Month-to-month,No,Bank transfer (automatic),52.25,1910.32,No
CUST-11919,Male,0,No,Yes,14,Fiber optic,Yes,Yes,No,Yes,Yes,Yes,Month-to-month,Yes,Credit card (automatic),105.57,1464.06,Yes
CUST-11920,Male,0,No,No,72,Fiber optic,No,No,Yes,Yes,Yes,No,Month-to-month,Yes,Bank transfer (automatic),100.18,7197.95,No
CUST-11921,Male,0,Yes,No,39,Fiber optic,No,No,Yes,No,Yes,No,Month-to-month,Yes,Bank transfer (automatic),88.08,3425.95,No
CUST-11922,Female,0,No,No,40,DSL,Yes,No,Yes,Yes,Yes,No,Two year,Yes,Bank transfer (automatic),70.92,2834.47,No
CUST-11923,Male,0,Yes,Yes,54,No,No internet service,No internet service,No internet service,No internet service,No internet service,No internet service,Month-to-month,No,Credit card (automatic),18.5,940.9,No
CUST-11924,Female,0,No,No,3,Fiber optic,No,No,Yes,Yes,Yes,Yes,Two year,No,Electronic check,107.05,324.01,Yes
CUST-11925,Male,0,Yes,Yes,55,DSL,Yes,Yes,No,No,No,Yes,Month-to-month,Yes,Electronic check,73.88,4088.18,No
CUST-11926,Male,0,No,Yes,33,Fiber optic,No,No,Yes,No,No,No,Two year,Yes,Mailed check,75.83,2517.47,No
CUST-11927,Male,1,Yes,No,71,DSL,No,No,No,Yes,No,Yes,One year,No,Credit card (automatic),68.47,4844.03,No
CUST-11928,Female,0,No,Yes,19,Fiber optic,No,Yes,Yes,No,Yes,Yes,One year,Yes,Credit card (automatic),105.18,2018.87,No
CUST-11929,Male,0,Yes,Yes,34,Fiber optic,No,Yes,No,No,Yes,Yes,One year,Yes,Electronic check,99.93,3381.44,Yes
CUST-11930,Female,0,Yes,Yes,50,DSL,Yes,No,Yes,No,Yes,Yes,Month-to-month,Yes,Electronic check,84.72,4241.86,No
CUST-11931,Female,0,Yes,Yes,47,Fiber optic,No,Yes,Yes,Yes,Yes,No,One year,Yes,Credit card (automatic),99.32,4619.71,No
CUST-11932,Male,0,No,Yes,46,DSL,No,Yes,No,No,No,Yes,Month-to-month,Yes,Electronic check,70.09,3236.33,No
CUST-11933,Male,0,Yes,No,56,Fiber optic,Yes,No,Yes,Yes,Yes,Yes,Month-to-month,Yes,Electronic check,103.48,5794.98,No
CUST-11934,Male,0,Yes,Yes,57,Fiber optic,No,No,Yes,No,No,No,One year,Yes,Electronic check,76.16,4343.89,Yes
CUST-11935,Female,0,No,Yes,51,Fiber optic,No,No,No,No,Yes,No,Month-to-month,Yes,Electronic check,81.86,4175.21,No
CUST-11936,Male,0,Yes,Yes,54,DSL,No,No,Yes,Yes,Yes,No,Two year,Yes,Bank transfer (automatic),71.38,3891.88,No
CUST-11937,Female,0,No,No,28,Fiber optic,No,Yes,No,Yes,No,No,Month-to-month,Yes,Mailed check,84.16,2373.96,Yes
CUST-11938,Female,0,Yes,No,19,Fiber optic,Yes,Yes,Yes,No,Yes,No,Month-to-month,Yes,Mailed check,99.66,1907.86,Yes
CUST-11939,Male,0,No,No,27,Fiber optic,Yes,No,Yes,Yes,Yes,Yes,Two year,Yes,Credit card (automatic),107.67,2918.2,Yes
CUST-11940,Male,0,Yes,No,48,Fiber optic,Yes,No,Yes,No,Yes,Yes,One year,Yes,Electronic check,102.57,4963.48,No
CUST-11941,Female,1,Yes,No,19,Fiber optic,Yes,No,Yes,Yes,No,Yes,One year,No,Electronic check,96.33,1825.23,No
CUST-11942,Female,1,No,No,51,No,No internet service,No internet service,No internet service,No internet service,No internet service,No internet service,One year,No,Credit card (automatic),23.02,1146.25,No
CUST-11943,Female,0,No,Yes,7,DSL,No,Yes,Yes,No,Yes,Yes,Two year,Yes,Bank transfer (automatic),84.6,626.54,Yes
CUST-11944,Male,0,No,No,29,Fiber optic,No,Yes,No,No,No,Yes,Month-to-month,Yes,Electronic check,88.22,2548.88,Yes
CUST-11945,Female,0,Yes,No,43,Fiber optic,No,Yes,Yes,No,Yes,Yes,One year,No,Electronic check,102.79,4429.88,Yes
CUST-11946,Male,1,Yes,No,69,Fiber optic,Yes,No,Yes,Yes,No,No,Month-to-month,Yes,Electronic check,85.0,5875.43,No
CUST-11947,Female,1,Yes,Yes,58,Fiber optic,No,No,Yes,Yes,Yes,No,Month-to-month,Yes,Bank transfer (automatic),94.6,5472.12,No
CUST-11948,Female,0,No,No,8,No,No internet service,No internet service,No internet service,No internet service,No internet service,No internet service,Month-to-month,No,Electronic check,25.18,173.17,Yes
CUST-11949,Male,0,Yes,Yes,42,Fiber optic,Yes,No,No,Yes,No,Yes,Month-to-month,No,Mailed check,96.05,4055.42,Yes
CUST-11950,Female,0,Yes,Yes,42,No,No internet service,No internet service,No internet service,No internet service,No internet service,No internet service,One year,Yes,Electronic check,25.24,1085.45,No
CUST-11951,Male,0,Yes,No,13,DSL,No,No,No,No,Yes,No,Two year,Yes,Credit card (automatic),60.17,794.88,No
CUST-11952,Male,0,No,No,26,Fiber optic,No,Yes,No,No,Yes,No,One year,No,Mailed check,83.92,2189.96,No
CUST-11953,Female,1,Yes,No,18,DSL,No,No,Yes,No,No,Yes,One year,Yes,Mailed check,68.76,1209.71,No
CUST-11954,Male,0,No,No,42,Fiber optic,No,No,Yes,Yes,No,Yes,Month-to-month,No,Electronic check,94.42,3959.0,No
CUST-11955,Male,0,Yes,Yes,51,Fiber optic,Yes,No,No,Yes,No,No,Month-to-month,Yes,Electronic check,81.33,4172.1,No
CUST-11956,Female,1,No,Yes,16,Fiber optic,Yes,No,No,Yes,No,Yes,Month-to-month,Yes,Bank transfer (automatic),87.8,1389.2,Yes
CUST-11957,Male,0,Yes,Yes,3,Fiber optic,Yes,Yes,No,Yes,Yes,Yes,One year,Yes,Bank transfer (automatic),110.0,332.66,No
CUST-11958,Male,0,No,No,45,DSL,No,Yes,No,No,No,No,Month-to-month,No,Bank transfer (automatic),58.81,2655.67,No
CUST-11959,Male,0,No,Yes,22,Fiber optic,No,No,No,No,Yes,No,Month-to-month,No,Bank transfer (automatic),76.51,1693.51,Yes
CUST-11960,Female,0,Yes,Yes,23,Fiber optic,No,Yes,Yes,No,Yes,No,Two year,Yes,Electronic check,97.47,2221.32,No
CUST-11961,Male,0,No,No,59,DSL,No,Yes,Yes,Yes,Yes,No,One year,No,Bank transfer (automatic),81.75,4820.9,No
CUST-11962,Female,0,Yes,Yes,62,DSL,No,No,No,No,No,No,One year,Yes,Electronic check,50.33,3137.38,No
CUST-11963,Female,0,No,No,68,Fiber optic,No,No,No,Yes,Yes,No,One year,No,Electronic check,84.34,5772.3,No
CUST-11964,Male,0,No,No,54,Fiber optic,No,No,No,No,Yes,Yes,Month-to-month,No,Bank transfer (automatic),91.58,4941.0,No
CUST-11965,Male,0,Yes,No,57,DSL,Yes,Yes,No,Yes,Yes,Yes,Month-to-month,Yes,Credit card (automatic),85.54,4884.0,No
CUST-11966,Male,0,Yes,No,23,DSL,No,Yes,No,No,Yes,No,Two year,Yes,Bank transfer (automatic),63.14,1429.03,No
CUST-11967,Female,0,Yes,No,60,DSL,No,No,No,No,No,Yes,One year,No,Credit card (automatic),54.98,3293.95,No
CUST-11968,Male,0,Yes,Yes,55,No,No internet service,No internet service,No internet service,No internet service,No internet service,No internet service,One year,No,Credit card (automatic),28.1,1535.5,No
CUST-11969,Male,0,Yes,No,63,Fiber optic,No,No,No,No,Yes,Yes,Month-to-month,Yes,Electronic check,89.86,5699.94,No
CUST-11970,Male,0,Yes,No,56,DSL,No,No,No,No,No,No,One year,Yes,Credit card (automatic),48.17,2712.18,No
CUST-11971,Male,0,Yes,Yes,55,No,No internet service,No internet service,No internet service,No internet service,No internet service,No internet service,Month-to-month,No,Bank transfer (automatic),19.87,1094.72,No
CUST-11972,Male,0,No,Yes,25,DSL,Yes,No,Yes,Yes,No,Yes,Month-to-month,Yes,Credit card (automatic),78.49,1924.18,No
CUST-11973,Female,0,Yes,No,26,DSL,No,No,No,Yes,No,No,Month-to-month,Yes,Bank transfer (automatic),57.46,1500.13,No
CUST-11974,Female,0,Yes,No,49,No,No internet service,No internet service,No internet service,No internet service,No internet service,No internet service,Month-to-month,Yes,Bank transfer (automatic),21.12,1041.25,No
CUST-11975,Male,1,No,No,63,No,No internet service,No internet service,No internet service,No internet service,No internet service,No internet service,Month-to-month,No,Bank transfer (automatic),18.78,1178.6,No
CUST-11976,Male,0,Yes,No,45,Fiber optic,No,Yes,No,No,No,No,Month-to-month,Yes,Electronic check,76.37,3437.58,Yes
CUST-11977,Male,0,Yes,Yes,39,Fiber optic,Yes,Yes,Yes,No,No,No,One year,Yes,Credit card (automatic),95.0,3741.03,No
CUST-11978,Male,0,Yes,No,65,DSL,No,No,Yes,Yes,No,No,One year,Yes,Electronic check,59.5,3886.48,No
CUST-11979,Female,0,No,No,69,No,No internet service,No internet service,No internet service,No internet service,No internet service,No internet service,Month-to-month,No,Electronic check,18.5,1258.79,No
CUST-11980,Male,0,No,Yes,56,Fiber optic,No,Yes,Yes,No,No,No,Month-to-month,No,Electronic check,84.48,4769.93,No
CUST-11981,Female,0,Yes,No,9,DSL,No,No,Yes,No,No,Yes,Two year,No,Electronic check,71.11,624.1,Yes
CUST-11982,Female,0,No,No,70,Fiber optic,Yes,Yes,No,No,Yes,Yes,Month-to-month,Yes,Electronic check,109.98,7730.92,No
CUST-11983,Male,0,No,No,28,No,No internet service,No internet service,No internet service,No internet service,No internet service,No internet service,Month-to-month,No,Electronic check,21.24,580.24,No
CUST-11984,Female,0,No,Yes,45,No,No internet service,No internet service,No internet service,No internet service,No internet service,No internet service,One year,No,Mailed check,18.5,829.47,No
CUST-11985,Female,0,No,No,26,Fiber optic,No,No,Yes,No,No,Yes,Month-to-month,No,Mailed check,91.52,2337.27,Yes
CUST-11986,Female,0,No,No,28,Fiber optic,Yes,No,No,No,Yes,Yes,One year,No,Electronic check,95.37,2680.91,No
CUST-11987,Female,1,Yes,No,40,DSL,No,No,No,No,No,No,One year,Yes,Electronic check,50.26,1971.14,No
CUST-11988,Male,0,Yes,No,15,Fiber optic,Yes,Yes,Yes,Yes,Yes,No,Two year,No,Credit card (automatic),100.17,1506.7,Yes
CUST-11989,Male,0,Yes,Yes,6,Fiber optic,Yes,No,No,Yes,Yes,Yes,Two year,No,Electronic check,106.51,630.37,No
CUST-11990,Female,0,No,No,27,DSL,Yes,No,No,No,Yes,Yes,Two year,No,Electronic check,72.24,1942.01,No
CUST-11991,Male,0,No,No,38,No,No internet service,No internet service,No internet service,No internet service,No internet service,No internet service,Month-to-month,Yes,Electronic check,21.7,832.48,No
CUST-11992,Male,0,No,Yes,68,No,No internet service,No internet service,No internet service,No internet service,No internet service,No internet service,Two year,Yes,Electronic check,20.2,1389.99,No
CUST-11993,Male,0,No,No,64,DSL,No,Yes,Yes,No,Yes,No,Month-to-month,No,Bank transfer (automatic),73.6,4736.58,No
CUST-11994,Male,0,Yes,No,30,No,No internet service,No internet service,No internet service,No internet service,No internet service,No internet service,One year,Yes,Mailed check,20.16,581.41,No
CUST-11995,Male,0,No,No,3,Fiber optic,Yes,Yes,No,No,No,Yes,One year,Yes,Mailed check,88.74,260.0,Yes
CUST-11996,Female,0,No,Yes,62,Fiber optic,No,No,Yes,Yes,Yes,No,Month-to-month,No,Electronic check,92.48,5732.81,No
CUST-11997,Male,0,No,No,12,No,No internet service,No internet service,No internet service,No internet service,No internet service,No internet service,One year,Yes,Bank transfer (automatic),22.84,286.14,No
CUST-11998,Male,1,No,No,30,DSL,Yes,No,No,No,No,No,Month-to-month,Yes,Bank transfer (automatic),54.95,1660.15,No
CUST-11999,Male,0,No,No,38,Fiber optic,Yes,No,No,No,Yes,Yes,Month-to-month,No,Electronic check,93.04,3518.63,Yes
CUST-12000,Male,0,Yes,No,60,DSL,No,Yes,No,No,Yes,No,Two year,Yes,Electronic check,64.46,3891.64,No
CUST-12001,Female,0,No,No,38,Fiber optic,Yes,No,Yes,No,Yes,Yes,Month-to-month,Yes,Electronic check,104.06,3962.48,No
CUST-12002,Female,0,Yes,Yes,15,Fiber optic,No,Yes,Yes,No,No,Yes,Month-to-month,Yes,Bank transfer (automatic),90.97,1400.33,No
CUST-12003,Female,0,No,No,18,DSL,No,No,Yes,No,Yes,Yes,Month-to-month,Yes,Electronic check,81.79,1478.56,Yes
CUST-12004,Female,0,No,No,52,Fiber optic,No,No,No,Yes,Yes,Yes,Two year,Yes,Mailed check,97.53,5031.51,No
CUST-12005,Male,0,Yes,No,29,DSL,Yes,No,No,No,No,No,Month-to-month,Yes,Electronic check,53.95,1548.08,No
CUST-12006,Female,0,No,Yes,60,DSL,No,Yes,No,No,No,No,Month-to-month,Yes,Electronic check,57.85,3467.78,No
CUST-12007,Male,0,Yes,No,21,DSL,Yes,No,No,No,No,Yes,Two year,Yes,Electronic check,64.15,1330.27,Yes
CUST-12008,Male,0,Yes,No,17,Fiber optic,No,No,No,No,Yes,Yes,Month-to-month,Yes,Electronic check,91.15,1531.93,Yes
CUST-12009,Male,1,Yes,No,18,No,No internet service,No internet service,No internet service,No internet service,No internet service,No internet service,Month-to-month,No,Electronic check,19.83,395.03,No
CUST-12010,Male,0,No,Yes,57,No,No internet service,No internet service,No internet service,No internet service,No internet service,No internet service,One year,Yes,Mailed check,18.5,1029.51,No
CUST-12011,Male,0,No,Yes,37,No,No internet service,No internet service,No internet service,No internet service,No internet service,No internet service,Month-to-month,No,Bank transfer (automatic),18.5,673.91,No
CUST-12012,Female,0,No,No,60,No,No internet service,No internet service,No internet service,No internet service,No internet service,No internet service,Two year,Yes,Mailed check,20.88,1254.12,No
CUST-12013,Female,0,Yes,Yes,38,DSL,No,No,No,No,No,No,Month-to-month,No,Bank transfer (automatic),48.65,1822.39,No
CUST-12014,Female,0,No,No,12,Fiber optic,No,No,No,No,Yes,No,Two year,No,Bank transfer (automatic),86.18,1030.9,No
CUST-12015,Female,0,No,Yes,1,Fiber optic,Yes,Yes,No,No,No,Yes,Two year,Yes,Bank transfer (automatic),88.64,88.64,No
CUST-12016,Male,0,Yes,No,58,DSL,No,No,No,No,No,Yes,Month-to-month,Yes,Credit card (automatic),56.07,3241.04,No
CUST-12017,Female,0,Yes,No,3,Fiber optic,No,No,No,No,No,Yes,Month-to-month,Yes,Electronic check,80.12,217.99,Yes
CUST-12018,Male,0,Yes,No,63,Fiber optic,Yes,Yes,No,No,No,No,Two year,No,Electronic check,81.75,5144.11,No
CUST-12019,Female,0,No,No,21,No,No internet service,No internet service,No internet service,No internet service,No internet service,No internet service,Month-to-month,Yes,Bank transfer (automatic),22.65,474.53,No
CUST-12020,Male,0,No,No,23,Fiber optic,Yes,Yes,Yes,No,No,No,One year,No,Bank transfer (automatic),80.49,1878.24,No
CUST-12021,Male,0,No,Yes,9,No,No internet service,No internet service,No internet service,No internet service,No internet service,No internet service,One year,Yes,Mailed check,24.52,208.48,No
CUST-12022,Female,0,Yes,Yes,55,DSL,Yes,Yes,No,Yes,Yes,Yes,One year,Yes,Electronic check,85.07,4721.59,No
CUST-12023,Male,0,No,No,19,DSL,No,Yes,Yes,No,Yes,Yes,Two year,Yes,Mailed check,86.27,1643.38,No
CUST-12024,Male,0,Yes,No,62,No,No internet service,No internet service,No internet service,No internet service,No internet service,No internet service,Month-to-month,No,Credit card (automatic),25.87,1585.08,No
CUST-12025,Female,0,Yes,No,39,DSL,No,No,Yes,Yes,Yes,No,Month-to-month,Yes,Electronic check,77.24,3015.06,No
CUST-12026,Male,1,No,No,27,Fiber optic,No,Yes,No,Yes,Yes,Yes,Two year,No,Credit card (automatic),100.56,2739.83,No
CUST-12027,Female,0,Yes,No,46,Fiber optic,No,No,Yes,No,Yes,Yes,Two year,Yes,Mailed check,96.42,4413.97,No
CUST-12028,Female,0,No,No,34,No,No internet service,No internet service,No internet service,No internet service,No internet service,No internet service,One year,Yes,Electronic check,22.27,796.02,No
CUST-12029,Female,0,Yes,Yes,33,DSL,No,Yes,No,No,No,No,Two year,No,Mailed check,56.1,1861.94,No
CUST-12030,Male,0,No,No,50,DSL,Yes,No,Yes,No,No,No,One year,No,Mailed check,58.85,2919.62,No
CUST-12031,Male,0,Yes,No,20,Fiber optic,No,No,No,No,Yes,No,Month-to-month,Yes,Bank transfer (automatic),80.3,1595.56,No
CUST-12032,Male,1,No,No,40,Fiber optic,No,No,No,Yes,Yes,No,Two year,Yes,Mailed check,86.45,3449.69,No
CUST-12033,Female,1,Yes,No,58,DSL,Yes,No,No,Yes,No,No,Month-to-month,No,Mailed check,64.81,3781.15,No
CUST-12034,Male,0,Yes,No,31,No,No internet service,No internet service,No internet service,No internet service,No internet service,No internet service,Month-to-month,Yes,Electronic check,18.5,549.91,No
CUST-12035,Female,0,No,No,38,Fiber optic,Yes,No,Yes,No,Yes,No,Month-to-month,No,Electronic check,86.2,3306.39,No
CUST-12036,Female,0,Yes,No,45,No,No internet service,No internet service,No internet service,No internet service,No internet service,No internet service,One year,Yes,Electronic check,18.5,855.33,No
CUST-12037,Male,0,No,Yes,41,DSL,Yes,No,No,Yes,No,No,Two year,Yes,Credit card (automatic),57.88,2406.37,No
CUST-12038,Female,1,No,Yes,9,Fiber optic,No,No,No,No,Yes,No,Month-to-month,No,Electronic check,78.12,704.26,No
CUST-12039,Male,0,Yes,No,9,No,No internet service,No internet service,No internet service,No internet service,No internet service,No internet service,Month-to-month,Yes,Credit card (automatic),22.01,222.79,No
CUST-12040,Male,0,Yes,No,63,Fiber optic,No,No,Yes,Yes,No,Yes,One year,No,Electronic check,93.82,5905.85,No
CUST-12041,Male,1,No,No,22,DSL,No,Yes,No,No,No,Yes,Two year,No,Electronic check,65.93,1470.89,No
CUST-12042,Male,0,No,Yes,16,No,No internet service,No internet service,No internet service,No internet service,No internet service,No internet service,One year,No,Electronic check,18.5,297.75,No
CUST-12043,Male,0,No,Yes,32,Fiber optic,Yes,No,No,Yes,No,Yes,One year,Yes,Electronic check,93.06,3013.94,No
CUST-12044,Female,1,Yes,No,66,No,No internet service,No internet service,No internet service,No internet service,No internet service,No internet service,One year,No,Credit card (automatic),18.5,1226.37,No
CUST-12045,Female,0,No,No,14,DSL,No,Yes,No,No,Yes,No,Month-to-month,No,Bank transfer (automatic),62.43,857.13,No
CUST-12046,Female,0,Yes,No,38,Fiber optic,Yes,Yes,Yes,No,Yes,No,Month-to-month,Yes,Credit card (automatic),97.32,3728.42,Yes
CUST-12047,Male,0,No,No,8,No,No internet service,No internet service,No internet service,No internet service,No internet service,No internet service,Month-to-month,Yes,Credit card (automatic),18.5,152.17,No
CUST-12048,Male,0,No,Yes,21,Fiber optic,No,No,Yes,Yes,Yes,Yes,Two year,Yes,Bank transfer (automatic),96.56,2017.03,No
CUST-12049,Male,0,Yes,No,56,DSL,No,No,Yes,No,Yes,Yes,Month-to-month,No,Bank transfer (automatic),76.76,4286.88,No
CUST-12050,Female,0,Yes,No,46,DSL,No,No,No,No,Yes,No,One year,No,Bank transfer (automatic),57.08,2607.88,No
CUST-12051,Male,1,Yes,Yes,43,DSL,No,No,No,Yes,No,Yes,Month-to-month,No,Bank transfer (automatic),64.87,2760.76,No
CUST-12052,Female,0,Yes,No,46,Fiber optic,No,No,Yes,No,Yes,Yes,Month-to-month,No,Electronic check,101.19,4646.3,Yes
CUST-12053,Female,0,No,Yes,48,Fiber optic,No,Yes,Yes,No,No,No,Month-to-month,Yes,Mailed check,85.56,4110.98,No
CUST-12054,Male,0,Yes,Yes,70,DSL,No,No,No,No,Yes,No,Month-to-month,Yes,Bank transfer (automatic),61.12,4270.78,No
CUST-12055,Male,0,Yes,Yes,31,DSL,Yes,Yes,No,No,Yes,Yes,Month-to-month,Yes,Electronic check,81.18,2440.96,No
CUST-12056,Female,0,Yes,Yes,33,Fiber optic,No,Yes,Yes,No,Yes,Yes,One year,Yes,Mailed check,104.82,3428.32,Yes
CUST-12057,Male,0,No,No,44,Fiber optic,No,No,Yes,No,Yes,No,Month-to-month,Yes,Credit card (automatic),85.82,3794.88,No
CUST-12058,Female,0,No,No,71,Fiber optic,Yes,No,No,No,Yes,No,One year,No,Mailed check,85.24,6049.75,No
CUST-12059,Male,0,Yes,No,8,Fiber optic,Yes,Yes,Yes,No,Yes,No,Month-to-month,No,Mailed check,96.79,740.2,Yes
CUST-12060,Male,0,Yes,No,2,No,No internet service,No internet service,No internet service,No internet service,No internet service,No internet service,Month-to-month,Yes,Electronic check,20.34,33.57,No
CUST-12061,Female,0,No,Yes,17,DSL,Yes,No,Yes,Yes,Yes,No,Month-to-month,No,Credit card (automatic),80.86,1377.11,No
CUST-12062,Male,0,No,Yes,52,Fiber optic,Yes,No,Yes,No,Yes,Yes,Two year,Yes,Mailed check,102.67,5357.95,No
CUST-12063,Female,0,Yes,No,45,Fiber optic,No,Yes,No,Yes,No,Yes,Month-to-month,Yes,Credit card (automatic),92.9,4166.77,Yes
CUST-12064,Male,0,Yes,No,37,DSL,Yes,No,Yes,No,No,No,Month-to-month,No,Credit card (automatic),64.07,2383.28,Yes
CUST-12065,Female,0,Yes,Yes,42,Fiber optic,Yes,No,Yes,No,No,Yes,Two year,Yes,Credit card (automatic),91.39,3837.94,No
CUST-12066,Female,0,Yes,No,44,No,No internet service,No internet service,No internet service,No internet service,No internet service,No internet service,Month-to-month,No,Electronic check,19.32,842.67,No
CUST-12067,Male,0,No,No,38,DSL,No,No,No,Yes,Yes,Yes,Two year,No,Electronic check,72.54,2773.98,No
CUST-12068,Female,0,No,No,6,DSL,Yes,Yes,No,No,Yes,No,Month-to-month,No,Credit card (automatic),68.45,391.8,Yes
CUST-12069,Male,0,Yes,No,68,Fiber optic,No,Yes,Yes,No,Yes,No,One year,Yes,Credit card (automatic),95.6,6519.75,No
CUST-12070,Male,0,No,Yes,51,Fiber optic,Yes,Yes,Yes,Yes,Yes,Yes,Month-to-month,Yes,Credit card (automatic),118.35,6013.02,Yes
CUST-12071,Male,0,Yes,No,35,Fiber optic,Yes,No,Yes,No,Yes,Yes,Two year,Yes,Bank transfer (automatic),101.93,3556.02,Yes
CUST-12072,Female,0,No,Yes,58,Fiber optic,Yes,No,No,Yes,Yes,No,One year,No,Mailed check,91.33,5289.45,No
CUST-12073,Female,0,No,No,57,No,No internet service,No internet service,No internet service,No internet service,No internet service,No internet service,Month-to-month,No,Electronic check,20.45,1163.43,No
CUST-12074,Male,0,Yes,Yes,6,DSL,No,Yes,No,No,Yes,No,Month-to-month,Yes,Credit card (automatic),58.82,302.05,No
CUST-12075,Male,0,Yes,No,13,DSL,No,Yes,No,No,Yes,Yes,Month-to-month,No,Bank transfer (automatic),76.42,995.57,No
CUST-12076,Female,0,No,Yes,59,DSL,No,Yes,No,Yes,Yes,No,One year,Yes,Electronic check,70.26,4108.8,No
CUST-12077,Male,0,Yes,No,30,Fiber optic,No,No,No,No,No,Yes,Month-to-month,Yes,Electronic check,79.73,2395.25,No
CUST-12078,Male,0,Yes,No,2,Fiber optic,No,No,Yes,Yes,No,Yes,Month-to-month,No,Mailed check,95.64,196.77,No
CUST-12079,Female,0,No,No,58,No,No internet service,No internet service,No internet service,No internet service,No internet service,No internet service,One year,No,Bank transfer (automatic),18.95,1118.63,No
CUST-12080,Male,0,No,No,36,Fiber optic,Yes,Yes,Yes,No,No,No,Month-to-month,Yes,Electronic check,90.24,3221.93,Yes
CUST-12081,Female,0,Yes,No,72,Fiber optic,No,No,No,Yes,Yes,No,Month-to-month,Yes,Electronic check,86.1,6203.79,No
CUST-12082,Male,0,No,No,45,DSL,No,No,Yes,Yes,No,Yes,Month-to-month,Yes,Electronic check,72.81,3275.5,No
CUST-12083,Female,0,Yes,No,9,Fiber optic,Yes,Yes,Yes,No,No,No,One year,Yes,Electronic check,89.87,797.48,No
CUST-12084,Male,1,No,No,65,DSL,Yes,Yes,No,Yes,No,Yes,Two year,No,Credit card (automatic),77.92,5043.3,No
CUST-12085,Male,0,No,No,50,No,No internet service,No internet service,No internet service,No internet service,No internet service,No internet service,Month-to-month,Yes,Bank transfer (automatic),24.04,1203.62,No
CUST-12086,Female,1,No,No,32,Fiber optic,No,Yes,No,No,No,No,One year,Yes,Bank transfer (automatic),76.04,2460.02,Yes
CUST-12087,Male,0,Yes,No,43,DSL,No,No,No,No,Yes,Yes,Month-to-month,Yes,Credit card (automatic),71.65,3076.14,No
CUST-12088,Female,0,No,No,54,Fiber optic,Yes,Yes,No,Yes,No,No,Month-to-month,No,Mailed check,91.79,4981.73,No
CUST-12089,Male,0,No,No,47,DSL,No,No,Yes,No,Yes,No,Month-to-month,No,Bank transfer (automatic),66.79,3162.05,No
CUST-12090,Female,1,Yes,No,14,Fiber optic,Yes,Yes,No,No,Yes,No,Month-to-month,No,Credit card (automatic),86.42,1167.1,No
CUST-12091,Female,0,Yes,No,48,DSL,No,Yes,No,No,No,No,Month-to-month,Yes,Bank transfer (automatic),57.88,2761.06,No
CUST-12092,Female,0,Yes,Yes,55,Fiber optic,No,Yes,Yes,No,No,Yes,Two year,No,Mailed check,96.58,5300.92,No
CUST-12093,Female,0,Yes,No,29,Fiber optic,Yes,No,Yes,No,Yes,No,Two year,Yes,Bank transfer (automatic),91.2,2671.28,No
CUST-12094,Male,0,No,No,47,Fiber optic,Yes,Yes,No,No,Yes,Yes,Month-to-month,No,Credit card (automatic),103.98,4886.66,Yes
CUST-12095,Male,0,Yes,No,63,Fiber optic,Yes,Yes,No,No,Yes,Yes,Month-to-month,No,Electronic check,97.5,6168.31,Yes
CUST-12096,Female,0,Yes,No,19,DSL,No,Yes,No,No,Yes,Yes,Two year,Yes,Electronic check,76.45,1449.82,No
CUST-12097,Female,0,No,Yes,9,Fiber optic,Yes,No,No,No,No,No,Month-to-month,Yes,Credit card (automatic),74.14,693.63,Yes
CUST-12098,Female,0,Yes,No,37,Fiber optic,No,Yes,Yes,Yes,No,Yes,One year,Yes,Credit card (automatic),96.27,3571.04,No
CUST-12099,Male,0,Yes,No,52,Fiber optic,No,No,Yes,No,Yes,Yes,Month-to-month,Yes,Mailed check,98.19,5103.97,Yes
CUST-12100,Male,0,Yes,No,57,No,No internet service,No internet service,No internet service,No internet service,No internet service,No internet service,Month-to-month,Yes,Mailed check,18.5,1077.99,No
CUST-12101,Male,0,No,Yes,28,DSL,No,No,Yes,Yes,Yes,Yes,Month-to-month,No,Electronic check,86.13,2401.55,Yes
CUST-12102,Male,1,No,No,36,Fiber optic,No,Yes,No,No,Yes,Yes,Two year,Yes,Mailed check,93.01,3388.77,No
CUST-12103,Female,0,No,No,64,Fiber optic,No,Yes,No,Yes,Yes,Yes,Two year,No,Credit card (automatic),98.98,6305.49,No
CUST-12104,Female,0,Yes,Yes,18,Fiber optic,Yes,No,No,Yes,Yes,Yes,Month-to-month,No,Electronic check,100.86,1806.87,No
CUST-12105,Female,0,No,No,35,Fiber optic,Yes,No,No,Yes,No,No,Two year,No,Mailed check,86.11,3015.87,No
CUST-12106,Male,0,Yes,Yes,68,DSL,Yes,No,Yes,No,Yes,Yes,Month-to-month,Yes,Credit card (automatic),81.52,5528.52,No
CUST-12107,Male,0,Yes,No,39,Fiber optic,No,No,No,Yes,No,Yes,Month-to-month,Yes,Electronic check,88.11,3444.18,Yes
CUST-12108,Male,0,Yes,Yes,8,DSL,No,No,Yes,Yes,No,No,One year,Yes,Bank transfer (automatic),65.42,520.95,No
CUST-12109,Female,0,No,Yes,15,Fiber optic,No,Yes,No,No,No,No,One year,Yes,Mailed check,76.31,1151.25,No
CUST-12110,Female,0,Yes,No,7,Fiber optic,Yes,No,No,Yes,Yes,No,Month-to-month,No,Credit card (automatic),98.62,672.56,Yes
CUST-12111,Male,0,Yes,Yes,17,DSL,Yes,Yes,No,Yes,Yes,No,Month-to-month,Yes,Credit card (automatic),78.88,1320.64,Yes
CUST-12112,Female,0,Yes,Yes,64,Fiber optic,Yes,No,Yes,No,Yes,Yes,Two year,Yes,Mailed check,96.28,6161.35,No
CUST-12113,Male,0,Yes,No,12,DSL,No,Yes,No,No,No,Yes,Two year,Yes,Credit card (automatic),64.88,793.14,No
CUST-12114,Male,1,No,No,56,Fiber optic,No,No,Yes,Yes,No,No,Two year,No,Credit card (automatic),85.2,4808.07,No
CUST-12115,Female,0,Yes,No,46,Fiber optic,Yes,No,No,Yes,No,Yes,Month-to-month,Yes,Credit card (automatic),89.22,4067.57,No
CUST-12116,Male,0,No,No,47,Fiber optic,No,No,No,No,Yes,No,One year,Yes,Mailed check,79.29,3722.69,No
CUST-12117,Female,0,Yes,No,16,No,No internet service,No internet service,No internet service,No internet service,No internet service,No internet service,Month-to-month,Yes,Mailed check,19.32,317.98,No
CUST-12118,Male,0,No,No,69,Fiber optic,Yes,No,No,No,Yes,No,Two year,Yes,Electronic check,90.33,6240.08,No
CUST-12119,Female,0,No,Yes,2,DSL,Yes,Yes,Yes,No,Yes,No,Month-to-month,No,Electronic check,75.97,127.52,Yes
CUST-12120,Female,0,Yes,Yes,54,No,No internet service,No internet service,No internet service,No internet service,No internet service,No internet service,Month-to-month,Yes,Mailed check,22.85,1219.36,No
CUST-12121,Female,0,Yes,No,27,DSL,No,No,Yes,No,Yes,No,Month-to-month,No,Electronic check,66.56,1796.84,Yes
CUST-12122,Male,0,No,No,31,Fiber optic,No,No,No,No,Yes,Yes,Two year,Yes,Bank transfer (automatic),92.58,2923.65,No
CUST-12123,Male,0,No,No,41,No,No internet service,No internet service,No internet service,No internet service,No internet service,No internet service,One year,Yes,Mailed check,24.19,1010.65,No
CUST-12124,Female,0,Yes,No,36,Fiber optic,Yes,No,No,No,No,No,Month-to-month,Yes,Credit card (automatic),76.14,2748.05,No
CUST-12125,Female,0,Yes,No,47,DSL,No,Yes,Yes,No,Yes,Yes,One year,Yes,Credit card (automatic),82.83,3839.14,No
CUST-12126,Male,0,No,Yes,43,DSL,No,No,No,Yes,No,No,Two year,No,Electronic check,61.45,2616.0,No
CUST-12127,Male,0,No,Yes,65,DSL,No,Yes,No,No,No,Yes,Month-to-month,Yes,Mailed check,61.61,3980.07,No
CUST-12128,Male,0,Yes,No,50,Fiber optic,No,No,No,Yes,Yes,Yes,Two year,No,Bank transfer (automatic),98.52,4933.16,No
CUST-12129,Female,0,Yes,No,1,DSL,No,No,Yes,No,No,Yes,Two year,Yes,Electronic check,63.26,63.26,No
CUST-12130,Male,0,Yes,No,72,Fiber optic,Yes,Yes,No,Yes,No,No,Month-to-month,No,Electronic check,91.4,6568.1,No
CUST-12131,Male,0,No,Yes,57,Fiber optic,No,Yes,No,Yes,No,No,Month-to-month,No,Credit card (automatic),84.3,4811.79,No
CUST-12132,Female,0,Yes,No,16,No,No internet service,No internet service,No internet service,No internet service,No internet service,No internet service,Month-to-month,No,Electronic check,19.78,286.27,No
CUST-12133,Male,0,No,No,28,No,No internet service,No internet service,No internet service,No internet service,No internet service,No internet service,Month-to-month,Yes,Credit card (automatic),18.89,512.62,No
CUST-12134,Male,0,Yes,Yes,22,No,No internet service,No internet service,No internet service,No internet service,No internet service,No internet service,Month-to-month,No,Credit card (automatic),22.03,483.34,No
CUST-12135,Male,1,Yes,No,41,DSL,Yes,No,No,Yes,Yes,No,One year,No,Mailed check,67.64,2810.62,No
CUST-12136,Female,0,No,No,19,Fiber optic,Yes,Yes,No,No,No,Yes,One year,Yes,Credit card (automatic),96.71,1855.4,No
CUST-12137,Female,0,No,No,50,DSL,Yes,No,No,No,Yes,Yes,Month-to-month,Yes,Mailed check,74.57,3737.12,No
CUST-12138,Female,0,No,No,59,DSL,No,No,Yes,Yes,No,No,One year,Yes,Credit card (automatic),61.1,3596.89,No
CUST-12139,Female,0,Yes,Yes,69,Fiber optic,Yes,Yes,Yes,Yes,Yes,Yes,One year,Yes,Credit card (automatic),108.11,7459.23,No
CUST-12140,Female,0,No,No,34,No,No internet service,No internet service,No internet service,No internet service,No internet service,No internet service,Two year,Yes,Electronic check,19.5,687.32,No
CUST-12141,Female,1,No,Yes,39,DSL,No,No,No,No,Yes,Yes,Month-to-month,Yes,Bank transfer (automatic),70.69,2793.42,Yes
CUST-12142,Female,1,Yes,No,7,DSL,No,No,No,Yes,No,Yes,One year,No,Bank transfer (automatic),68.92,477.64,No
CUST-12143,Male,0,Yes,No,52,DSL,Yes,No,No,No,Yes,No,Two year,Yes,Electronic check,60.65,3162.81,No
CUST-12144,Male,1,Yes,No,60,Fiber optic,No,No,No,No,Yes,Yes,Month-to-month,No,Credit card (automatic),86.31,5196.88,No
CUST-12145,Female,1,Yes,No,52,No,No internet service,No internet service,No internet service,No internet service,No internet service,No internet service,Month-to-month,Yes,Mailed check,24.07,1259.82,No
CUST-12146,Male,0,No,No,24,DSL,Yes,No,No,No,Yes,No,Month-to-month,No,Mailed check,60.34,1421.97,Yes
CUST-12147,Male,1,Yes,No,26,Fiber optic,Yes,Yes,No,Yes,No,Yes,Two year,Yes,Electronic check,99.33,2567.68,No
CUST-12148,Female,0,No,No,10,No,No internet service,No internet service,No internet service,No internet service,No internet service,No internet service,Month-to-month,No,Bank transfer (automatic),18.84,203.21,No
CUST-12149,Male,0,No,No,17,DSL,Yes,Yes,Yes,Yes,Yes,No,Two year,Yes,Credit card (automatic),84.39,1423.36,No
CUST-12150,Male,0,No,No,2,Fiber optic,Yes,No,No,No,No,Yes,Two year,Yes,Bank transfer (automatic),84.18,204.23,No
CUST-12151,Male,0,No,No,27,DSL,Yes,No,No,Yes,No,No,Month-to-month,No,Bank transfer (automatic),61.38,1651.11,No
CUST-12152,Male,1,Yes,No,71,Fiber optic,No,No,Yes,Yes,Yes,Yes,One year,Yes,Bank transfer (automatic),103.28,7306.2,No
CUST-12153,Male,0,Yes,No,48,Fiber optic,No,Yes,Yes,Yes,No,No,Month-to-month,Yes,Electronic check,94.0,4532.69,No
CUST-12154,Female,0,Yes,No,9,Fiber optic,No,No,No,Yes,No,No,Month-to-month,Yes,Mailed check,76.79,683.91,Yes
CUST-12155,Female,0,No,Yes,23,DSL,Yes,Yes,No,Yes,Yes,No,One year,No,Electronic check,75.34,1727.2,Yes
CUST-12156,Female,1,Yes,Yes,71,DSL,Yes,No,Yes,Yes,No,Yes,One year,Yes,Electronic check,79.75,5679.61,No
CUST-12157,Male,1,No,Yes,27,DSL,No,Yes,Yes,Yes,No,Yes,Month-to-month,No,Electronic check,77.82,2081.33,No
CUST-12158,Female,0,Yes,No,71,Fiber optic,Yes,No,No,Yes,No,No,Two year,Yes,Credit card (automatic),79.74,5663.18,No
CUST-12159,Male,0,Yes,No,43,No,No internet service,No internet service,No internet service,No internet service,No internet service,No internet service,Month-to-month,Yes,Credit card (automatic),24.37,1023.68,No
CUST-12160,Male,0,Yes,No,7,No,No internet service,No internet service,No internet service,No internet service,No internet service,No internet service,Month-to-month,No,Electronic check,19.45,137.67,No
CUST-12161,Male,0,No,No,63,DSL,No,Yes,No,No,No,Yes,Month-to-month,Yes,Electronic check,62.17,3883.94,No
CUST-12162,Male,0,No,No,44,No,No internet service,No internet service,No internet service,No internet service,No internet service,No internet service,Month-to-month,No,Electronic check,19.69,849.54,Yes
CUST-12163,Female,0,Yes,No,39,DSL,No,No,Yes,Yes,No,No,Two year,Yes,Credit card (automatic),65.19,2560.38,No
CUST-12164,Female,0,Yes,Yes,40,Fiber optic,Yes,No,No,No,No,No,One year,Yes,Mailed check,74.38,3001.14,No
CUST-12165,Male,0,Yes,Yes,7,Fiber optic,No,Yes,No,Yes,Yes,No,Month-to-month,Yes,Bank transfer (automatic),92.53,630.01,Yes
CUST-12166,Female,0,No,No,70,DSL,Yes,No,No,Yes,Yes,No,Month-to-month,Yes,Mailed check,68.84,4800.89,Yes
CUST-12167,Male,0,No,No,25,DSL,No,No,Yes,No,Yes,Yes,Month-to-month,No,Bank transfer (automatic),75.75,1895.8,Yes
CUST-12168,Female,0,Yes,No,59,DSL,Yes,Yes,No,No,No,No,Month-to-month,No,Electronic check,58.62,3442.41,Yes
CUST-12169,Female,0,No,Yes,13,Fiber optic,Yes,No,Yes,No,Yes,Yes,One year,Yes,Electronic check,101.63,1339.94,Yes
CUST-12170,Male,0,Yes,No,62,Fiber optic,Yes,No,No,No,Yes,No,Two year,Yes,Electronic check,86.27,5320.94,No
CUST-12171,Female,0,No,Yes,8,Fiber optic,Yes,No,Yes,Yes,No,No,Two year,Yes,Mailed check,95.25,749.46,Yes
CUST-12172,Male,0,Yes,Yes,45,No,No internet service,No internet service,No internet service,No internet service,No internet service,No internet service,Month-to-month,No,Credit card (automatic),22.32,1040.65,No
CUST-12173,Female,0,No,Yes,18,Fiber optic,No,Yes,No,Yes,Yes,No,Month-to-month,No,Electronic check,85.86,1553.04,Yes
CUST-12174,Male,0,Yes,Yes,60,Fiber optic,No,No,Yes,No,No,No,Month-to-month,Yes,Electronic check,77.67,4671.89,Yes
CUST-12175,Male,0,No,No,60,Fiber optic,Yes,No,No,No,No,Yes,Month-to-month,Yes,Credit card (automatic),89.55,5369.2,No
CUST-12176,Female,0,No,Yes,2,DSL,No,No,Yes,No,Yes,No,Month-to-month,Yes,Electronic check,66.57,103.9,Yes
CUST-12177,Female,0,No,No,66,DSL,No,Yes,Yes,No,No,Yes,Month-to-month,No,Electronic check,77.67,5157.2,No
CUST-12178,Male,1,No,No,14,Fiber optic,Yes,Yes,Yes,No,Yes,No,Month-to-month,No,Credit card (automatic),94.69,1329.56,Yes
CUST-12179,Female,0,No,Yes,48,Fiber optic,Yes,Yes,Yes,No,Yes,No,One year,Yes,Bank transfer (automatic),95.37,4596.74,No
CUST-12180,Female,0,Yes,Yes,56,No,No internet service,No internet service,No internet service,No internet service,No internet service,No internet service,One year,Yes,Mailed check,19.49,1085.96,No
CUST-12181,Male,1,Yes,No,12,DSL,Yes,Yes,No,Yes,No,No,Month-to-month,Yes,Bank transfer (automatic),68.56,822.21,No
CUST-12182,Male,0,Yes,Yes,55,DSL,Yes,No,No,No,Yes,Yes,One year,Yes,Bank transfer (automatic),77.51,4255.05,No
CUST-12183,Female,0,No,No,28,DSL,No,Yes,No,No,Yes,No,Month-to-month,No,Electronic check,66.01,1852.4,No
CUST-12184,Male,0,Yes,No,4,DSL,No,No,No,No,Yes,No,Month-to-month,Yes,Bank transfer (automatic),59.67,229.27,No
CUST-12185,Male,0,No,Yes,36,Fiber optic,Yes,Yes,Yes,No,Yes,No,Two year,No,Bank transfer (automatic),105.43,3778.23,No
CUST-12186,Male,0,No,No,50,No,No internet service,No internet service,No internet service,No internet service,No internet service,No internet service,Month-to-month,Yes,Credit card (automatic),18.5,921.04,No
CUST-12187,Female,0,Yes,Yes,3,Fiber optic,No,Yes,Yes,No,Yes,Yes,Two year,Yes,Credit card (automatic),106.87,331.17,Yes
CUST-12188,Female,1,Yes,No,1,Fiber optic,Yes,No,No,No,Yes,Yes,Month-to-month,No,Mailed check,96.25,119.52,Yes
CUST-12189,Male,1,Yes,No,17,Fiber optic,No,No,Yes,Yes,No,Yes,One year,Yes,Bank transfer (automatic),93.9,1569.35,No
CUST-12190,Female,0,Yes,Yes,71,DSL,Yes,Yes,No,No,Yes,Yes,One year,No,Electronic check,81.78,5824.11,No
CUST-12191,Male,0,Yes,Yes,62,No,No internet service,No internet service,No internet service,No internet service,No internet service,No internet service,One year,Yes,Electronic check,18.5,1133.03,No
CUST-12192,Female,0,Yes,No,48,Fiber optic,No,Yes,Yes,Yes,Yes,No,Two year,Yes,Mailed check,101.26,4840.33,No
CUST-12193,Male,1,No,No,62,DSL,No,No,No,No,No,Yes,One year,No,Bank transfer (automatic),59.99,3700.32,No
CUST-12194,Male,1,No,Yes,69,Fiber optic,Yes,No,No,No,No,Yes,One year,Yes,Mailed check,86.43,6015.75,No
CUST-12195,Female,0,Yes,No,19,Fiber optic,Yes,Yes,No,No,Yes,No,Month-to-month,Yes,Mailed check,90.65,1737.24,Yes
CUST-12196,Male,0,Yes,No,34,DSL,No,Yes,No,No,Yes,Yes,Month-to-month,No,Credit card (automatic),81.0,2730.97,No
CUST-12197,Female,0,Yes,No,49,DSL,Yes,Yes,Yes,Yes,No,No,One year,Yes,Credit card (automatic),73.35,3583.1,No
CUST-12198,Female,0,No,Yes,47,Fiber optic,No,No,No,No,Yes,Yes,One year,Yes,Bank transfer (automatic),87.93,4105.56,No
CUST-12199,Male,0,No,No,50,DSL,Yes,No,No,No,No,No,Two year,No,Electronic check,55.72,2759.52,No
CUST-12200,Male,0,Yes,No,26,DSL,No,No,No,No,No,Yes,Month-to-month,Yes,Credit card (automatic),57.58,1469.85,No
CUST-12201,Female,0,Yes,Yes,56,Fiber optic,Yes,Yes,Yes,No,Yes,Yes,Month-to-month,Yes,Credit card (automatic),110.02,6140.27,No
CUST-12202,Male,0,No,No,14,Fiber optic,No,No,No,Yes,No,Yes,One year,Yes,Electronic check,91.94,1302.48,Yes
CUST-12203,Male,0,No,No,25,Fiber optic,No,No,No,Yes,No,No,Two year,Yes,Mailed check,76.44,1932.31,No
CUST-12204,Male,1,Yes,No,4,No,No internet service,No internet service,No internet service,No internet service,No internet service,No internet service,Two year,No,Credit card (automatic),20.26,62.61,No
CUST-12205,Male,0,No,Yes,32,Fiber optic,Yes,Yes,No,No,No,No,Month-to-month,Yes,Bank transfer (automatic),82.96,2646.45,No
CUST-12206,Male,0,Yes,No,65,Fiber optic,Yes,Yes,No,No,Yes,No,Month-to-month,Yes,Mailed check,93.65,6104.02,No
CUST-12207,Female,0,Yes,No,61,No,No internet service,No internet service,No internet service,No internet service,No internet service,No internet service,Month-to-month,Yes,Electronic check,30.43,1856.96,No
CUST-12208,Female,0,No,No,20,Fiber optic,Yes,No,Yes,Yes,Yes,Yes,Month-to-month,Yes,Mailed check,105.93,2125.57,No
CUST-12209,Male,0,No,No,10,DSL,No,No,No,No,Yes,No,Two year,No,Mailed check,64.48,634.44,No
CUST-12210,Male,0,Yes,No,34,DSL,No,Yes,Yes,No,Yes,Yes,Month-to-month,Yes,Electronic check,81.07,2787.0,No
CUST-12211,Male,0,No,No,61,Fiber optic,No,No,No,No,Yes,No,Month-to-month,No,Mailed check,78.2,4804.55,No
CUST-12212,Female,0,Yes,Yes,27,Fiber optic,No,No,Yes,No,No,No,Month-to-month,Yes,Electronic check,77.43,2105.07,Yes
CUST-12213,Male,0,No,No,40,No,No internet service,No internet service,No internet service,No internet service,No internet service,No internet service,Month-to-month,No,Bank transfer (automatic),20.19,795.59,No
CUST-12214,Female,0,Yes,No,65,Fiber optic,Yes,Yes,Yes,Yes,No,No,Two year,Yes,Credit card (automatic),99.75,6457.41,No
CUST-12215,Female,0,No,Yes,33,No,No internet service,No internet service,No internet service,No internet service,No internet service,No internet service,Month-to-month,Yes,Mailed check,18.5,645.41,No
CUST-12216,Female,0,No,No,68,DSL,No,No,Yes,No,Yes,Yes,Month-to-month,No,Bank transfer (automatic),68.07,4635.3,No
CUST-12217,Male,0,Yes,No,71,Fiber optic,Yes,No,No,Yes,No,Yes,Two year,Yes,Mailed check,98.8,7017.17,No
CUST-12218,Female,0,No,Yes,9,No,No internet service,No internet service,No internet service,No internet service,No internet service,No internet service,Month-to-month,Yes,Electronic check,18.5,180.74,No
CUST-12219,Male,0,No,Yes,16,DSL,Yes,No,Yes,No,No,Yes,One year,Yes,Credit card (automatic),75.02,1200.87,No
CUST-12220,Female,0,No,Yes,5,DSL,Yes,No,Yes,No,No,No,Month-to-month,Yes,Electronic check,66.18,325.6,No
CUST-12221,Male,0,Yes,Yes,23,Fiber optic,No,No,Yes,Yes,No,Yes,One year,No,Electronic check,98.4,2307.52,No
CUST-12222,Female,0,No,No,43,Fiber optic,No,No,Yes,Yes,No,No,Month-to-month,Yes,Mailed check,86.53,3744.42,No
CUST-12223,Male,0,No,Yes,57,DSL,Yes,No,No,Yes,Yes,Yes,Month-to-month,No,Bank transfer (automatic),85.24,4891.9,No
CUST-12224,Female,0,Yes,No,51,Fiber optic,No,No,No,Yes,No,No,Month-to-month,Yes,Mailed check,76.43,3929.56,No
CUST-12225,Male,0,No,No,13,DSL,Yes,Yes,No,No,No,No,Month-to-month,No,Electronic check,55.26,678.73,No
CUST-12226,Male,1,Yes,Yes,24,Fiber optic,Yes,Yes,Yes,Yes,No,No,Month-to-month,Yes,Credit card (automatic),94.96,2295.68,Yes
CUST-12227,Male,0,Yes,No,11,No,No internet service,No internet service,No internet service,No internet service,No internet service,No internet service,Month-to-month,No,Mailed check,18.5,213.48,No
CUST-12228,Male,0,No,No,52,DSL,Yes,No,Yes,Yes,Yes,Yes,One year,Yes,Electronic check,87.17,4520.53,No
CUST-12229,Female,0,No,No,17,DSL,Yes,Yes,Yes,Yes,No,Yes,Two year,Yes,Mailed check,86.15,1523.37,No
CUST-12230,Female,0,No,Yes,37,Fiber optic,No,No,No,No,No,Yes,Month-to-month,No,Electronic check,74.15,2746.62,Yes
CUST-12231,Male,0,Yes,Yes,13,Fiber optic,No,Yes,Yes,Yes,Yes,Yes,Month-to-month,Yes,Mailed check,114.76,1481.56,Yes
CUST-12232,Female,0,No,No,62,DSL,No,Yes,No,Yes,No,No,Two year,Yes,Bank transfer (automatic),63.79,3952.23,No
CUST-12233,Male,1,Yes,No,8,Fiber optic,No,Yes,No,No,No,No,One year,No,Credit card (automatic),74.52,608.55,Yes
CUST-12234,Male,0,Yes,No,56,No,No internet service,No internet service,No internet service,No internet service,No internet service,No internet service,Month-to-month,Yes,Electronic check,19.07,1076.86,No
CUST-12235,Female,0,Yes,No,70,DSL,Yes,Yes,Yes,No,No,Yes,Month-to-month,Yes,Electronic check,77.53,5416.57,No
CUST-12236,Male,0,No,Yes,44,DSL,Yes,Yes,Yes,No,No,No,Month-to-month,Yes,Electronic check,64.89,2871.97,No
CUST-12237,Male,0,No,No,60,Fiber optic,No,No,No,No,No,No,Month-to-month,No,Electronic check,66.88,4013.47,No
CUST-12238,Female,0,No,Yes,41,Fiber optic,No,Yes,No,No,Yes,No,Two year,Yes,Electronic check,82.08,3360.26,No
CUST-12239,Male,0,No,Yes,21,DSL,Yes,No,No,Yes,No,No,One year,No,Electronic check,58.74,1229.38,No
CUST-12240,Male,0,Yes,No,42,Fiber optic,No,Yes,Yes,No,Yes,No,One year,No,Electronic check,90.43,3774.75,Yes
CUST-12241,Male,0,No,Yes,29,No,No internet service,No internet service,No internet service,No internet service,No internet service,No internet service,Month-to-month,No,Bank transfer (automatic),19.56,547.91,No
CUST-12242,Male,1,Yes,No,65,DSL,No,No,Yes,Yes,No,Yes,Month-to-month,Yes,Mailed check,78.3,5068.44,Yes
CUST-12243,Female,1,Yes,No,17,Fiber optic,No,No,No,Yes,Yes,Yes,Two year,No,Electronic check,93.27,1537.93,Yes
CUST-12244,Female,0,Yes,Yes,30,DSL,Yes,No,No,No,No,Yes,Month-to-month,Yes,Mailed check,67.75,2039.34,No
CUST-12245,Female,0,No,No,26,Fiber optic,No,No,No,Yes,No,No,Month-to-month,No,Electronic check,73.17,1882.06,No
CUST-12246,Male,1,Yes,No,53,Fiber optic,No,Yes,Yes,Yes,Yes,No,Month-to-month,Yes,Bank transfer (automatic),101.29,5360.11,No
CUST-12247,Male,1,No,No,19,Fiber optic,No,No,Yes,Yes,No,No,One year,No,Mailed check,80.45,1522.51,Yes
CUST-12248,Female,0,Yes,Yes,53,Fiber optic,No,Yes,No,No,No,No,Month-to-month,Yes,Electronic check,72.21,3807.4,Yes
CUST-12249,Male,0,Yes,No,17,DSL,No,No,No,Yes,No,Yes,Month-to-month,Yes,Electronic check,68.95,1164.85,Yes
CUST-12250,Male,0,No,No,46,Fiber optic,Yes,No,No,No,Yes,No,Two year,Yes,Electronic check,85.91,3953.46,No
CUST-12251,Male,0,Yes,No,53,Fiber optic,No,No,No,No,No,Yes,One year,Yes,Credit card (automatic),82.25,4345.34,No
CUST-12252,Male,1,No,Yes,64,DSL,Yes,Yes,Yes,Yes,No,Yes,Month-to-month,Yes,Credit card (automatic),83.21,5307.11,No
CUST-12253,Female,0,No,No,45,No,No internet service,No internet service,No internet service,No internet service,No internet service,No internet service,One year,Yes,Electronic check,22.99,1022.35,No
CUST-12254,Female,1,Yes,Yes,49,DSL,Yes,Yes,No,No,Yes,Yes,Month-to-month,Yes,Bank transfer (automatic),85.69,4217.84,No
CUST-12255,Female,0,No,No,19,Fiber optic,No,No,No,No,No,No,Month-to-month,No,Electronic check,70.7,1331.95,Yes
CUST-12256,Male,1,Yes,Yes,71,Fiber optic,Yes,No,No,Yes,Yes,No,One year,Yes,Electronic check,87.64,6225.8,No
CUST-12257,Female,0,Yes,No,65,Fiber optic,Yes,No,No,Yes,Yes,No,Month-to-month,Yes,Electronic check,87.21,5658.64,Yes
CUST-12258,Female,1,No,No,37,DSL,Yes,Yes,Yes,No,No,Yes,Month-to-month,No,Credit card (automatic),78.46,2900.89,Yes
CUST-12259,Male,0,Yes,Yes,70,DSL,Yes,Yes,Yes,No,Yes,No,One year,No,Mailed check,76.28,5356.55,No
CUST-12260,Male,0,No,Yes,26,DSL,No,Yes,No,Yes,Yes,No,Two year,Yes,Credit card (automatic),71.01,1828.3,No
CUST-12261,Female,0,No,No,2,Fiber optic,Yes,Yes,No,Yes,No,Yes,Month-to-month,Yes,Mailed check,98.5,241.56,Yes
CUST-12262,Female,1,No,No,59,Fiber optic,Yes,No,Yes,No,Yes,Yes,Month-to-month,Yes,Electronic check,100.93,5962.01,Yes
CUST-12263,Female,0,Yes,No,5,Fiber optic,Yes,Yes,No,Yes,No,Yes,Month-to-month,No,Bank transfer (automatic),98.52,496.68,Yes
CUST-12264,Female,1,Yes,No,37,No,No internet service,No internet service,No internet service,No internet service,No internet service,No internet service,Month-to-month,No,Credit card (automatic),18.5,663.52,No
CUST-12265,Male,1,No,Yes,31,No,No internet service,No internet service,No internet service,No internet service,No internet service,No internet service,Month-to-month,No,Credit card (automatic),25.94,817.15,Yes
CUST-12266,Female,0,Yes,No,48,Fiber optic,Yes,Yes,No,Yes,Yes,No,Month-to-month,Yes,Bank transfer (automatic),95.74,4628.79,Yes
CUST-12267,Female,0,No,No,6,Fiber optic,Yes,Yes,Yes,Yes,No,Yes,One year,No,Electronic check,105.19,616.03,No
CUST-12268,Male,0,No,No,15,DSL,No,Yes,No,Yes,No,Yes,Month-to-month,Yes,Electronic check,67.87,997.97,No
CUST-12269,Female,0,Yes,No,15,No,No internet service,No internet service,No internet service,No internet service,No internet service,No internet service,Month-to-month,Yes,Electronic check,18.5,278.44,No
CUST-12270,Male,0,Yes,No,61,No,No internet service,No internet service,No internet service,No internet service,No internet service,No internet service,Month-to-month,Yes,Mailed check,18.5,1108.3,No
CUST-12271,Male,0,No,No,16,DSL,No,No,Yes,No,Yes,Yes,Month-to-month,Yes,Credit card (automatic),75.39,1197.22,Yes
CUST-12272,Male,0,No,Yes,20,Fiber optic,Yes,Yes,Yes,Yes,No,Yes,Two year,No,Bank transfer (automatic),105.25,2121.73,No
CUST-12273,Female,0,Yes,No,44,No,No internet service,No internet service,No internet service,No internet service,No internet service,No internet service,Month-to-month,No,Credit card (automatic),18.73,859.49,No
CUST-12274,Female,0,Yes,No,42,DSL,Yes,No,No,No,No,No,Two year,No,Electronic check,53.36,2258.73,No
CUST-12275,Male,0,Yes,Yes,46,Fiber optic,Yes,No,No,No,Yes,No,Two year,Yes,Bank transfer (automatic),85.64,3922.23,No
CUST-12276,Female,1,No,No,34,DSL,No,Yes,No,Yes,No,No,Two year,No,Credit card (automatic),64.87,2200.06,No
CUST-12277,Female,0,Yes,No,64,Fiber optic,Yes,No,No,Yes,Yes,No,Month-to-month,No,Mailed check,85.85,5487.42,No
CUST-12278,Male,1,No,No,29,DSL,No,Yes,No,No,Yes,Yes,Two year,Yes,Mailed check,79.17,2297.93,No
CUST-12279,Male,0,Yes,No,3,DSL,No,No,No,Yes,No,Yes,Month-to-month,No,Bank transfer (automatic),68.78,224.02,Yes
CUST-12280,Female,0,No,No,9,DSL,No,Yes,No,No,No,Yes,Month-to-month,No,Mailed check,60.12,525.06,No
CUST-12281,Male,0,Yes,Yes,25,No,No internet service,No internet service,No internet service,No internet service,No internet service,No internet service,Month-to-month,Yes,Credit card (automatic),22.7,611.26,No
CUST-12282,Female,0,No,No,42,Fiber optic,No,No,No,No,Yes,Yes,Month-to-month,No,Mailed check,93.06,3887.71,No
CUST-12283,Female,0,Yes,No,46,Fiber optic,Yes,Yes,Yes,No,No,No,Month-to-month,No,Electronic check,82.03,3756.77,Yes
CUST-12284,Female,0,No,No,59,Fiber optic,No,Yes,No,Yes,Yes,Yes,Month-to-month,No,Mailed check,103.06,6064.53,Yes
CUST-12285,Female,0,Yes,No,21,DSL,No,No,Yes,Yes,No,No,Month-to-month,No,Electronic check,65.79,1430.79,No
CUST-12286,Male,0,No,Yes,22,No,No internet service,No internet service,No internet service,No internet service,No internet service,No internet service,One year,Yes,Mailed check,23.21,543.3,No
CUST-12287,Male,0,No,No,29,No,No internet service,No internet service,No internet service,No internet service,No internet service,No internet service,Month-to-month,No,Electronic check,21.47,606.33,No
CUST-12288,Male,0,Yes,No,63,Fiber optic,No,Yes,No,Yes,Yes,Yes,Month-to-month,No,Credit card (automatic),102.31,6436.32,No
CUST-12289,Male,0,No,No,61,Fiber optic,No,Yes,No,Yes,Yes,No,Two year,Yes,Credit card (automatic),90.75,5533.84,No
CUST-12290,Female,0,No,No,64,Fiber optic,Yes,No,No,No,Yes,No,Month-to-month,Yes,Electronic check,80.56,5146.21,No
CUST-12291,Female,0,Yes,No,69,DSL,No,No,No,No,No,Yes,One year,No,Electronic check,57.22,3966.2,No
CUST-12292,Male,0,Yes,No,40,DSL,Yes,No,No,No,No,Yes,Two year,Yes,Mailed check,66.61,2674.2,No
CUST-12293,Female,0,Yes,No,1,Fiber optic,Yes,Yes,Yes,No,No,No,Month-to-month,No,Bank transfer (automatic),90.76,94.81,Yes
CUST-12294,Female,1,No,No,65,No,No internet service,No internet service,No internet service,No internet service,No internet service,No internet service,Month-to-month,No,Electronic check,18.87,1242.95,No
CUST-12295,Female,0,No,No,62,DSL,Yes,Yes,No,Yes,No,Yes,Two year,Yes,Electronic check,82.29,5110.76,No
CUST-12296,Male,0,Yes,No,54,Fiber optic,Yes,No,No,Yes,No,Yes,Two year,Yes,Mailed check,94.22,5101.34,No
CUST-12297,Male,0,Yes,No,60,DSL,Yes,No,No,Yes,No,Yes,One year,Yes,Bank transfer (automatic),80.58,4838.26,No
CUST-12298,Male,0,No,No,46,DSL,No,No,Yes,Yes,No,No,Month-to-month,Yes,Electronic check,59.5,2771.44,No
CUST-12299,Female,0,No,Yes,5,Fiber optic,No,No,Yes,No,No,Yes,Two year,No,Bank transfer (automatic),86.34,434.33,No
CUST-12300,Male,0,Yes,No,22,DSL,No,Yes,Yes,No,No,No,Month-to-month,Yes,Credit card (automatic),63.64,1397.11,Yes
CUST-12301,Male,0,No,Yes,53,No,No internet service,No internet service,No internet service,No internet service,No internet service,No internet service,Month-to-month,Yes,Electronic check,25.54,1369.57,No
CUST-12302,Male,0,No,No,70,Fiber optic,Yes,Yes,Yes,No,No,Yes,Month-to-month,No,Mailed check,93.64,6566.16,Yes
CUST-12303,Male,0,Yes,No,32,DSL,No,No,No,No,No,No,Month-to-month,No,Electronic check,47.1,1506.79,No
CUST-12304,Male,0,No,No,11,Fiber optic,Yes,No,No,No,No,No,One year,Yes,Electronic check,75.17,794.1,No
CUST-12305,Male,0,Yes,No,10,Fiber optic,No,Yes,No,Yes,Yes,No,Two year,No,Electronic check,90.33,931.5,Yes
CUST-12306,Female,0,Yes,Yes,39,DSL,No,No,No,No,No,Yes,One year,Yes,Mailed check,59.25,2335.6,No
CUST-12307,Female,0,Yes,No,31,Fiber optic,Yes,No,Yes,Yes,No,No,Month-to-month,No,Credit card (automatic),85.09,2620.79,No
CUST-12308,Male,0,No,No,12,Fiber optic,No,No,Yes,Yes,Yes,Yes,One year,Yes,Bank transfer (automatic),108.59,1311.4,No
CUST-12309,Male,0,No,No,38,DSL,No,Yes,No,No,Yes,Yes,One year,Yes,Electronic check,81.04,3069.07,Yes
CUST-12310,Female,0,Yes,Yes,67,No,No internet service,No internet service,No internet service,No internet service,No internet service,No internet service,Month-to-month,No,Electronic check,25.15,1695.62,No
CUST-12311,Female,0,Yes,No,66,DSL,No,No,Yes,No,Yes,No,Two year,Yes,Mailed check,67.46,4474.67,No
CUST-12312,Male,0,Yes,No,52,DSL,No,No,No,No,No,No,Two year,Yes,Electronic check,50.53,2624.95,No
CUST-12313,Male,0,No,No,5,Fiber optic,No,No,Yes,Yes,Yes,No,One year,No,Electronic check,94.96,489.03,No
CUST-12314,Male,0,Yes,No,11,DSL,Yes,No,Yes,Yes,Yes,Yes,Month-to-month,No,Mailed check,92.58,990.2,No
CUST-12315,Male,0,No,No,25,Fiber optic,No,No,Yes,No,Yes,Yes,One year,Yes,Credit card (automatic),100.78,2502.29,No
CUST-12316,Female,0,Yes,No,35,Fiber optic,No,Yes,Yes,No,Yes,Yes,Two year,No,Electronic check,105.14,3697.92,Yes
CUST-12317,Male,0,Yes,No,35,DSL,Yes,Yes,Yes,Yes,Yes,Yes,Month-to-month,No,Bank transfer (automatic),96.73,3372.77,No
CUST-12318,Male,0,Yes,No,22,No,No internet service,No internet service,No internet service,No internet service,No internet service,No internet service,Two year,No,Electronic check,22.12,470.1,No
CUST-12319,Male,1,Yes,Yes,37,Fiber optic,Yes,No,No,No,No,No,Month-to-month,Yes,Bank transfer (automatic),74.97,2759.39,No
CUST-12320,Male,0,No,No,55,Fiber optic,No,Yes,Yes,Yes,Yes,No,One year,No,Mailed check,96.98,5312.33,No
CUST-12321,Female,0,Yes,No,72,Fiber optic,No,Yes,No,No,No,No,One year,No,Credit card (automatic),74.23,5364.65,No
CUST-12322,Female,1,Yes,Yes,64,DSL,Yes,No,No,No,Yes,No,One year,No,Mailed check,65.64,4222.53,No
CUST-12323,Female,1,Yes,Yes,20,Fiber optic,No,No,Yes,No,No,Yes,Two year,Yes,Mailed check,84.39,1672.59,Yes
CUST-12324,Male,1,Yes,No,4,No,No internet service,No internet service,No internet service,No internet service,No internet service,No internet service,Month-to-month,No,Electronic check,18.5,51.86,No
CUST-12325,Male,0,Yes,Yes,18,DSL,No,Yes,Yes,Yes,Yes,Yes,Month-to-month,Yes,Electronic check,92.85,1669.42,No
CUST-12326,Female,0,Yes,No,51,Fiber optic,No,No,No,No,Yes,Yes,One year,No,Mailed check,92.04,4670.64,No
CUST-12327,Male,0,No,Yes,68,Fiber optic,Yes,No,No,Yes,No,No,Month-to-month,No,Credit card (automatic),83.89,5718.64,No
CUST-12328,Male,0,No,No,20,DSL,Yes,No,Yes,No,No,No,Month-to-month,Yes,Mailed check,60.51,1210.4,No
CUST-12329,Female,0,Yes,Yes,9,Fiber optic,No,No,Yes,Yes,No,Yes,Month-to-month,Yes,Bank transfer (automatic),93.99,838.65,Yes
CUST-12330,Female,0,Yes,Yes,26,DSL,Yes,Yes,Yes,Yes,No,Yes,Month-to-month,Yes,Electronic check,88.1,2311.03,No
CUST-12331,Female,0,No,No,25,DSL,No,No,No,No,No,Yes,One year,No,Mailed check,57.3,1413.63,No
CUST-12332,Female,0,Yes,No,68,DSL,No,Yes,No,Yes,Yes,Yes,One year,Yes,Electronic check,79.64,5406.99,No
CUST-12333,Male,1,Yes,Yes,41,Fiber optic,No,Yes,No,No,Yes,No,Month-to-month,No,Electronic check,87.52,3564.38,No
CUST-12334,Male,0,Yes,No,59,DSL,Yes,No,No,No,Yes,No,Month-to-month,No,Mailed check,64.64,3786.18,No
CUST-12335,Female,0,Yes,No,45,No,No internet service,No internet service,No internet service,No internet service,No internet service,No internet service,Month-to-month,No,Bank transfer (automatic),23.92,1058.27,No
CUST-12336,Male,0,No,No,41,Fiber optic,Yes,Yes,Yes,No,No,Yes,Month-to-month,No,Mailed check,94.8,3870.61,No
CUST-12337,Female,0,Yes,No,38,DSL,No,No,No,No,No,Yes,Month-to-month,Yes,Bank transfer (automatic),63.22,2384.32,No
CUST-12338,Female,0,No,No,19,Fiber optic,No,Yes,Yes,Yes,No,Yes,Month-to-month,No,Bank transfer (automatic),99.25,1883.92,Yes
CUST-12339,Male,0,Yes,No,14,Fiber optic,No,Yes,Yes,No,No,No,One year,Yes,Electronic check,85.35,1192.91,Yes
CUST-12340,Female,1,Yes,No,21,DSL,Yes,Yes,Yes,No,Yes,Yes,One year,Yes,Credit card (automatic),84.13,1735.7,No
CUST-12341,Male,0,No,Yes,15,DSL,Yes,Yes,Yes,No,No,Yes,Month-to-month,Yes,Electronic check,73.18,1113.64,Yes
CUST-12342,Male,0,Yes,No,3,DSL,No,Yes,No,No,No,Yes,One year,No,Electronic check,67.05,170.83,No
CUST-12343,Male,0,No,No,37,DSL,No,No,No,Yes,No,No,Two year,No,Electronic check,57.17,2080.74,No
CUST-12344,Male,0,Yes,No,46,No,No internet service,No internet service,No internet service,No internet service,No internet service,No internet service,Month-to-month,Yes,Electronic check,20.48,962.8,No
CUST-12345,Female,0,No,No,16,Fiber optic,Yes,Yes,No,No,No,Yes,Month-to-month,No,Bank transfer (automatic),88.07,1387.06,Yes
CUST-12346,Male,0,Yes,No,14,No,No internet service,No internet service,No internet service,No internet service,No internet service,No internet service,One year,No,Credit card (automatic),20.98,300.86,No
CUST-12347,Female,0,No,No,9,Fiber optic,No,Yes,No,Yes,Yes,Yes,Month-to-month,Yes,Electronic check,107.82,958.7,Yes
CUST-12348,Female,0,Yes,No,7,DSL,No,Yes,No,No,Yes,Yes,One year,No,Electronic check,79.29,534.93,Yes
CUST-12349,Female,0,No,No,14,No,No internet service,No internet service,No internet service,No internet service,No internet service,No internet service,Two year,Yes,Electronic check,18.5,235.29,No
CUST-12350,Female,0,Yes,No,6,DSL,Yes,Yes,No,No,Yes,No,Month-to-month,Yes,Bank transfer (automatic),67.23,410.99,No
CUST-12351,Male,0,No,No,15,DSL,Yes,No,No,Yes,No,No,One year,No,Mailed check,62.99,926.18,No
CUST-12352,Male,0,Yes,No,52,Fiber optic,No,No,No,Yes,No,No,One year,Yes,Mailed check,80.54,4209.99,No
CUST-12353,Female,0,No,Yes,72,DSL,No,No,Yes,No,No,No,Month-to-month,Yes,Bank transfer (automatic),51.94,3709.23,No
CUST-12354,Female,0,Yes,No,34,DSL,No,No,Yes,Yes,No,No,Month-to-month,No,Mailed check,66.83,2300.52,Yes
CUST-12355,Male,0,Yes,No,1,Fiber optic,No,Yes,Yes,Yes,No,Yes,Two year,No,Credit card (automatic),107.03,107.03,Yes
CUST-12356,Female,0,Yes,No,69,No,No internet service,No internet service,No internet service,No internet service,No internet service,No internet service,Two year,No,Electronic check,21.92,1518.18,No
CUST-12357,Male,0,Yes,Yes,20,DSL,No,No,Yes,Yes,Yes,Yes,One year,Yes,Credit card (automatic),80.33,1583.09,No
CUST-12358,Female,1,Yes,No,7,DSL,Yes,No,No,Yes,No,No,Two year,Yes,Electronic check,59.6,385.37,No
CUST-12359,Male,1,No,No,7,Fiber optic,Yes,No,Yes,Yes,No,Yes,Month-to-month,No,Electronic check,97.93,683.51,Yes
CUST-12360,Female,0,No,No,50,Fiber optic,Yes,Yes,No,Yes,No,No,Month-to-month,Yes,Bank transfer (automatic),88.56,4441.52,No
CUST-12361,Female,0,Yes,No,2,DSL,Yes,Yes,Yes,Yes,Yes,Yes,Month-to-month,Yes,Bank transfer (automatic),97.05,190.19,No
CUST-12362,Male,0,No,No,47,No,No internet service,No internet service,No internet service,No internet service,No internet service,No internet service,Month-to-month,Yes,Credit card (automatic),22.16,1040.64,No
CUST-12363,Female,0,No,Yes,14,Fiber optic,Yes,Yes,No,Yes,No,Yes,Two year,No,Electronic check,98.1,1377.47,No
CUST-12364,Female,0,Yes,Yes,31,Fiber optic,No,No,Yes,No,Yes,No,Two year,Yes,Credit card (automatic),87.77,2733.21,Yes
CUST-12365,Male,0,No,No,50,No,No internet service,No internet service,No internet service,No internet service,No internet service,No internet service,Two year,Yes,Electronic check,18.5,957.91,No
CUST-12366,Female,0,No,No,61,No,No internet service,No internet service,No internet service,No internet service,No internet service,No internet service,One year,Yes,Electronic check,18.5,1113.61,No
CUST-12367,Male,1,No,Yes,41,DSL,No,Yes,No,No,Yes,No,Month-to-month,Yes,Electronic check,68.65,2824.22,No
CUST-12368,Male,0,Yes,Yes,14,DSL,No,Yes,No,No,No,Yes,Month-to-month,Yes,Credit card (automatic),67.36,931.58,No
CUST-12369,Female,0,No,Yes,5,Fiber optic,No,No,No,No,Yes,Yes,Month-to-month,Yes,Bank transfer (automatic),91.73,455.16,Yes
CUST-12370,Female,0,Yes,No,5,No,No internet service,No internet service,No internet service,No internet service,No internet service,No internet service,One year,Yes,Mailed check,18.5,106.14,No
CUST-12371,Female,0,Yes,Yes,64,Fiber optic,No,Yes,No,No,No,Yes,Month-to-month,Yes,Electronic check,85.89,5500.58,No
CUST-12372,Female,0,Yes,No,29,Fiber optic,No,No,No,No,Yes,No,Two year,Yes,Electronic check,80.26,2312.62,No
CUST-12373,Female,1,No,No,5,Fiber optic,Yes,No,No,Yes,No,No,Two year,Yes,Electronic check,83.97,421.94,No
CUST-12374,Female,0,No,Yes,36,DSL,No,Yes,No,No,No,No,Month-to-month,Yes,Mailed check,59.05,2132.86,Yes
CUST-12375,Female,0,No,No,19,No,No internet service,No internet service,No internet service,No internet service,No internet service,No internet service,Month-to-month,Yes,Bank transfer (automatic),20.14,395.27,No
CUST-12376,Male,0,Yes,Yes,64,Fiber optic,No,No,Yes,No,No,No,One year,Yes,Bank transfer (automatic),81.77,5256.11,No
CUST-12377,Female,1,Yes,No,22,No,No internet service,No internet service,No internet service,No internet service,No internet service,No internet service,Month-to-month,Yes,Credit card (automatic),18.5,442.85,No
CUST-12378,Male,0,Yes,Yes,34,Fiber optic,Yes,Yes,Yes,No,Yes,Yes,One year,No,Electronic check,107.08,3640.77,No
CUST-12379,Female,0,Yes,No,56,No,No internet service,No internet service,No internet service,No internet service,No internet service,No internet service,One year,Yes,Electronic check,23.1,1271.54,No
CUST-12380,Female,0,Yes,No,17,DSL,No,Yes,No,No,No,Yes,Month-to-month,No,Mailed check,63.76,1090.25,No
CUST-12381,Male,0,No,Yes,56,Fiber optic,Yes,Yes,No,Yes,Yes,No,Month-to-month,Yes,Bank transfer (automatic),101.5,5657.24,No
CUST-12382,Female,0,No,Yes,17,No,No internet service,No internet service,No internet service,No internet service,No internet service,No internet service,Month-to-month,Yes,Mailed check,20.29,382.97,No
CUST-12383,Female,0,Yes,No,18,Fiber optic,Yes,No,No,Yes,No,No,Two year,No,Credit card (automatic),88.69,1585.27,No
CUST-12384,Male,0,Yes,Yes,45,Fiber optic,Yes,Yes,No,Yes,No,No,Month-to-month,Yes,Bank transfer (automatic),88.55,4004.45,Yes
CUST-12385,Female,0,Yes,No,56,DSL,Yes,No,Yes,Yes,No,Yes,Two year,Yes,Electronic check,79.58,4462.79,No
CUST-12386,Female,1,Yes,No,50,Fiber optic,No,No,Yes,Yes,Yes,No,One year,No,Electronic check,100.4,5024.89,No
CUST-12387,Female,0,No,No,58,No,No internet service,No internet service,No internet service,No internet service,No internet service,No internet service,One year,Yes,Bank transfer (automatic),18.92,1065.74,No
CUST-12388,Male,0,No,No,18,DSL,Yes,Yes,No,No,Yes,No,Month-to-month,Yes,Bank transfer (automatic),74.17,1319.29,No
CUST-12389,Female,0,No,No,7,Fiber optic,Yes,Yes,Yes,No,Yes,Yes,One year,Yes,Electronic check,108.92,754.55,Yes
CUST-12390,Female,0,Yes,No,10,Fiber optic,Yes,No,Yes,Yes,No,Yes,One year,No,Electronic check,103.26,1025.12,No
CUST-12391,Female,1,Yes,No,69,DSL,No,No,Yes,No,Yes,Yes,Month-to-month,No,Bank transfer (automatic),75.95,5242.41,No
CUST-12392,Female,0,Yes,Yes,3,DSL,No,Yes,Yes,Yes,No,No,One year,Yes,Bank transfer (automatic),70.68,198.81,No
CUST-12393,Male,0,No,Yes,44,Fiber optic,Yes,Yes,No,No,Yes,No,One year,Yes,Electronic check,89.9,3965.4,No
CUST-12394,Male,0,No,No,70,DSL,Yes,No,No,Yes,No,No,Two year,No,Mailed check,57.08,3993.67,No
CUST-12395,Female,0,Yes,No,14,No,No internet service,No internet service,No internet service,No internet service,No internet service,No internet service,Month-to-month,Yes,Electronic check,19.2,281.95,No
CUST-12396,Female,0,Yes,No,4,Fiber optic,No,Yes,No,Yes,Yes,Yes,Two year,Yes,Credit card (automatic),113.61,424.74,No
CUST-12397,Male,0,Yes,Yes,18,Fiber optic,No,Yes,No,No,No,Yes,Month-to-month,No,Electronic check,83.8,1524.02,Yes
CUST-12398,Male,0,No,No,52,DSL,Yes,No,No,Yes,No,Yes,Two year,Yes,Bank transfer (automatic),73.44,3851.47,No
CUST-12399,Female,1,No,Yes,38,Fiber optic,No,Yes,Yes,No,Yes,No,Two year,No,Mailed check,96.57,3666.47,No
CUST-12400,Male,0,No,Yes,20,Fiber optic,Yes,Yes,No,Yes,Yes,Yes,Month-to-month,No,Electronic check,110.56,2235.34,Yes
CUST-12401,Female,0,No,No,44,DSL,Yes,Yes,No,No,No,Yes,Month-to-month,No,Mailed check,70.77,3113.32,No
CUST-12402,Male,0,Yes,Yes,51,Fiber optic,No,Yes,Yes,Yes,Yes,No,One year,Yes,Electronic check,98.32,5005.95,No
CUST-12403,Male,0,Yes,No,19,No,No internet service,No internet service,No internet service,No internet service,No internet service,No internet service,Month-to-month,Yes,Bank transfer (automatic),24.33,466.49,No
CUST-12404,Male,0,Yes,No,68,DSL,Yes,No,No,Yes,Yes,No,Month-to-month,Yes,Mailed check,76.33,5221.82,No
CUST-12405,Male,0,Yes,No,66,Fiber optic,Yes,No,No,No,No,No,Month-to-month,Yes,Electronic check,79.26,5260.94,No
CUST-12406,Female,0,No,No,13,No,No internet service,No internet service,No internet service,No internet service,No internet service,No internet service,Two year,Yes,Electronic check,23.96,280.86,No
CUST-12407,Male,0,No,Yes,62,DSL,No,Yes,Yes,No,No,No,Two year,Yes,Bank transfer (automatic),58.72,3620.07,No
CUST-12408,Male,0,Yes,Yes,61,No,No internet service,No internet service,No internet service,No internet service,No internet service,No internet service,One year,Yes,Electronic check,18.94,1153.6,No
CUST-12409,Female,1,No,No,30,Fiber optic,No,Yes,No,Yes,No,No,One year,Yes,Mailed check,84.93,2533.76,No
CUST-12410,Male,0,Yes,No,30,DSL,Yes,No,No,No,Yes,Yes,One year,Yes,Electronic check,72.15,2172.15,No
CUST-12411,Male,0,Yes,No,51,DSL,No,Yes,Yes,No,No,Yes,Month-to-month,Yes,Credit card (automatic),71.11,3623.84,No
CUST-12412,Female,0,Yes,Yes,48,DSL,Yes,No,No,No,Yes,No,Month-to-month,Yes,Mailed check,66.92,3203.09,No
CUST-12413,Male,0,Yes,No,33,DSL,Yes,Yes,No,No,No,No,One year,Yes,Bank transfer (automatic),62.8,2111.95,No
CUST-12414,Female,0,Yes,No,19,DSL,No,No,No,No,Yes,No,Two year,No,Electronic check,65.28,1255.97,No
CUST-12415,Female,0,Yes,No,71,DSL,No,Yes,No,Yes,Yes,Yes,One year,No,Electronic check,81.84,5824.94,No
CUST-12416,Female,0,Yes,No,57,DSL,Yes,Yes,No,No,No,No,One year,Yes,Electronic check,58.21,3301.83,No
CUST-12417,Female,0,No,Yes,19,Fiber optic,No,No,No,No,Yes,Yes,One year,Yes,Electronic check,96.29,1828.77,No
CUST-12418,Male,0,Yes,Yes,41,No,No internet service,No internet service,No internet service,No internet service,No internet service,No internet service,Month-to-month,Yes,Bank transfer (automatic),19.26,786.92,No
CUST-12419,Female,0,Yes,No,42,No,No internet service,No internet service,No internet service,No internet service,No internet service,No internet service,One year,Yes,Mailed check,18.5,778.88,No
CUST-12420,Male,0,Yes,No,52,Fiber optic,No,Yes,Yes,No,No,Yes,Month-to-month,Yes,Mailed check,94.2,4889.59,Yes
CUST-12421,Male,0,No,Yes,4,No,No internet service,No internet service,No internet service,No internet service,No internet service,No internet service,Month-to-month,No,Bank transfer (automatic),18.5,92.45,No
CUST-12422,Male,0,Yes,No,4,DSL,No,Yes,No,No,Yes,No,One year,Yes,Electronic check,64.84,285.98,No
CUST-12423,Male,0,No,Yes,5,DSL,No,Yes,Yes,Yes,No,Yes,One year,No,Electronic check,76.75,399.06,No
CUST-12424,Male,0,Yes,Yes,41,DSL,Yes,No,Yes,Yes,No,Yes,Month-to-month,Yes,Credit card (automatic),83.33,3414.53,No
CUST-12425,Male,0,No,No,61,Fiber optic,No,No,No,No,No,No,One year,Yes,Mailed check,71.22,4336.36,No
CUST-12426,Male,0,No,Yes,55,No,No internet service,No internet service,No internet service,No internet service,No internet service,No internet service,One year,Yes,Bank transfer (automatic),18.5,1039.15,No
CUST-12427,Male,0,Yes,No,13,Fiber optic,Yes,Yes,No,Yes,No,No,One year,No,Electronic check,89.6,1171.28,No
CUST-12428,Male,0,Yes,No,14,Fiber optic,Yes,No,No,Yes,No,Yes,Two year,Yes,Mailed check,95.01,1341.27,No
CUST-12429,Male,0,Yes,Yes,60,Fiber optic,No,No,No,Yes,Yes,No,Month-to-month,Yes,Electronic check,87.37,5248.32,Yes
CUST-12430,Female,0,No,Yes,72,DSL,No,No,No,No,Yes,No,Two year,No,Credit card (automatic),64.97,4662.98,No
CUST-12431,Female,0,Yes,No,25,Fiber optic,No,Yes,No,No,Yes,Yes,One year,Yes,Bank transfer (automatic),99.12,2509.27,Yes
CUST-12432,Female,0,Yes,Yes,44,Fiber optic,No,Yes,No,No,Yes,No,One year,Yes,Electronic check,84.55,3769.28,No
CUST-12433,Male,0,No,No,10,DSL,Yes,Yes,Yes,No,Yes,Yes,One year,Yes,Credit card (automatic),87.32,864.56,Yes
CUST-12434,Female,0,Yes,No,71,DSL,No,No,Yes,Yes,No,No,Month-to-month,Yes,Mailed check,61.29,4350.8,No
CUST-12435,Female,0,No,No,50,Fiber optic,No,Yes,Yes,No,No,No,Month-to-month,Yes,Bank transfer (automatic),77.91,3887.89,No
CUST-12436,Female,1,No,No,44,Fiber optic,No,No,Yes,No,Yes,Yes,One year,Yes,Electronic check,94.39,4139.9,Yes
CUST-12437,Male,0,Yes,Yes,14,DSL,No,No,Yes,No,Yes,Yes,Month-to-month,Yes,Electronic check,74.89,1060.39,Yes
CUST-12438,Male,0,Yes,Yes,15,Fiber optic,No,No,No,No,Yes,Yes,One year,Yes,Electronic check,93.98,1398.12,No
CUST-12439,Male,0,Yes,Yes,16,No,No internet service,No internet service,No internet service,No internet service,No internet service,No internet service,Month-to-month,No,Electronic check,18.5,276.9,No
CUST-12440,Male,0,No,No,2,Fiber optic,Yes,No,No,No,No,No,Month-to-month,No,Bank transfer (automatic),75.29,159.5,No
CUST-12441,Female,0,No,No,30,DSL,Yes,Yes,No,No,No,Yes,Month-to-month,Yes,Bank transfer (automatic),71.64,2131.71,No
CUST-12442,Female,0,No,Yes,30,Fiber optic,No,Yes,Yes,No,Yes,No,One year,Yes,Bank transfer (automatic),90.88,2714.08,No
CUST-12443,Female,0,No,Yes,31,Fiber optic,Yes,No,Yes,Yes,No,Yes,Month-to-month,Yes,Credit card (automatic),103.06,3181.33,Yes
CUST-12444,Female,0,No,No,20,DSL,Yes,No,No,Yes,Yes,No,One year,Yes,Electronic check,72.06,1450.45,No
CUST-12445,Male,0,Yes,No,49,DSL,No,No,Yes,No,Yes,Yes,Month-to-month,Yes,Credit card (automatic),75.22,3687.26,No
CUST-12446,Male,1,Yes,No,35,Fiber optic,Yes,Yes,No,Yes,No,No,One year,Yes,Credit card (automatic),93.93,3250.17,Yes
CUST-12447,Male,0,No,No,23,Fiber optic,Yes,No,No,No,Yes,Yes,Month-to-month,No,Mailed check,92.47,2132.52,Yes
CUST-12448,Female,1,Yes,No,61,DSL,Yes,No,Yes,No,Yes,Yes,Month-to-month,Yes,Electronic check,84.34,5128.24,No
CUST-12449,Male,0,Yes,No,55,Fiber optic,No,Yes,No,No,No,No,One year,No,Bank transfer (automatic),74.3,4117.25,No
CUST-12450,Male,0,No,No,67,No,No internet service,No internet service,No internet service,No internet service,No internet service,No internet service,One year,Yes,Electronic check,18.5,1198.1,No
CUST-12451,Female,0,Yes,No,8,No,No internet service,No internet service,No internet service,No internet service,No internet service,No internet service,Month-to-month,Yes,Credit card (automatic),19.01,159.6,No
CUST-12452,Female,0,No,No,40,Fiber optic,No,No,No,Yes,Yes,Yes,Two year,Yes,Electronic check,105.07,4218.36,No
CUST-12453,Male,1,No,Yes,59,Fiber optic,Yes,Yes,No,No,Yes,Yes,Month-to-month,Yes,Mailed check,96.67,5679.39,No
CUST-12454,Male,1,Yes,Yes,32,No,No internet service,No internet service,No internet service,No internet service,No internet service,No internet service,Month-to-month,Yes,Mailed check,18.5,586.43,No
CUST-12455,Male,1,No,No,7,No,No internet service,No internet service,No internet service,No internet service,No internet service,No internet service,Month-to-month,Yes,Electronic check,23.69,167.74,No
CUST-12456,Male,0,Yes,No,2,No,No internet service,No internet service,No internet service,No internet service,No internet service,No internet service,Month-to-month,No,Mailed check,18.5,33.99,No
CUST-12457,Male,0,Yes,No,6,DSL,No,No,Yes,Yes,Yes,No,Month-to-month,Yes,Electronic check,73.19,448.89,Yes
CUST-12458,Male,0,Yes,Yes,36,DSL,Yes,No,Yes,Yes,Yes,No,Month-to-month,Yes,Mailed check,80.4,2897.55,Yes
CUST-12459,Female,1,Yes,No,32,No,No internet service,No internet service,No internet service,No internet service,No internet service,No internet service,One year,No,Credit card (automatic),19.33,634.29,No
CUST-12460,Female,0,Yes,No,45,No,No internet service,No internet service,No internet service,No internet service,No internet service,No internet service,Month-to-month,No,Electronic check,21.53,975.45,No
CUST-12461,Female,0,Yes,Yes,42,Fiber optic,No,No,Yes,Yes,No,Yes,One year,No,Bank transfer (automatic),94.21,3959.01,No
CUST-12462,Male,0,Yes,No,53,No,No internet service,No internet service,No internet service,No internet service,No internet service,No internet service,Month-to-month,Yes,Electronic check,20.02,1055.53,No
CUST-12463,Female,0,Yes,No,9,Fiber optic,Yes,Yes,Yes,Yes,Yes,Yes,Month-to-month,Yes,Bank transfer (automatic),115.61,1045.44,Yes
CUST-12464,Male,1,No,No,49,Fiber optic,No,No,Yes,No,Yes,No,Month-to-month,Yes,Credit card (automatic),84.55,4177.92,Yes
CUST-12465,Male,0,No,No,2,Fiber optic,No,No,No,Yes,Yes,No,One year,Yes,Electronic check,82.45,163.17,No
CUST-12466,Female,0,Yes,No,67,Fiber optic,No,Yes,Yes,Yes,No,Yes,One year,Yes,Credit card (automatic),106.77,7128.12,Yes
CUST-12467,Male,0,Yes,No,11,Fiber optic,Yes,No,Yes,No,No,Yes,Two year,Yes,Mailed check,89.51,1006.53,No
CUST-12468,Male,0,Yes,No,50,No,No internet service,No internet service,No internet service,No internet service,No internet service,No internet service,Month-to-month,No,Electronic check,18.5,966.51,No
CUST-12469,Female,0,Yes,No,35,Fiber optic,No,Yes,Yes,Yes,No,No,One year,No,Credit card (automatic),91.6,3217.55,No
CUST-12470,Female,0,No,No,15,No,No internet service,No internet service,No internet service,No internet service,No internet service,No internet service,One year,Yes,Electronic check,18.5,316.8,No
CUST-12471,Female,0,No,No,31,No,No internet service,No internet service,No internet service,No internet service,No internet service,No internet service,Month-to-month,Yes,Electronic check,22.75,708.11,No
CUST-12472,Male,1,Yes,Yes,62,DSL,No,No,Yes,No,No,Yes,Month-to-month,Yes,Bank transfer (automatic),67.76,4260.1,No
CUST-12473,Female,0,Yes,No,28,DSL,No,No,No,Yes,No,Yes,Month-to-month,Yes,Credit card (automatic),67.19,1851.95,No
CUST-12474,Female,0,Yes,No,25,Fiber optic,No,Yes,No,Yes,No,Yes,One year,Yes,Bank transfer (automatic),92.5,2309.49,Yes
CUST-12475,Male,1,No,No,25,DSL,No,No,No,Yes,Yes,Yes,Month-to-month,No,Electronic check,74.4,1871.98,No
CUST-12476,Female,0,Yes,No,1,Fiber optic,No,No,No,Yes,Yes,No,One year,Yes,Credit card (automatic),88.94,88.94,Yes
CUST-12477,Female,0,No,Yes,59,DSL,Yes,Yes,Yes,Yes,Yes,No,Month-to-month,Yes,Bank transfer (automatic),86.41,5121.85,No
CUST-12478,Female,0,No,No,69,Fiber optic,Yes,No,No,No,Yes,Yes,Month-to-month,Yes,Credit card (automatic),93.06,6432.08,Yes
CUST-12479,Male,0,Yes,Yes,42,DSL,Yes,No,No,No,Yes,Yes,Month-to-month,No,Electronic check,76.57,3211.63,Yes
CUST-12480,Male,0,No,Yes,34,DSL,No,Yes,Yes,No,Yes,No,One year,No,Bank transfer (automatic),77.74,2651.76,No
CUST-12481,Male,1,No,No,66,DSL,Yes,Yes,No,Yes,No,No,Month-to-month,No,Credit card (automatic),69.04,4560.62,No
CUST-12482,Male,0,No,Yes,18,No,No internet service,No internet service,No internet service,No internet service,No internet service,No internet service,Month-to-month,Yes,Mailed check,19.26,359.67,No
CUST-12483,Female,0,Yes,No,5,Fiber optic,No,No,Yes,No,No,Yes,One year,Yes,Credit card (automatic),84.12,415.94,Yes
CUST-12484,Male,0,Yes,No,20,No,No internet service,No internet service,No internet service,No internet service,No internet service,No internet service,Month-to-month,Yes,Electronic check,19.52,346.19,No
CUST-12485,Male,0,No,No,66,No,No internet service,No internet service,No internet service,No internet service,No internet service,No internet service,Month-to-month,Yes,Electronic check,18.74,1254.12,No
CUST-12486,Female,0,No,No,62,No,No internet service,No internet service,No internet service,No internet service,No internet service,No internet service,Month-to-month,No,Credit card (automatic),18.5,1145.7,No
CUST-12487,Female,0,No,Yes,32,Fiber optic,Yes,Yes,No,No,Yes,Yes,Month-to-month,Yes,Credit card (automatic),102.35,3259.48,No
CUST-12488,Female,0,No,Yes,58,Fiber optic,Yes,No,No,No,Yes,Yes,Month-to-month,Yes,Electronic check,95.82,5550.06,No
CUST-12489,Male,0,No,No,50,DSL,Yes,Yes,No,Yes,Yes,No,Month-to-month,Yes,Electronic check,79.23,3957.57,No
CUST-12490,Male,1,No,No,38,DSL,No,No,No,Yes,Yes,No,Month-to-month,Yes,Bank transfer (automatic),66.91,2512.84,No
CUST-12491,Male,0,Yes,No,55,No,No internet service,No internet service,No internet service,No internet service,No internet service,No internet service,Month-to-month,Yes,Credit card (automatic),22.76,1234.04,No
CUST-12492,Female,0,No,No,28,DSL,Yes,Yes,No,No,Yes,Yes,Two year,Yes,Bank transfer (automatic),75.75,2118.7,No
CUST-12493,Female,0,No,Yes,22,No,No internet service,No internet service,No internet service,No internet service,No internet service,No internet service,Month-to-month,Yes,Bank transfer (automatic),18.5,403.6,No
CUST-12494,Male,0,No,No,43,Fiber optic,No,Yes,Yes,No,Yes,Yes,Month-to-month,Yes,Bank transfer (automatic),103.68,4439.57,No
CUST-12495,Female,0,No,No,36,Fiber optic,No,No,No,No,Yes,No,Month-to-month,No,Electronic check,83.79,2990.67,Yes
CUST-12496,Female,0,Yes,Yes,52,DSL,No,No,Yes,No,No,No,Month-to-month,Yes,Credit card (automatic),57.36,2965.66,No
CUST-12497,Female,0,No,Yes,36,Fiber optic,Yes,No,No,Yes,No,No,Two year,Yes,Mailed check,83.38,3007.61,No
CUST-12498,Male,0,No,Yes,28,Fiber optic,No,No,No,No,No,No,One year,Yes,Bank transfer (automatic),66.86,1859.15,No
CUST-12499,Female,1,Yes,Yes,58,Fiber optic,Yes,Yes,Yes,No,No,No,Month-to-month,No,Mailed check,81.57,4748.5,No
